2025-09-09 23:37:37,165 [INFO] Fetching trades for ORCL
2025-09-09 23:37:37,166 [ERROR] Error processing symbol ORCL: POLYGON_API_KEY not set in environment
Traceback (most recent call last):
  File "/Users/saireddykasthuri/options-monitor/options-flow-monitor-e2e.py", line 344, in monitor_once
    df = fetch_trades(s, provider=PROVIDER, limit=2000)
  File "/Users/saireddykasthuri/options-monitor/options-flow-monitor-e2e.py", line 155, in fetch_trades
    return fetch_options_trades_polygon(symbol, limit=limit)
  File "/Users/saireddykasthuri/options-monitor/options-flow-monitor-e2e.py", line 88, in fetch_options_trades_polygon
    raise RuntimeError('POLYGON_API_KEY not set in environment')
RuntimeError: POLYGON_API_KEY not set in environment
2025-09-09 23:37:37,166 [INFO] Fetching trades for NBIS
2025-09-09 23:37:37,166 [ERROR] Error processing symbol NBIS: POLYGON_API_KEY not set in environment
Traceback (most recent call last):
  File "/Users/saireddykasthuri/options-monitor/options-flow-monitor-e2e.py", line 344, in monitor_once
    df = fetch_trades(s, provider=PROVIDER, limit=2000)
  File "/Users/saireddykasthuri/options-monitor/options-flow-monitor-e2e.py", line 155, in fetch_trades
    return fetch_options_trades_polygon(symbol, limit=limit)
  File "/Users/saireddykasthuri/options-monitor/options-flow-monitor-e2e.py", line 88, in fetch_options_trades_polygon
    raise RuntimeError('POLYGON_API_KEY not set in environment')
RuntimeError: POLYGON_API_KEY not set in environment
2025-09-09 23:44:45,819 [INFO] Fetching trades for ORCL
2025-09-09 23:44:45,819 [ERROR] Error processing symbol ORCL: POLYGON_API_KEY not set in environment
Traceback (most recent call last):
  File "/Users/saireddykasthuri/options-monitor/options-flow-monitor-e2e.py", line 344, in monitor_once
    df = fetch_trades(s, provider=PROVIDER, limit=2000)
  File "/Users/saireddykasthuri/options-monitor/options-flow-monitor-e2e.py", line 155, in fetch_trades
    return fetch_options_trades_polygon(symbol, limit=limit)
  File "/Users/saireddykasthuri/options-monitor/options-flow-monitor-e2e.py", line 88, in fetch_options_trades_polygon
    raise RuntimeError('POLYGON_API_KEY not set in environment')
RuntimeError: POLYGON_API_KEY not set in environment
2025-09-09 23:44:45,820 [INFO] Fetching trades for NBIS
2025-09-09 23:44:45,820 [ERROR] Error processing symbol NBIS: POLYGON_API_KEY not set in environment
Traceback (most recent call last):
  File "/Users/saireddykasthuri/options-monitor/options-flow-monitor-e2e.py", line 344, in monitor_once
    df = fetch_trades(s, provider=PROVIDER, limit=2000)
  File "/Users/saireddykasthuri/options-monitor/options-flow-monitor-e2e.py", line 155, in fetch_trades
    return fetch_options_trades_polygon(symbol, limit=limit)
  File "/Users/saireddykasthuri/options-monitor/options-flow-monitor-e2e.py", line 88, in fetch_options_trades_polygon
    raise RuntimeError('POLYGON_API_KEY not set in environment')
RuntimeError: POLYGON_API_KEY not set in environment
2025-09-09 23:48:06,982 [INFO] Fetching trades for ORCL
2025-09-09 23:48:07,080 [ERROR] Error processing symbol ORCL: 404 Client Error: Not Found for url: https://api.polygon.io/v3/trades/options/ORCL?limit=2000&apiKey=your_polygon_api_key_here
Traceback (most recent call last):
  File "/Users/saireddykasthuri/options-monitor/options-flow-monitor-e2e.py", line 344, in monitor_once
    df = fetch_trades(s, provider=PROVIDER, limit=2000)
  File "/Users/saireddykasthuri/options-monitor/options-flow-monitor-e2e.py", line 155, in fetch_trades
    return fetch_options_trades_polygon(symbol, limit=limit)
  File "/Users/saireddykasthuri/options-monitor/options-flow-monitor-e2e.py", line 97, in fetch_options_trades_polygon
    r.raise_for_status()
    ~~~~~~~~~~~~~~~~~~^^
  File "/Users/saireddykasthuri/options-monitor/venv/lib/python3.13/site-packages/requests/models.py", line 1026, in raise_for_status
    raise HTTPError(http_error_msg, response=self)
requests.exceptions.HTTPError: 404 Client Error: Not Found for url: https://api.polygon.io/v3/trades/options/ORCL?limit=2000&apiKey=your_polygon_api_key_here
2025-09-09 23:48:07,081 [INFO] Fetching trades for NBIS
2025-09-09 23:48:07,149 [ERROR] Error processing symbol NBIS: 404 Client Error: Not Found for url: https://api.polygon.io/v3/trades/options/NBIS?limit=2000&apiKey=your_polygon_api_key_here
Traceback (most recent call last):
  File "/Users/saireddykasthuri/options-monitor/options-flow-monitor-e2e.py", line 344, in monitor_once
    df = fetch_trades(s, provider=PROVIDER, limit=2000)
  File "/Users/saireddykasthuri/options-monitor/options-flow-monitor-e2e.py", line 155, in fetch_trades
    return fetch_options_trades_polygon(symbol, limit=limit)
  File "/Users/saireddykasthuri/options-monitor/options-flow-monitor-e2e.py", line 97, in fetch_options_trades_polygon
    r.raise_for_status()
    ~~~~~~~~~~~~~~~~~~^^
  File "/Users/saireddykasthuri/options-monitor/venv/lib/python3.13/site-packages/requests/models.py", line 1026, in raise_for_status
    raise HTTPError(http_error_msg, response=self)
requests.exceptions.HTTPError: 404 Client Error: Not Found for url: https://api.polygon.io/v3/trades/options/NBIS?limit=2000&apiKey=your_polygon_api_key_here
2025-09-09 23:48:07,150 [INFO] Fetching trades for AAPL
2025-09-09 23:48:07,218 [ERROR] Error processing symbol AAPL: 404 Client Error: Not Found for url: https://api.polygon.io/v3/trades/options/AAPL?limit=2000&apiKey=your_polygon_api_key_here
Traceback (most recent call last):
  File "/Users/saireddykasthuri/options-monitor/options-flow-monitor-e2e.py", line 344, in monitor_once
    df = fetch_trades(s, provider=PROVIDER, limit=2000)
  File "/Users/saireddykasthuri/options-monitor/options-flow-monitor-e2e.py", line 155, in fetch_trades
    return fetch_options_trades_polygon(symbol, limit=limit)
  File "/Users/saireddykasthuri/options-monitor/options-flow-monitor-e2e.py", line 97, in fetch_options_trades_polygon
    r.raise_for_status()
    ~~~~~~~~~~~~~~~~~~^^
  File "/Users/saireddykasthuri/options-monitor/venv/lib/python3.13/site-packages/requests/models.py", line 1026, in raise_for_status
    raise HTTPError(http_error_msg, response=self)
requests.exceptions.HTTPError: 404 Client Error: Not Found for url: https://api.polygon.io/v3/trades/options/AAPL?limit=2000&apiKey=your_polygon_api_key_here
2025-09-09 23:48:07,219 [INFO] Fetching trades for TSLA
2025-09-09 23:48:07,287 [ERROR] Error processing symbol TSLA: 404 Client Error: Not Found for url: https://api.polygon.io/v3/trades/options/TSLA?limit=2000&apiKey=your_polygon_api_key_here
Traceback (most recent call last):
  File "/Users/saireddykasthuri/options-monitor/options-flow-monitor-e2e.py", line 344, in monitor_once
    df = fetch_trades(s, provider=PROVIDER, limit=2000)
  File "/Users/saireddykasthuri/options-monitor/options-flow-monitor-e2e.py", line 155, in fetch_trades
    return fetch_options_trades_polygon(symbol, limit=limit)
  File "/Users/saireddykasthuri/options-monitor/options-flow-monitor-e2e.py", line 97, in fetch_options_trades_polygon
    r.raise_for_status()
    ~~~~~~~~~~~~~~~~~~^^
  File "/Users/saireddykasthuri/options-monitor/venv/lib/python3.13/site-packages/requests/models.py", line 1026, in raise_for_status
    raise HTTPError(http_error_msg, response=self)
requests.exceptions.HTTPError: 404 Client Error: Not Found for url: https://api.polygon.io/v3/trades/options/TSLA?limit=2000&apiKey=your_polygon_api_key_here
2025-09-09 23:54:28,906 [INFO] Fetching trades for ORCL
2025-09-09 23:54:29,000 [ERROR] Error processing symbol ORCL: 404 Client Error: Not Found for url: https://api.polygon.io/v3/trades/options/ORCL?limit=2000&apiKey=yBvjEbOtJIKJghRd76ZFAHPX8VbkeeAq
Traceback (most recent call last):
  File "/Users/saireddykasthuri/options-monitor/options-flow-monitor-e2e.py", line 344, in monitor_once
    df = fetch_trades(s, provider=PROVIDER, limit=2000)
  File "/Users/saireddykasthuri/options-monitor/options-flow-monitor-e2e.py", line 155, in fetch_trades
    return fetch_options_trades_polygon(symbol, limit=limit)
  File "/Users/saireddykasthuri/options-monitor/options-flow-monitor-e2e.py", line 97, in fetch_options_trades_polygon
    r.raise_for_status()
    ~~~~~~~~~~~~~~~~~~^^
  File "/Users/saireddykasthuri/options-monitor/venv/lib/python3.13/site-packages/requests/models.py", line 1026, in raise_for_status
    raise HTTPError(http_error_msg, response=self)
requests.exceptions.HTTPError: 404 Client Error: Not Found for url: https://api.polygon.io/v3/trades/options/ORCL?limit=2000&apiKey=yBvjEbOtJIKJghRd76ZFAHPX8VbkeeAq
2025-09-09 23:54:29,002 [INFO] Fetching trades for NBIS
2025-09-09 23:54:29,079 [ERROR] Error processing symbol NBIS: 404 Client Error: Not Found for url: https://api.polygon.io/v3/trades/options/NBIS?limit=2000&apiKey=yBvjEbOtJIKJghRd76ZFAHPX8VbkeeAq
Traceback (most recent call last):
  File "/Users/saireddykasthuri/options-monitor/options-flow-monitor-e2e.py", line 344, in monitor_once
    df = fetch_trades(s, provider=PROVIDER, limit=2000)
  File "/Users/saireddykasthuri/options-monitor/options-flow-monitor-e2e.py", line 155, in fetch_trades
    return fetch_options_trades_polygon(symbol, limit=limit)
  File "/Users/saireddykasthuri/options-monitor/options-flow-monitor-e2e.py", line 97, in fetch_options_trades_polygon
    r.raise_for_status()
    ~~~~~~~~~~~~~~~~~~^^
  File "/Users/saireddykasthuri/options-monitor/venv/lib/python3.13/site-packages/requests/models.py", line 1026, in raise_for_status
    raise HTTPError(http_error_msg, response=self)
requests.exceptions.HTTPError: 404 Client Error: Not Found for url: https://api.polygon.io/v3/trades/options/NBIS?limit=2000&apiKey=yBvjEbOtJIKJghRd76ZFAHPX8VbkeeAq
2025-09-09 23:54:29,080 [INFO] Fetching trades for AAPL
2025-09-09 23:54:29,150 [ERROR] Error processing symbol AAPL: 404 Client Error: Not Found for url: https://api.polygon.io/v3/trades/options/AAPL?limit=2000&apiKey=yBvjEbOtJIKJghRd76ZFAHPX8VbkeeAq
Traceback (most recent call last):
  File "/Users/saireddykasthuri/options-monitor/options-flow-monitor-e2e.py", line 344, in monitor_once
    df = fetch_trades(s, provider=PROVIDER, limit=2000)
  File "/Users/saireddykasthuri/options-monitor/options-flow-monitor-e2e.py", line 155, in fetch_trades
    return fetch_options_trades_polygon(symbol, limit=limit)
  File "/Users/saireddykasthuri/options-monitor/options-flow-monitor-e2e.py", line 97, in fetch_options_trades_polygon
    r.raise_for_status()
    ~~~~~~~~~~~~~~~~~~^^
  File "/Users/saireddykasthuri/options-monitor/venv/lib/python3.13/site-packages/requests/models.py", line 1026, in raise_for_status
    raise HTTPError(http_error_msg, response=self)
requests.exceptions.HTTPError: 404 Client Error: Not Found for url: https://api.polygon.io/v3/trades/options/AAPL?limit=2000&apiKey=yBvjEbOtJIKJghRd76ZFAHPX8VbkeeAq
2025-09-09 23:54:29,151 [INFO] Fetching trades for TSLA
2025-09-09 23:54:29,231 [ERROR] Error processing symbol TSLA: 404 Client Error: Not Found for url: https://api.polygon.io/v3/trades/options/TSLA?limit=2000&apiKey=yBvjEbOtJIKJghRd76ZFAHPX8VbkeeAq
Traceback (most recent call last):
  File "/Users/saireddykasthuri/options-monitor/options-flow-monitor-e2e.py", line 344, in monitor_once
    df = fetch_trades(s, provider=PROVIDER, limit=2000)
  File "/Users/saireddykasthuri/options-monitor/options-flow-monitor-e2e.py", line 155, in fetch_trades
    return fetch_options_trades_polygon(symbol, limit=limit)
  File "/Users/saireddykasthuri/options-monitor/options-flow-monitor-e2e.py", line 97, in fetch_options_trades_polygon
    r.raise_for_status()
    ~~~~~~~~~~~~~~~~~~^^
  File "/Users/saireddykasthuri/options-monitor/venv/lib/python3.13/site-packages/requests/models.py", line 1026, in raise_for_status
    raise HTTPError(http_error_msg, response=self)
requests.exceptions.HTTPError: 404 Client Error: Not Found for url: https://api.polygon.io/v3/trades/options/TSLA?limit=2000&apiKey=yBvjEbOtJIKJghRd76ZFAHPX8VbkeeAq
2025-09-09 23:57:35,460 [INFO] Fetching trades for ORCL
2025-09-09 23:57:35,613 [ERROR] Error processing symbol ORCL: 404 Client Error: Not Found for url: https://api.polygon.io/v3/trades/options/ORCL?limit=2000&apiKey=yBvjEbOtJIKJghRd76ZFAHPX8VbkeeAq
Traceback (most recent call last):
  File "/Users/saireddykasthuri/options-monitor/options-flow-monitor-e2e.py", line 344, in monitor_once
    df = fetch_trades(s, provider=PROVIDER, limit=2000)
  File "/Users/saireddykasthuri/options-monitor/options-flow-monitor-e2e.py", line 155, in fetch_trades
    return fetch_options_trades_polygon(symbol, limit=limit)
  File "/Users/saireddykasthuri/options-monitor/options-flow-monitor-e2e.py", line 97, in fetch_options_trades_polygon
    r.raise_for_status()
    ~~~~~~~~~~~~~~~~~~^^
  File "/Users/saireddykasthuri/options-monitor/venv/lib/python3.13/site-packages/requests/models.py", line 1026, in raise_for_status
    raise HTTPError(http_error_msg, response=self)
requests.exceptions.HTTPError: 404 Client Error: Not Found for url: https://api.polygon.io/v3/trades/options/ORCL?limit=2000&apiKey=yBvjEbOtJIKJghRd76ZFAHPX8VbkeeAq
2025-09-09 23:57:35,615 [INFO] Fetching trades for NBIS
2025-09-09 23:57:35,682 [ERROR] Error processing symbol NBIS: 404 Client Error: Not Found for url: https://api.polygon.io/v3/trades/options/NBIS?limit=2000&apiKey=yBvjEbOtJIKJghRd76ZFAHPX8VbkeeAq
Traceback (most recent call last):
  File "/Users/saireddykasthuri/options-monitor/options-flow-monitor-e2e.py", line 344, in monitor_once
    df = fetch_trades(s, provider=PROVIDER, limit=2000)
  File "/Users/saireddykasthuri/options-monitor/options-flow-monitor-e2e.py", line 155, in fetch_trades
    return fetch_options_trades_polygon(symbol, limit=limit)
  File "/Users/saireddykasthuri/options-monitor/options-flow-monitor-e2e.py", line 97, in fetch_options_trades_polygon
    r.raise_for_status()
    ~~~~~~~~~~~~~~~~~~^^
  File "/Users/saireddykasthuri/options-monitor/venv/lib/python3.13/site-packages/requests/models.py", line 1026, in raise_for_status
    raise HTTPError(http_error_msg, response=self)
requests.exceptions.HTTPError: 404 Client Error: Not Found for url: https://api.polygon.io/v3/trades/options/NBIS?limit=2000&apiKey=yBvjEbOtJIKJghRd76ZFAHPX8VbkeeAq
2025-09-09 23:57:35,684 [INFO] Fetching trades for AAPL
2025-09-09 23:57:35,761 [ERROR] Error processing symbol AAPL: 404 Client Error: Not Found for url: https://api.polygon.io/v3/trades/options/AAPL?limit=2000&apiKey=yBvjEbOtJIKJghRd76ZFAHPX8VbkeeAq
Traceback (most recent call last):
  File "/Users/saireddykasthuri/options-monitor/options-flow-monitor-e2e.py", line 344, in monitor_once
    df = fetch_trades(s, provider=PROVIDER, limit=2000)
  File "/Users/saireddykasthuri/options-monitor/options-flow-monitor-e2e.py", line 155, in fetch_trades
    return fetch_options_trades_polygon(symbol, limit=limit)
  File "/Users/saireddykasthuri/options-monitor/options-flow-monitor-e2e.py", line 97, in fetch_options_trades_polygon
    r.raise_for_status()
    ~~~~~~~~~~~~~~~~~~^^
  File "/Users/saireddykasthuri/options-monitor/venv/lib/python3.13/site-packages/requests/models.py", line 1026, in raise_for_status
    raise HTTPError(http_error_msg, response=self)
requests.exceptions.HTTPError: 404 Client Error: Not Found for url: https://api.polygon.io/v3/trades/options/AAPL?limit=2000&apiKey=yBvjEbOtJIKJghRd76ZFAHPX8VbkeeAq
2025-09-09 23:57:35,763 [INFO] Fetching trades for TSLA
2025-09-09 23:57:35,831 [ERROR] Error processing symbol TSLA: 404 Client Error: Not Found for url: https://api.polygon.io/v3/trades/options/TSLA?limit=2000&apiKey=yBvjEbOtJIKJghRd76ZFAHPX8VbkeeAq
Traceback (most recent call last):
  File "/Users/saireddykasthuri/options-monitor/options-flow-monitor-e2e.py", line 344, in monitor_once
    df = fetch_trades(s, provider=PROVIDER, limit=2000)
  File "/Users/saireddykasthuri/options-monitor/options-flow-monitor-e2e.py", line 155, in fetch_trades
    return fetch_options_trades_polygon(symbol, limit=limit)
  File "/Users/saireddykasthuri/options-monitor/options-flow-monitor-e2e.py", line 97, in fetch_options_trades_polygon
    r.raise_for_status()
    ~~~~~~~~~~~~~~~~~~^^
  File "/Users/saireddykasthuri/options-monitor/venv/lib/python3.13/site-packages/requests/models.py", line 1026, in raise_for_status
    raise HTTPError(http_error_msg, response=self)
requests.exceptions.HTTPError: 404 Client Error: Not Found for url: https://api.polygon.io/v3/trades/options/TSLA?limit=2000&apiKey=yBvjEbOtJIKJghRd76ZFAHPX8VbkeeAq
2025-09-09 23:58:28,756 [INFO] Adding job tentatively -- it will be properly scheduled when the scheduler starts
2025-09-09 23:58:28,756 [INFO] Added job "main.<locals>.<lambda>" to job store "default"
2025-09-09 23:58:28,756 [INFO] Scheduler started
2025-09-09 23:58:28,756 [INFO] Scheduler started: polling every 15 minutes for symbols: ['ORCL', 'NBIS', 'AAPL', 'TSLA']
2025-09-09 23:58:28,756 [INFO] Running job "main.<locals>.<lambda> (trigger: interval[0:15:00], next run at: 2025-09-10 00:13:28 EDT)" (scheduled at 2025-09-09 23:58:28.755769-04:00)
2025-09-09 23:58:28,757 [INFO] Fetching trades for ORCL
2025-09-09 23:58:28,834 [ERROR] Error processing symbol ORCL: 404 Client Error: Not Found for url: https://api.polygon.io/v3/trades/options/ORCL?limit=2000&apiKey=yBvjEbOtJIKJghRd76ZFAHPX8VbkeeAq
Traceback (most recent call last):
  File "/Users/saireddykasthuri/options-monitor/options-flow-monitor-e2e.py", line 344, in monitor_once
    df = fetch_trades(s, provider=PROVIDER, limit=2000)
  File "/Users/saireddykasthuri/options-monitor/options-flow-monitor-e2e.py", line 155, in fetch_trades
    return fetch_options_trades_polygon(symbol, limit=limit)
  File "/Users/saireddykasthuri/options-monitor/options-flow-monitor-e2e.py", line 97, in fetch_options_trades_polygon
    r.raise_for_status()
    ~~~~~~~~~~~~~~~~~~^^
  File "/Users/saireddykasthuri/options-monitor/venv/lib/python3.13/site-packages/requests/models.py", line 1026, in raise_for_status
    raise HTTPError(http_error_msg, response=self)
requests.exceptions.HTTPError: 404 Client Error: Not Found for url: https://api.polygon.io/v3/trades/options/ORCL?limit=2000&apiKey=yBvjEbOtJIKJghRd76ZFAHPX8VbkeeAq
2025-09-09 23:58:28,835 [INFO] Fetching trades for NBIS
2025-09-09 23:58:28,908 [ERROR] Error processing symbol NBIS: 404 Client Error: Not Found for url: https://api.polygon.io/v3/trades/options/NBIS?limit=2000&apiKey=yBvjEbOtJIKJghRd76ZFAHPX8VbkeeAq
Traceback (most recent call last):
  File "/Users/saireddykasthuri/options-monitor/options-flow-monitor-e2e.py", line 344, in monitor_once
    df = fetch_trades(s, provider=PROVIDER, limit=2000)
  File "/Users/saireddykasthuri/options-monitor/options-flow-monitor-e2e.py", line 155, in fetch_trades
    return fetch_options_trades_polygon(symbol, limit=limit)
  File "/Users/saireddykasthuri/options-monitor/options-flow-monitor-e2e.py", line 97, in fetch_options_trades_polygon
    r.raise_for_status()
    ~~~~~~~~~~~~~~~~~~^^
  File "/Users/saireddykasthuri/options-monitor/venv/lib/python3.13/site-packages/requests/models.py", line 1026, in raise_for_status
    raise HTTPError(http_error_msg, response=self)
requests.exceptions.HTTPError: 404 Client Error: Not Found for url: https://api.polygon.io/v3/trades/options/NBIS?limit=2000&apiKey=yBvjEbOtJIKJghRd76ZFAHPX8VbkeeAq
2025-09-09 23:58:28,909 [INFO] Fetching trades for AAPL
2025-09-09 23:58:28,974 [ERROR] Error processing symbol AAPL: 404 Client Error: Not Found for url: https://api.polygon.io/v3/trades/options/AAPL?limit=2000&apiKey=yBvjEbOtJIKJghRd76ZFAHPX8VbkeeAq
Traceback (most recent call last):
  File "/Users/saireddykasthuri/options-monitor/options-flow-monitor-e2e.py", line 344, in monitor_once
    df = fetch_trades(s, provider=PROVIDER, limit=2000)
  File "/Users/saireddykasthuri/options-monitor/options-flow-monitor-e2e.py", line 155, in fetch_trades
    return fetch_options_trades_polygon(symbol, limit=limit)
  File "/Users/saireddykasthuri/options-monitor/options-flow-monitor-e2e.py", line 97, in fetch_options_trades_polygon
    r.raise_for_status()
    ~~~~~~~~~~~~~~~~~~^^
  File "/Users/saireddykasthuri/options-monitor/venv/lib/python3.13/site-packages/requests/models.py", line 1026, in raise_for_status
    raise HTTPError(http_error_msg, response=self)
requests.exceptions.HTTPError: 404 Client Error: Not Found for url: https://api.polygon.io/v3/trades/options/AAPL?limit=2000&apiKey=yBvjEbOtJIKJghRd76ZFAHPX8VbkeeAq
2025-09-09 23:58:28,976 [INFO] Fetching trades for TSLA
2025-09-09 23:58:29,054 [ERROR] Error processing symbol TSLA: 404 Client Error: Not Found for url: https://api.polygon.io/v3/trades/options/TSLA?limit=2000&apiKey=yBvjEbOtJIKJghRd76ZFAHPX8VbkeeAq
Traceback (most recent call last):
  File "/Users/saireddykasthuri/options-monitor/options-flow-monitor-e2e.py", line 344, in monitor_once
    df = fetch_trades(s, provider=PROVIDER, limit=2000)
  File "/Users/saireddykasthuri/options-monitor/options-flow-monitor-e2e.py", line 155, in fetch_trades
    return fetch_options_trades_polygon(symbol, limit=limit)
  File "/Users/saireddykasthuri/options-monitor/options-flow-monitor-e2e.py", line 97, in fetch_options_trades_polygon
    r.raise_for_status()
    ~~~~~~~~~~~~~~~~~~^^
  File "/Users/saireddykasthuri/options-monitor/venv/lib/python3.13/site-packages/requests/models.py", line 1026, in raise_for_status
    raise HTTPError(http_error_msg, response=self)
requests.exceptions.HTTPError: 404 Client Error: Not Found for url: https://api.polygon.io/v3/trades/options/TSLA?limit=2000&apiKey=yBvjEbOtJIKJghRd76ZFAHPX8VbkeeAq
2025-09-09 23:58:29,055 [INFO] Job "main.<locals>.<lambda> (trigger: interval[0:15:00], next run at: 2025-09-10 00:13:28 EDT)" executed successfully
2025-09-10 00:11:19,370 [INFO] Adding job tentatively -- it will be properly scheduled when the scheduler starts
2025-09-10 00:11:19,371 [INFO] Added job "main.<locals>.<lambda>" to job store "default"
2025-09-10 00:11:19,371 [INFO] Scheduler started
2025-09-10 00:11:19,371 [INFO] Scheduler started: polling every 15 minutes for symbols: ['ORCL', 'NBIS', 'AAPL', 'TSLA']
2025-09-10 00:11:19,371 [INFO] Running job "main.<locals>.<lambda> (trigger: interval[0:15:00], next run at: 2025-09-10 00:26:19 EDT)" (scheduled at 2025-09-10 00:11:19.370250-04:00)
2025-09-10 00:11:19,371 [INFO] Fetching trades for ORCL
2025-09-10 00:11:19,469 [ERROR] Error processing symbol ORCL: 404 Client Error: Not Found for url: https://api.polygon.io/v3/trades/options/ORCL?limit=2000&apiKey=yBvjEbOtJIKJghRd76ZFAHPX8VbkeeAq
Traceback (most recent call last):
  File "/Users/saireddykasthuri/options-monitor/options-flow-monitor-e2e.py", line 344, in monitor_once
    df = fetch_trades(s, provider=PROVIDER, limit=2000)
  File "/Users/saireddykasthuri/options-monitor/options-flow-monitor-e2e.py", line 155, in fetch_trades
    return fetch_options_trades_polygon(symbol, limit=limit)
  File "/Users/saireddykasthuri/options-monitor/options-flow-monitor-e2e.py", line 97, in fetch_options_trades_polygon
    r.raise_for_status()
    ~~~~~~~~~~~~~~~~~~^^
  File "/Users/saireddykasthuri/options-monitor/venv/lib/python3.13/site-packages/requests/models.py", line 1026, in raise_for_status
    raise HTTPError(http_error_msg, response=self)
requests.exceptions.HTTPError: 404 Client Error: Not Found for url: https://api.polygon.io/v3/trades/options/ORCL?limit=2000&apiKey=yBvjEbOtJIKJghRd76ZFAHPX8VbkeeAq
2025-09-10 00:11:19,470 [INFO] Fetching trades for NBIS
2025-09-10 00:11:19,530 [ERROR] Error processing symbol NBIS: 404 Client Error: Not Found for url: https://api.polygon.io/v3/trades/options/NBIS?limit=2000&apiKey=yBvjEbOtJIKJghRd76ZFAHPX8VbkeeAq
Traceback (most recent call last):
  File "/Users/saireddykasthuri/options-monitor/options-flow-monitor-e2e.py", line 344, in monitor_once
    df = fetch_trades(s, provider=PROVIDER, limit=2000)
  File "/Users/saireddykasthuri/options-monitor/options-flow-monitor-e2e.py", line 155, in fetch_trades
    return fetch_options_trades_polygon(symbol, limit=limit)
  File "/Users/saireddykasthuri/options-monitor/options-flow-monitor-e2e.py", line 97, in fetch_options_trades_polygon
    r.raise_for_status()
    ~~~~~~~~~~~~~~~~~~^^
  File "/Users/saireddykasthuri/options-monitor/venv/lib/python3.13/site-packages/requests/models.py", line 1026, in raise_for_status
    raise HTTPError(http_error_msg, response=self)
requests.exceptions.HTTPError: 404 Client Error: Not Found for url: https://api.polygon.io/v3/trades/options/NBIS?limit=2000&apiKey=yBvjEbOtJIKJghRd76ZFAHPX8VbkeeAq
2025-09-10 00:11:19,532 [INFO] Fetching trades for AAPL
2025-09-10 00:11:19,601 [ERROR] Error processing symbol AAPL: 404 Client Error: Not Found for url: https://api.polygon.io/v3/trades/options/AAPL?limit=2000&apiKey=yBvjEbOtJIKJghRd76ZFAHPX8VbkeeAq
Traceback (most recent call last):
  File "/Users/saireddykasthuri/options-monitor/options-flow-monitor-e2e.py", line 344, in monitor_once
    df = fetch_trades(s, provider=PROVIDER, limit=2000)
  File "/Users/saireddykasthuri/options-monitor/options-flow-monitor-e2e.py", line 155, in fetch_trades
    return fetch_options_trades_polygon(symbol, limit=limit)
  File "/Users/saireddykasthuri/options-monitor/options-flow-monitor-e2e.py", line 97, in fetch_options_trades_polygon
    r.raise_for_status()
    ~~~~~~~~~~~~~~~~~~^^
  File "/Users/saireddykasthuri/options-monitor/venv/lib/python3.13/site-packages/requests/models.py", line 1026, in raise_for_status
    raise HTTPError(http_error_msg, response=self)
requests.exceptions.HTTPError: 404 Client Error: Not Found for url: https://api.polygon.io/v3/trades/options/AAPL?limit=2000&apiKey=yBvjEbOtJIKJghRd76ZFAHPX8VbkeeAq
2025-09-10 00:11:19,602 [INFO] Fetching trades for TSLA
2025-09-10 00:11:19,677 [ERROR] Error processing symbol TSLA: 404 Client Error: Not Found for url: https://api.polygon.io/v3/trades/options/TSLA?limit=2000&apiKey=yBvjEbOtJIKJghRd76ZFAHPX8VbkeeAq
Traceback (most recent call last):
  File "/Users/saireddykasthuri/options-monitor/options-flow-monitor-e2e.py", line 344, in monitor_once
    df = fetch_trades(s, provider=PROVIDER, limit=2000)
  File "/Users/saireddykasthuri/options-monitor/options-flow-monitor-e2e.py", line 155, in fetch_trades
    return fetch_options_trades_polygon(symbol, limit=limit)
  File "/Users/saireddykasthuri/options-monitor/options-flow-monitor-e2e.py", line 97, in fetch_options_trades_polygon
    r.raise_for_status()
    ~~~~~~~~~~~~~~~~~~^^
  File "/Users/saireddykasthuri/options-monitor/venv/lib/python3.13/site-packages/requests/models.py", line 1026, in raise_for_status
    raise HTTPError(http_error_msg, response=self)
requests.exceptions.HTTPError: 404 Client Error: Not Found for url: https://api.polygon.io/v3/trades/options/TSLA?limit=2000&apiKey=yBvjEbOtJIKJghRd76ZFAHPX8VbkeeAq
2025-09-10 00:11:19,679 [INFO] Job "main.<locals>.<lambda> (trigger: interval[0:15:00], next run at: 2025-09-10 00:26:19 EDT)" executed successfully
2025-09-10 11:28:02,490 [WARNING] Run time of job "main.<locals>.<lambda> (trigger: interval[0:15:00], next run at: 2025-09-10 11:41:19 EDT)" was missed by 0:01:43.119696
2025-09-10 11:35:46,342 [INFO] Adding job tentatively -- it will be properly scheduled when the scheduler starts
2025-09-10 11:35:46,343 [INFO] Added job "main.<locals>.<lambda>" to job store "default"
2025-09-10 11:35:46,343 [INFO] Scheduler started
2025-09-10 11:35:46,343 [INFO] Scheduler started: polling every 15 minutes for symbols: ['ORCL', 'NBIS', 'AAPL', 'TSLA']
2025-09-10 11:35:46,343 [INFO] Running job "main.<locals>.<lambda> (trigger: interval[0:15:00], next run at: 2025-09-10 11:50:46 EDT)" (scheduled at 2025-09-10 11:35:46.342201-04:00)
2025-09-10 11:35:46,343 [INFO] Fetching trades for ORCL
2025-09-10 11:35:47,495 [ERROR] Error processing symbol ORCL: 404 Client Error: Not Found for url: https://api.polygon.io/v3/trades/options/ORCL?limit=2000&apiKey=yBvjEbOtJIKJghRd76ZFAHPX8VbkeeAq
Traceback (most recent call last):
  File "/Users/saireddykasthuri/options-monitor/options-flow-monitor-e2e.py", line 344, in monitor_once
    df = fetch_trades(s, provider=PROVIDER, limit=2000)
  File "/Users/saireddykasthuri/options-monitor/options-flow-monitor-e2e.py", line 155, in fetch_trades
    return fetch_options_trades_polygon(symbol, limit=limit)
  File "/Users/saireddykasthuri/options-monitor/options-flow-monitor-e2e.py", line 97, in fetch_options_trades_polygon
    r.raise_for_status()
    ~~~~~~~~~~~~~~~~~~^^
  File "/Users/saireddykasthuri/options-monitor/venv/lib/python3.13/site-packages/requests/models.py", line 1026, in raise_for_status
    raise HTTPError(http_error_msg, response=self)
requests.exceptions.HTTPError: 404 Client Error: Not Found for url: https://api.polygon.io/v3/trades/options/ORCL?limit=2000&apiKey=yBvjEbOtJIKJghRd76ZFAHPX8VbkeeAq
2025-09-10 11:35:47,499 [INFO] Fetching trades for NBIS
2025-09-10 11:35:47,582 [ERROR] Error processing symbol NBIS: 404 Client Error: Not Found for url: https://api.polygon.io/v3/trades/options/NBIS?limit=2000&apiKey=yBvjEbOtJIKJghRd76ZFAHPX8VbkeeAq
Traceback (most recent call last):
  File "/Users/saireddykasthuri/options-monitor/options-flow-monitor-e2e.py", line 344, in monitor_once
    df = fetch_trades(s, provider=PROVIDER, limit=2000)
  File "/Users/saireddykasthuri/options-monitor/options-flow-monitor-e2e.py", line 155, in fetch_trades
    return fetch_options_trades_polygon(symbol, limit=limit)
  File "/Users/saireddykasthuri/options-monitor/options-flow-monitor-e2e.py", line 97, in fetch_options_trades_polygon
    r.raise_for_status()
    ~~~~~~~~~~~~~~~~~~^^
  File "/Users/saireddykasthuri/options-monitor/venv/lib/python3.13/site-packages/requests/models.py", line 1026, in raise_for_status
    raise HTTPError(http_error_msg, response=self)
requests.exceptions.HTTPError: 404 Client Error: Not Found for url: https://api.polygon.io/v3/trades/options/NBIS?limit=2000&apiKey=yBvjEbOtJIKJghRd76ZFAHPX8VbkeeAq
2025-09-10 11:35:47,584 [INFO] Fetching trades for AAPL
2025-09-10 11:35:47,672 [ERROR] Error processing symbol AAPL: 404 Client Error: Not Found for url: https://api.polygon.io/v3/trades/options/AAPL?limit=2000&apiKey=yBvjEbOtJIKJghRd76ZFAHPX8VbkeeAq
Traceback (most recent call last):
  File "/Users/saireddykasthuri/options-monitor/options-flow-monitor-e2e.py", line 344, in monitor_once
    df = fetch_trades(s, provider=PROVIDER, limit=2000)
  File "/Users/saireddykasthuri/options-monitor/options-flow-monitor-e2e.py", line 155, in fetch_trades
    return fetch_options_trades_polygon(symbol, limit=limit)
  File "/Users/saireddykasthuri/options-monitor/options-flow-monitor-e2e.py", line 97, in fetch_options_trades_polygon
    r.raise_for_status()
    ~~~~~~~~~~~~~~~~~~^^
  File "/Users/saireddykasthuri/options-monitor/venv/lib/python3.13/site-packages/requests/models.py", line 1026, in raise_for_status
    raise HTTPError(http_error_msg, response=self)
requests.exceptions.HTTPError: 404 Client Error: Not Found for url: https://api.polygon.io/v3/trades/options/AAPL?limit=2000&apiKey=yBvjEbOtJIKJghRd76ZFAHPX8VbkeeAq
2025-09-10 11:35:47,674 [INFO] Fetching trades for TSLA
2025-09-10 11:35:47,744 [ERROR] Error processing symbol TSLA: 404 Client Error: Not Found for url: https://api.polygon.io/v3/trades/options/TSLA?limit=2000&apiKey=yBvjEbOtJIKJghRd76ZFAHPX8VbkeeAq
Traceback (most recent call last):
  File "/Users/saireddykasthuri/options-monitor/options-flow-monitor-e2e.py", line 344, in monitor_once
    df = fetch_trades(s, provider=PROVIDER, limit=2000)
  File "/Users/saireddykasthuri/options-monitor/options-flow-monitor-e2e.py", line 155, in fetch_trades
    return fetch_options_trades_polygon(symbol, limit=limit)
  File "/Users/saireddykasthuri/options-monitor/options-flow-monitor-e2e.py", line 97, in fetch_options_trades_polygon
    r.raise_for_status()
    ~~~~~~~~~~~~~~~~~~^^
  File "/Users/saireddykasthuri/options-monitor/venv/lib/python3.13/site-packages/requests/models.py", line 1026, in raise_for_status
    raise HTTPError(http_error_msg, response=self)
requests.exceptions.HTTPError: 404 Client Error: Not Found for url: https://api.polygon.io/v3/trades/options/TSLA?limit=2000&apiKey=yBvjEbOtJIKJghRd76ZFAHPX8VbkeeAq
2025-09-10 11:35:47,745 [INFO] Job "main.<locals>.<lambda> (trigger: interval[0:15:00], next run at: 2025-09-10 11:50:46 EDT)" executed successfully
2025-09-10 11:41:19,378 [INFO] Running job "main.<locals>.<lambda> (trigger: interval[0:15:00], next run at: 2025-09-10 11:56:19 EDT)" (scheduled at 2025-09-10 11:41:19.370250-04:00)
2025-09-10 11:41:19,381 [INFO] Fetching trades for ORCL
2025-09-10 11:41:19,507 [ERROR] Error processing symbol ORCL: 404 Client Error: Not Found for url: https://api.polygon.io/v3/trades/options/ORCL?limit=2000&apiKey=yBvjEbOtJIKJghRd76ZFAHPX8VbkeeAq
Traceback (most recent call last):
  File "/Users/saireddykasthuri/options-monitor/options-flow-monitor-e2e.py", line 344, in monitor_once
    df = fetch_trades(s, provider=PROVIDER, limit=2000)
  File "/Users/saireddykasthuri/options-monitor/options-flow-monitor-e2e.py", line 155, in fetch_trades
    return fetch_options_trades_polygon(symbol, limit=limit)
  File "/Users/saireddykasthuri/options-monitor/options-flow-monitor-e2e.py", line 97, in fetch_options_trades_polygon
    r.raise_for_status()
    ~~~~~~~~~~~~~~~~~~^^
  File "/Users/saireddykasthuri/options-monitor/venv/lib/python3.13/site-packages/requests/models.py", line 1026, in raise_for_status
    raise HTTPError(http_error_msg, response=self)
requests.exceptions.HTTPError: 404 Client Error: Not Found for url: https://api.polygon.io/v3/trades/options/ORCL?limit=2000&apiKey=yBvjEbOtJIKJghRd76ZFAHPX8VbkeeAq
2025-09-10 11:41:19,514 [INFO] Fetching trades for NBIS
2025-09-10 11:41:19,616 [ERROR] Error processing symbol NBIS: 404 Client Error: Not Found for url: https://api.polygon.io/v3/trades/options/NBIS?limit=2000&apiKey=yBvjEbOtJIKJghRd76ZFAHPX8VbkeeAq
Traceback (most recent call last):
  File "/Users/saireddykasthuri/options-monitor/options-flow-monitor-e2e.py", line 344, in monitor_once
    df = fetch_trades(s, provider=PROVIDER, limit=2000)
  File "/Users/saireddykasthuri/options-monitor/options-flow-monitor-e2e.py", line 155, in fetch_trades
    return fetch_options_trades_polygon(symbol, limit=limit)
  File "/Users/saireddykasthuri/options-monitor/options-flow-monitor-e2e.py", line 97, in fetch_options_trades_polygon
    r.raise_for_status()
    ~~~~~~~~~~~~~~~~~~^^
  File "/Users/saireddykasthuri/options-monitor/venv/lib/python3.13/site-packages/requests/models.py", line 1026, in raise_for_status
    raise HTTPError(http_error_msg, response=self)
requests.exceptions.HTTPError: 404 Client Error: Not Found for url: https://api.polygon.io/v3/trades/options/NBIS?limit=2000&apiKey=yBvjEbOtJIKJghRd76ZFAHPX8VbkeeAq
2025-09-10 11:41:19,621 [INFO] Fetching trades for AAPL
2025-09-10 11:41:19,707 [ERROR] Error processing symbol AAPL: 404 Client Error: Not Found for url: https://api.polygon.io/v3/trades/options/AAPL?limit=2000&apiKey=yBvjEbOtJIKJghRd76ZFAHPX8VbkeeAq
Traceback (most recent call last):
  File "/Users/saireddykasthuri/options-monitor/options-flow-monitor-e2e.py", line 344, in monitor_once
    df = fetch_trades(s, provider=PROVIDER, limit=2000)
  File "/Users/saireddykasthuri/options-monitor/options-flow-monitor-e2e.py", line 155, in fetch_trades
    return fetch_options_trades_polygon(symbol, limit=limit)
  File "/Users/saireddykasthuri/options-monitor/options-flow-monitor-e2e.py", line 97, in fetch_options_trades_polygon
    r.raise_for_status()
    ~~~~~~~~~~~~~~~~~~^^
  File "/Users/saireddykasthuri/options-monitor/venv/lib/python3.13/site-packages/requests/models.py", line 1026, in raise_for_status
    raise HTTPError(http_error_msg, response=self)
requests.exceptions.HTTPError: 404 Client Error: Not Found for url: https://api.polygon.io/v3/trades/options/AAPL?limit=2000&apiKey=yBvjEbOtJIKJghRd76ZFAHPX8VbkeeAq
2025-09-10 11:41:19,713 [INFO] Fetching trades for TSLA
2025-09-10 11:41:19,806 [ERROR] Error processing symbol TSLA: 404 Client Error: Not Found for url: https://api.polygon.io/v3/trades/options/TSLA?limit=2000&apiKey=yBvjEbOtJIKJghRd76ZFAHPX8VbkeeAq
Traceback (most recent call last):
  File "/Users/saireddykasthuri/options-monitor/options-flow-monitor-e2e.py", line 344, in monitor_once
    df = fetch_trades(s, provider=PROVIDER, limit=2000)
  File "/Users/saireddykasthuri/options-monitor/options-flow-monitor-e2e.py", line 155, in fetch_trades
    return fetch_options_trades_polygon(symbol, limit=limit)
  File "/Users/saireddykasthuri/options-monitor/options-flow-monitor-e2e.py", line 97, in fetch_options_trades_polygon
    r.raise_for_status()
    ~~~~~~~~~~~~~~~~~~^^
  File "/Users/saireddykasthuri/options-monitor/venv/lib/python3.13/site-packages/requests/models.py", line 1026, in raise_for_status
    raise HTTPError(http_error_msg, response=self)
requests.exceptions.HTTPError: 404 Client Error: Not Found for url: https://api.polygon.io/v3/trades/options/TSLA?limit=2000&apiKey=yBvjEbOtJIKJghRd76ZFAHPX8VbkeeAq
2025-09-10 11:41:19,811 [INFO] Job "main.<locals>.<lambda> (trigger: interval[0:15:00], next run at: 2025-09-10 11:56:19 EDT)" executed successfully
2025-09-10 11:56:33,665 [WARNING] Run time of job "main.<locals>.<lambda> (trigger: interval[0:15:00], next run at: 2025-09-10 12:11:19 EDT)" was missed by 0:00:14.294948
2025-09-10 12:11:19,371 [INFO] Running job "main.<locals>.<lambda> (trigger: interval[0:15:00], next run at: 2025-09-10 12:26:19 EDT)" (scheduled at 2025-09-10 12:11:19.370250-04:00)
2025-09-10 12:11:19,373 [INFO] Fetching trades for ORCL
2025-09-10 12:11:19,484 [ERROR] Error processing symbol ORCL: 404 Client Error: Not Found for url: https://api.polygon.io/v3/trades/options/ORCL?limit=2000&apiKey=yBvjEbOtJIKJghRd76ZFAHPX8VbkeeAq
Traceback (most recent call last):
  File "/Users/saireddykasthuri/options-monitor/options-flow-monitor-e2e.py", line 344, in monitor_once
  File "/Users/saireddykasthuri/options-monitor/options-flow-monitor-e2e.py", line 155, in fetch_trades
  File "/Users/saireddykasthuri/options-monitor/options-flow-monitor-e2e.py", line 97, in fetch_options_trades_polygon
    except (KeyboardInterrupt, SystemExit):
    ^^^^^^^^^^^^^^^^
  File "/Users/saireddykasthuri/options-monitor/venv/lib/python3.13/site-packages/requests/models.py", line 1026, in raise_for_status
    raise HTTPError(http_error_msg, response=self)
requests.exceptions.HTTPError: 404 Client Error: Not Found for url: https://api.polygon.io/v3/trades/options/ORCL?limit=2000&apiKey=yBvjEbOtJIKJghRd76ZFAHPX8VbkeeAq
2025-09-10 12:11:19,490 [INFO] Fetching trades for NBIS
2025-09-10 12:11:19,582 [ERROR] Error processing symbol NBIS: 404 Client Error: Not Found for url: https://api.polygon.io/v3/trades/options/NBIS?limit=2000&apiKey=yBvjEbOtJIKJghRd76ZFAHPX8VbkeeAq
Traceback (most recent call last):
  File "/Users/saireddykasthuri/options-monitor/options-flow-monitor-e2e.py", line 344, in monitor_once
  File "/Users/saireddykasthuri/options-monitor/options-flow-monitor-e2e.py", line 155, in fetch_trades
  File "/Users/saireddykasthuri/options-monitor/options-flow-monitor-e2e.py", line 97, in fetch_options_trades_polygon
    except (KeyboardInterrupt, SystemExit):
    ^^^^^^^^^^^^^^^^
  File "/Users/saireddykasthuri/options-monitor/venv/lib/python3.13/site-packages/requests/models.py", line 1026, in raise_for_status
    raise HTTPError(http_error_msg, response=self)
requests.exceptions.HTTPError: 404 Client Error: Not Found for url: https://api.polygon.io/v3/trades/options/NBIS?limit=2000&apiKey=yBvjEbOtJIKJghRd76ZFAHPX8VbkeeAq
2025-09-10 12:11:19,586 [INFO] Fetching trades for AAPL
2025-09-10 12:11:19,678 [ERROR] Error processing symbol AAPL: 404 Client Error: Not Found for url: https://api.polygon.io/v3/trades/options/AAPL?limit=2000&apiKey=yBvjEbOtJIKJghRd76ZFAHPX8VbkeeAq
Traceback (most recent call last):
  File "/Users/saireddykasthuri/options-monitor/options-flow-monitor-e2e.py", line 344, in monitor_once
  File "/Users/saireddykasthuri/options-monitor/options-flow-monitor-e2e.py", line 155, in fetch_trades
  File "/Users/saireddykasthuri/options-monitor/options-flow-monitor-e2e.py", line 97, in fetch_options_trades_polygon
    except (KeyboardInterrupt, SystemExit):
    ^^^^^^^^^^^^^^^^
  File "/Users/saireddykasthuri/options-monitor/venv/lib/python3.13/site-packages/requests/models.py", line 1026, in raise_for_status
    raise HTTPError(http_error_msg, response=self)
requests.exceptions.HTTPError: 404 Client Error: Not Found for url: https://api.polygon.io/v3/trades/options/AAPL?limit=2000&apiKey=yBvjEbOtJIKJghRd76ZFAHPX8VbkeeAq
2025-09-10 12:11:19,683 [INFO] Fetching trades for TSLA
2025-09-10 12:11:19,777 [ERROR] Error processing symbol TSLA: 404 Client Error: Not Found for url: https://api.polygon.io/v3/trades/options/TSLA?limit=2000&apiKey=yBvjEbOtJIKJghRd76ZFAHPX8VbkeeAq
Traceback (most recent call last):
  File "/Users/saireddykasthuri/options-monitor/options-flow-monitor-e2e.py", line 344, in monitor_once
  File "/Users/saireddykasthuri/options-monitor/options-flow-monitor-e2e.py", line 155, in fetch_trades
  File "/Users/saireddykasthuri/options-monitor/options-flow-monitor-e2e.py", line 97, in fetch_options_trades_polygon
    except (KeyboardInterrupt, SystemExit):
    ^^^^^^^^^^^^^^^^
  File "/Users/saireddykasthuri/options-monitor/venv/lib/python3.13/site-packages/requests/models.py", line 1026, in raise_for_status
    raise HTTPError(http_error_msg, response=self)
requests.exceptions.HTTPError: 404 Client Error: Not Found for url: https://api.polygon.io/v3/trades/options/TSLA?limit=2000&apiKey=yBvjEbOtJIKJghRd76ZFAHPX8VbkeeAq
2025-09-10 12:11:19,782 [INFO] Job "main.<locals>.<lambda> (trigger: interval[0:15:00], next run at: 2025-09-10 12:26:19 EDT)" executed successfully
2025-09-10 12:26:19,371 [INFO] Running job "main.<locals>.<lambda> (trigger: interval[0:15:00], next run at: 2025-09-10 12:41:19 EDT)" (scheduled at 2025-09-10 12:26:19.370250-04:00)
2025-09-10 12:26:19,374 [INFO] Fetching trades for ORCL
2025-09-10 12:26:20,550 [ERROR] Error processing symbol ORCL: 404 Client Error: Not Found for url: https://api.polygon.io/v3/trades/options/ORCL?limit=2000&apiKey=yBvjEbOtJIKJghRd76ZFAHPX8VbkeeAq
Traceback (most recent call last):
  File "/Users/saireddykasthuri/options-monitor/options-flow-monitor-e2e.py", line 344, in monitor_once
  File "/Users/saireddykasthuri/options-monitor/options-flow-monitor-e2e.py", line 155, in fetch_trades
  File "/Users/saireddykasthuri/options-monitor/options-flow-monitor-e2e.py", line 97, in fetch_options_trades_polygon
    except (KeyboardInterrupt, SystemExit):
    ^^^^^^^^^^^^^^^^
  File "/Users/saireddykasthuri/options-monitor/venv/lib/python3.13/site-packages/requests/models.py", line 1026, in raise_for_status
    raise HTTPError(http_error_msg, response=self)
requests.exceptions.HTTPError: 404 Client Error: Not Found for url: https://api.polygon.io/v3/trades/options/ORCL?limit=2000&apiKey=yBvjEbOtJIKJghRd76ZFAHPX8VbkeeAq
2025-09-10 12:26:20,554 [INFO] Fetching trades for NBIS
2025-09-10 12:26:20,655 [ERROR] Error processing symbol NBIS: 404 Client Error: Not Found for url: https://api.polygon.io/v3/trades/options/NBIS?limit=2000&apiKey=yBvjEbOtJIKJghRd76ZFAHPX8VbkeeAq
Traceback (most recent call last):
  File "/Users/saireddykasthuri/options-monitor/options-flow-monitor-e2e.py", line 344, in monitor_once
  File "/Users/saireddykasthuri/options-monitor/options-flow-monitor-e2e.py", line 155, in fetch_trades
  File "/Users/saireddykasthuri/options-monitor/options-flow-monitor-e2e.py", line 97, in fetch_options_trades_polygon
    except (KeyboardInterrupt, SystemExit):
    ^^^^^^^^^^^^^^^^
  File "/Users/saireddykasthuri/options-monitor/venv/lib/python3.13/site-packages/requests/models.py", line 1026, in raise_for_status
    raise HTTPError(http_error_msg, response=self)
requests.exceptions.HTTPError: 404 Client Error: Not Found for url: https://api.polygon.io/v3/trades/options/NBIS?limit=2000&apiKey=yBvjEbOtJIKJghRd76ZFAHPX8VbkeeAq
2025-09-10 12:26:20,659 [INFO] Fetching trades for AAPL
2025-09-10 12:26:20,755 [ERROR] Error processing symbol AAPL: 404 Client Error: Not Found for url: https://api.polygon.io/v3/trades/options/AAPL?limit=2000&apiKey=yBvjEbOtJIKJghRd76ZFAHPX8VbkeeAq
Traceback (most recent call last):
  File "/Users/saireddykasthuri/options-monitor/options-flow-monitor-e2e.py", line 344, in monitor_once
  File "/Users/saireddykasthuri/options-monitor/options-flow-monitor-e2e.py", line 155, in fetch_trades
  File "/Users/saireddykasthuri/options-monitor/options-flow-monitor-e2e.py", line 97, in fetch_options_trades_polygon
    except (KeyboardInterrupt, SystemExit):
    ^^^^^^^^^^^^^^^^
  File "/Users/saireddykasthuri/options-monitor/venv/lib/python3.13/site-packages/requests/models.py", line 1026, in raise_for_status
    raise HTTPError(http_error_msg, response=self)
requests.exceptions.HTTPError: 404 Client Error: Not Found for url: https://api.polygon.io/v3/trades/options/AAPL?limit=2000&apiKey=yBvjEbOtJIKJghRd76ZFAHPX8VbkeeAq
2025-09-10 12:26:20,759 [INFO] Fetching trades for TSLA
2025-09-10 12:26:20,853 [ERROR] Error processing symbol TSLA: 404 Client Error: Not Found for url: https://api.polygon.io/v3/trades/options/TSLA?limit=2000&apiKey=yBvjEbOtJIKJghRd76ZFAHPX8VbkeeAq
Traceback (most recent call last):
  File "/Users/saireddykasthuri/options-monitor/options-flow-monitor-e2e.py", line 344, in monitor_once
  File "/Users/saireddykasthuri/options-monitor/options-flow-monitor-e2e.py", line 155, in fetch_trades
  File "/Users/saireddykasthuri/options-monitor/options-flow-monitor-e2e.py", line 97, in fetch_options_trades_polygon
    except (KeyboardInterrupt, SystemExit):
    ^^^^^^^^^^^^^^^^
  File "/Users/saireddykasthuri/options-monitor/venv/lib/python3.13/site-packages/requests/models.py", line 1026, in raise_for_status
    raise HTTPError(http_error_msg, response=self)
requests.exceptions.HTTPError: 404 Client Error: Not Found for url: https://api.polygon.io/v3/trades/options/TSLA?limit=2000&apiKey=yBvjEbOtJIKJghRd76ZFAHPX8VbkeeAq
2025-09-10 12:26:20,857 [INFO] Job "main.<locals>.<lambda> (trigger: interval[0:15:00], next run at: 2025-09-10 12:41:19 EDT)" executed successfully
2025-09-10 12:41:19,371 [INFO] Running job "main.<locals>.<lambda> (trigger: interval[0:15:00], next run at: 2025-09-10 12:56:19 EDT)" (scheduled at 2025-09-10 12:41:19.370250-04:00)
2025-09-10 12:41:19,374 [INFO] Fetching trades for ORCL
2025-09-10 12:41:19,496 [ERROR] Error processing symbol ORCL: 404 Client Error: Not Found for url: https://api.polygon.io/v3/trades/options/ORCL?limit=2000&apiKey=yBvjEbOtJIKJghRd76ZFAHPX8VbkeeAq
Traceback (most recent call last):
  File "/Users/saireddykasthuri/options-monitor/options-flow-monitor-e2e.py", line 344, in monitor_once
  File "/Users/saireddykasthuri/options-monitor/options-flow-monitor-e2e.py", line 155, in fetch_trades
  File "/Users/saireddykasthuri/options-monitor/options-flow-monitor-e2e.py", line 97, in fetch_options_trades_polygon
    except (KeyboardInterrupt, SystemExit):
    ^^^^^^^^^^^^^^^^
  File "/Users/saireddykasthuri/options-monitor/venv/lib/python3.13/site-packages/requests/models.py", line 1026, in raise_for_status
    raise HTTPError(http_error_msg, response=self)
requests.exceptions.HTTPError: 404 Client Error: Not Found for url: https://api.polygon.io/v3/trades/options/ORCL?limit=2000&apiKey=yBvjEbOtJIKJghRd76ZFAHPX8VbkeeAq
2025-09-10 12:41:19,501 [INFO] Fetching trades for NBIS
2025-09-10 12:41:19,593 [ERROR] Error processing symbol NBIS: 404 Client Error: Not Found for url: https://api.polygon.io/v3/trades/options/NBIS?limit=2000&apiKey=yBvjEbOtJIKJghRd76ZFAHPX8VbkeeAq
Traceback (most recent call last):
  File "/Users/saireddykasthuri/options-monitor/options-flow-monitor-e2e.py", line 344, in monitor_once
  File "/Users/saireddykasthuri/options-monitor/options-flow-monitor-e2e.py", line 155, in fetch_trades
  File "/Users/saireddykasthuri/options-monitor/options-flow-monitor-e2e.py", line 97, in fetch_options_trades_polygon
    except (KeyboardInterrupt, SystemExit):
    ^^^^^^^^^^^^^^^^
  File "/Users/saireddykasthuri/options-monitor/venv/lib/python3.13/site-packages/requests/models.py", line 1026, in raise_for_status
    raise HTTPError(http_error_msg, response=self)
requests.exceptions.HTTPError: 404 Client Error: Not Found for url: https://api.polygon.io/v3/trades/options/NBIS?limit=2000&apiKey=yBvjEbOtJIKJghRd76ZFAHPX8VbkeeAq
2025-09-10 12:41:19,598 [INFO] Fetching trades for AAPL
2025-09-10 12:41:19,694 [ERROR] Error processing symbol AAPL: 404 Client Error: Not Found for url: https://api.polygon.io/v3/trades/options/AAPL?limit=2000&apiKey=yBvjEbOtJIKJghRd76ZFAHPX8VbkeeAq
Traceback (most recent call last):
  File "/Users/saireddykasthuri/options-monitor/options-flow-monitor-e2e.py", line 344, in monitor_once
  File "/Users/saireddykasthuri/options-monitor/options-flow-monitor-e2e.py", line 155, in fetch_trades
  File "/Users/saireddykasthuri/options-monitor/options-flow-monitor-e2e.py", line 97, in fetch_options_trades_polygon
    except (KeyboardInterrupt, SystemExit):
    ^^^^^^^^^^^^^^^^
  File "/Users/saireddykasthuri/options-monitor/venv/lib/python3.13/site-packages/requests/models.py", line 1026, in raise_for_status
    raise HTTPError(http_error_msg, response=self)
requests.exceptions.HTTPError: 404 Client Error: Not Found for url: https://api.polygon.io/v3/trades/options/AAPL?limit=2000&apiKey=yBvjEbOtJIKJghRd76ZFAHPX8VbkeeAq
2025-09-10 12:41:19,700 [INFO] Fetching trades for TSLA
2025-09-10 12:41:19,801 [ERROR] Error processing symbol TSLA: 404 Client Error: Not Found for url: https://api.polygon.io/v3/trades/options/TSLA?limit=2000&apiKey=yBvjEbOtJIKJghRd76ZFAHPX8VbkeeAq
Traceback (most recent call last):
  File "/Users/saireddykasthuri/options-monitor/options-flow-monitor-e2e.py", line 344, in monitor_once
  File "/Users/saireddykasthuri/options-monitor/options-flow-monitor-e2e.py", line 155, in fetch_trades
  File "/Users/saireddykasthuri/options-monitor/options-flow-monitor-e2e.py", line 97, in fetch_options_trades_polygon
    except (KeyboardInterrupt, SystemExit):
    ^^^^^^^^^^^^^^^^
  File "/Users/saireddykasthuri/options-monitor/venv/lib/python3.13/site-packages/requests/models.py", line 1026, in raise_for_status
    raise HTTPError(http_error_msg, response=self)
requests.exceptions.HTTPError: 404 Client Error: Not Found for url: https://api.polygon.io/v3/trades/options/TSLA?limit=2000&apiKey=yBvjEbOtJIKJghRd76ZFAHPX8VbkeeAq
2025-09-10 12:41:19,807 [INFO] Job "main.<locals>.<lambda> (trigger: interval[0:15:00], next run at: 2025-09-10 12:56:19 EDT)" executed successfully
2025-09-10 12:56:31,498 [WARNING] Run time of job "main.<locals>.<lambda> (trigger: interval[0:15:00], next run at: 2025-09-10 13:11:19 EDT)" was missed by 0:00:12.128516
2025-09-10 13:17:22,114 [WARNING] Run time of job "main.<locals>.<lambda> (trigger: interval[0:15:00], next run at: 2025-09-10 13:26:19 EDT)" was missed by 0:06:02.744363
2025-09-10 13:26:19,374 [INFO] Running job "main.<locals>.<lambda> (trigger: interval[0:15:00], next run at: 2025-09-10 13:41:19 EDT)" (scheduled at 2025-09-10 13:26:19.370250-04:00)
2025-09-10 13:26:19,376 [INFO] Fetching trades for ORCL
2025-09-10 13:26:19,506 [ERROR] Error processing symbol ORCL: 404 Client Error: Not Found for url: https://api.polygon.io/v3/trades/options/ORCL?limit=2000&apiKey=yBvjEbOtJIKJghRd76ZFAHPX8VbkeeAq
Traceback (most recent call last):
  File "/Users/saireddykasthuri/options-monitor/options-flow-monitor-e2e.py", line 344, in monitor_once
  File "/Users/saireddykasthuri/options-monitor/options-flow-monitor-e2e.py", line 155, in fetch_trades
  File "/Users/saireddykasthuri/options-monitor/options-flow-monitor-e2e.py", line 97, in fetch_options_trades_polygon
    except (KeyboardInterrupt, SystemExit):
    ^^^^^^^^^^^^^^^^
  File "/Users/saireddykasthuri/options-monitor/venv/lib/python3.13/site-packages/requests/models.py", line 1026, in raise_for_status
    raise HTTPError(http_error_msg, response=self)
requests.exceptions.HTTPError: 404 Client Error: Not Found for url: https://api.polygon.io/v3/trades/options/ORCL?limit=2000&apiKey=yBvjEbOtJIKJghRd76ZFAHPX8VbkeeAq
2025-09-10 13:26:19,510 [INFO] Fetching trades for NBIS
2025-09-10 13:26:19,601 [ERROR] Error processing symbol NBIS: 404 Client Error: Not Found for url: https://api.polygon.io/v3/trades/options/NBIS?limit=2000&apiKey=yBvjEbOtJIKJghRd76ZFAHPX8VbkeeAq
Traceback (most recent call last):
  File "/Users/saireddykasthuri/options-monitor/options-flow-monitor-e2e.py", line 344, in monitor_once
  File "/Users/saireddykasthuri/options-monitor/options-flow-monitor-e2e.py", line 155, in fetch_trades
  File "/Users/saireddykasthuri/options-monitor/options-flow-monitor-e2e.py", line 97, in fetch_options_trades_polygon
    except (KeyboardInterrupt, SystemExit):
    ^^^^^^^^^^^^^^^^
  File "/Users/saireddykasthuri/options-monitor/venv/lib/python3.13/site-packages/requests/models.py", line 1026, in raise_for_status
    raise HTTPError(http_error_msg, response=self)
requests.exceptions.HTTPError: 404 Client Error: Not Found for url: https://api.polygon.io/v3/trades/options/NBIS?limit=2000&apiKey=yBvjEbOtJIKJghRd76ZFAHPX8VbkeeAq
2025-09-10 13:26:19,605 [INFO] Fetching trades for AAPL
2025-09-10 13:26:19,693 [ERROR] Error processing symbol AAPL: 404 Client Error: Not Found for url: https://api.polygon.io/v3/trades/options/AAPL?limit=2000&apiKey=yBvjEbOtJIKJghRd76ZFAHPX8VbkeeAq
Traceback (most recent call last):
  File "/Users/saireddykasthuri/options-monitor/options-flow-monitor-e2e.py", line 344, in monitor_once
  File "/Users/saireddykasthuri/options-monitor/options-flow-monitor-e2e.py", line 155, in fetch_trades
  File "/Users/saireddykasthuri/options-monitor/options-flow-monitor-e2e.py", line 97, in fetch_options_trades_polygon
    except (KeyboardInterrupt, SystemExit):
    ^^^^^^^^^^^^^^^^
  File "/Users/saireddykasthuri/options-monitor/venv/lib/python3.13/site-packages/requests/models.py", line 1026, in raise_for_status
    raise HTTPError(http_error_msg, response=self)
requests.exceptions.HTTPError: 404 Client Error: Not Found for url: https://api.polygon.io/v3/trades/options/AAPL?limit=2000&apiKey=yBvjEbOtJIKJghRd76ZFAHPX8VbkeeAq
2025-09-10 13:26:19,697 [INFO] Fetching trades for TSLA
2025-09-10 13:26:19,782 [ERROR] Error processing symbol TSLA: 404 Client Error: Not Found for url: https://api.polygon.io/v3/trades/options/TSLA?limit=2000&apiKey=yBvjEbOtJIKJghRd76ZFAHPX8VbkeeAq
Traceback (most recent call last):
  File "/Users/saireddykasthuri/options-monitor/options-flow-monitor-e2e.py", line 344, in monitor_once
  File "/Users/saireddykasthuri/options-monitor/options-flow-monitor-e2e.py", line 155, in fetch_trades
  File "/Users/saireddykasthuri/options-monitor/options-flow-monitor-e2e.py", line 97, in fetch_options_trades_polygon
    except (KeyboardInterrupt, SystemExit):
    ^^^^^^^^^^^^^^^^
  File "/Users/saireddykasthuri/options-monitor/venv/lib/python3.13/site-packages/requests/models.py", line 1026, in raise_for_status
    raise HTTPError(http_error_msg, response=self)
requests.exceptions.HTTPError: 404 Client Error: Not Found for url: https://api.polygon.io/v3/trades/options/TSLA?limit=2000&apiKey=yBvjEbOtJIKJghRd76ZFAHPX8VbkeeAq
2025-09-10 13:26:19,786 [INFO] Job "main.<locals>.<lambda> (trigger: interval[0:15:00], next run at: 2025-09-10 13:41:19 EDT)" executed successfully
2025-09-10 13:41:19,372 [INFO] Running job "main.<locals>.<lambda> (trigger: interval[0:15:00], next run at: 2025-09-10 13:56:19 EDT)" (scheduled at 2025-09-10 13:41:19.370250-04:00)
2025-09-10 13:41:19,374 [INFO] Fetching trades for ORCL
2025-09-10 13:41:19,495 [ERROR] Error processing symbol ORCL: 404 Client Error: Not Found for url: https://api.polygon.io/v3/trades/options/ORCL?limit=2000&apiKey=yBvjEbOtJIKJghRd76ZFAHPX8VbkeeAq
Traceback (most recent call last):
  File "/Users/saireddykasthuri/options-monitor/options-flow-monitor-e2e.py", line 344, in monitor_once
  File "/Users/saireddykasthuri/options-monitor/options-flow-monitor-e2e.py", line 155, in fetch_trades
  File "/Users/saireddykasthuri/options-monitor/options-flow-monitor-e2e.py", line 97, in fetch_options_trades_polygon
    except (KeyboardInterrupt, SystemExit):
    ^^^^^^^^^^^^^^^^
  File "/Users/saireddykasthuri/options-monitor/venv/lib/python3.13/site-packages/requests/models.py", line 1026, in raise_for_status
    raise HTTPError(http_error_msg, response=self)
requests.exceptions.HTTPError: 404 Client Error: Not Found for url: https://api.polygon.io/v3/trades/options/ORCL?limit=2000&apiKey=yBvjEbOtJIKJghRd76ZFAHPX8VbkeeAq
2025-09-10 13:41:19,498 [INFO] Fetching trades for NBIS
2025-09-10 13:41:19,613 [ERROR] Error processing symbol NBIS: 404 Client Error: Not Found for url: https://api.polygon.io/v3/trades/options/NBIS?limit=2000&apiKey=yBvjEbOtJIKJghRd76ZFAHPX8VbkeeAq
Traceback (most recent call last):
  File "/Users/saireddykasthuri/options-monitor/options-flow-monitor-e2e.py", line 344, in monitor_once
  File "/Users/saireddykasthuri/options-monitor/options-flow-monitor-e2e.py", line 155, in fetch_trades
  File "/Users/saireddykasthuri/options-monitor/options-flow-monitor-e2e.py", line 97, in fetch_options_trades_polygon
    except (KeyboardInterrupt, SystemExit):
    ^^^^^^^^^^^^^^^^
  File "/Users/saireddykasthuri/options-monitor/venv/lib/python3.13/site-packages/requests/models.py", line 1026, in raise_for_status
    raise HTTPError(http_error_msg, response=self)
requests.exceptions.HTTPError: 404 Client Error: Not Found for url: https://api.polygon.io/v3/trades/options/NBIS?limit=2000&apiKey=yBvjEbOtJIKJghRd76ZFAHPX8VbkeeAq
2025-09-10 13:41:19,617 [INFO] Fetching trades for AAPL
2025-09-10 13:41:19,705 [ERROR] Error processing symbol AAPL: 404 Client Error: Not Found for url: https://api.polygon.io/v3/trades/options/AAPL?limit=2000&apiKey=yBvjEbOtJIKJghRd76ZFAHPX8VbkeeAq
Traceback (most recent call last):
  File "/Users/saireddykasthuri/options-monitor/options-flow-monitor-e2e.py", line 344, in monitor_once
  File "/Users/saireddykasthuri/options-monitor/options-flow-monitor-e2e.py", line 155, in fetch_trades
  File "/Users/saireddykasthuri/options-monitor/options-flow-monitor-e2e.py", line 97, in fetch_options_trades_polygon
    except (KeyboardInterrupt, SystemExit):
    ^^^^^^^^^^^^^^^^
  File "/Users/saireddykasthuri/options-monitor/venv/lib/python3.13/site-packages/requests/models.py", line 1026, in raise_for_status
    raise HTTPError(http_error_msg, response=self)
requests.exceptions.HTTPError: 404 Client Error: Not Found for url: https://api.polygon.io/v3/trades/options/AAPL?limit=2000&apiKey=yBvjEbOtJIKJghRd76ZFAHPX8VbkeeAq
2025-09-10 13:41:19,709 [INFO] Fetching trades for TSLA
2025-09-10 13:41:19,806 [ERROR] Error processing symbol TSLA: 404 Client Error: Not Found for url: https://api.polygon.io/v3/trades/options/TSLA?limit=2000&apiKey=yBvjEbOtJIKJghRd76ZFAHPX8VbkeeAq
Traceback (most recent call last):
  File "/Users/saireddykasthuri/options-monitor/options-flow-monitor-e2e.py", line 344, in monitor_once
  File "/Users/saireddykasthuri/options-monitor/options-flow-monitor-e2e.py", line 155, in fetch_trades
  File "/Users/saireddykasthuri/options-monitor/options-flow-monitor-e2e.py", line 97, in fetch_options_trades_polygon
    except (KeyboardInterrupt, SystemExit):
    ^^^^^^^^^^^^^^^^
  File "/Users/saireddykasthuri/options-monitor/venv/lib/python3.13/site-packages/requests/models.py", line 1026, in raise_for_status
    raise HTTPError(http_error_msg, response=self)
requests.exceptions.HTTPError: 404 Client Error: Not Found for url: https://api.polygon.io/v3/trades/options/TSLA?limit=2000&apiKey=yBvjEbOtJIKJghRd76ZFAHPX8VbkeeAq
2025-09-10 13:41:19,811 [INFO] Job "main.<locals>.<lambda> (trigger: interval[0:15:00], next run at: 2025-09-10 13:56:19 EDT)" executed successfully
2025-09-10 13:57:42,139 [WARNING] Run time of job "main.<locals>.<lambda> (trigger: interval[0:15:00], next run at: 2025-09-10 14:11:19 EDT)" was missed by 0:01:22.768938
2025-09-10 14:11:19,382 [INFO] Running job "main.<locals>.<lambda> (trigger: interval[0:15:00], next run at: 2025-09-10 14:26:19 EDT)" (scheduled at 2025-09-10 14:11:19.370250-04:00)
2025-09-10 14:11:19,384 [INFO] Fetching trades for ORCL
2025-09-10 14:11:19,504 [ERROR] Error processing symbol ORCL: 404 Client Error: Not Found for url: https://api.polygon.io/v3/trades/options/ORCL?limit=2000&apiKey=yBvjEbOtJIKJghRd76ZFAHPX8VbkeeAq
Traceback (most recent call last):
  File "/Users/saireddykasthuri/options-monitor/options-flow-monitor-e2e.py", line 344, in monitor_once
  File "/Users/saireddykasthuri/options-monitor/options-flow-monitor-e2e.py", line 155, in fetch_trades
  File "/Users/saireddykasthuri/options-monitor/options-flow-monitor-e2e.py", line 97, in fetch_options_trades_polygon
    except (KeyboardInterrupt, SystemExit):
    ^^^^^^^^^^^^^^^^
  File "/Users/saireddykasthuri/options-monitor/venv/lib/python3.13/site-packages/requests/models.py", line 1026, in raise_for_status
    raise HTTPError(http_error_msg, response=self)
requests.exceptions.HTTPError: 404 Client Error: Not Found for url: https://api.polygon.io/v3/trades/options/ORCL?limit=2000&apiKey=yBvjEbOtJIKJghRd76ZFAHPX8VbkeeAq
2025-09-10 14:11:19,508 [INFO] Fetching trades for NBIS
2025-09-10 14:11:19,595 [ERROR] Error processing symbol NBIS: 404 Client Error: Not Found for url: https://api.polygon.io/v3/trades/options/NBIS?limit=2000&apiKey=yBvjEbOtJIKJghRd76ZFAHPX8VbkeeAq
Traceback (most recent call last):
  File "/Users/saireddykasthuri/options-monitor/options-flow-monitor-e2e.py", line 344, in monitor_once
  File "/Users/saireddykasthuri/options-monitor/options-flow-monitor-e2e.py", line 155, in fetch_trades
  File "/Users/saireddykasthuri/options-monitor/options-flow-monitor-e2e.py", line 97, in fetch_options_trades_polygon
    except (KeyboardInterrupt, SystemExit):
    ^^^^^^^^^^^^^^^^
  File "/Users/saireddykasthuri/options-monitor/venv/lib/python3.13/site-packages/requests/models.py", line 1026, in raise_for_status
    raise HTTPError(http_error_msg, response=self)
requests.exceptions.HTTPError: 404 Client Error: Not Found for url: https://api.polygon.io/v3/trades/options/NBIS?limit=2000&apiKey=yBvjEbOtJIKJghRd76ZFAHPX8VbkeeAq
2025-09-10 14:11:19,600 [INFO] Fetching trades for AAPL
2025-09-10 14:11:19,697 [ERROR] Error processing symbol AAPL: 404 Client Error: Not Found for url: https://api.polygon.io/v3/trades/options/AAPL?limit=2000&apiKey=yBvjEbOtJIKJghRd76ZFAHPX8VbkeeAq
Traceback (most recent call last):
  File "/Users/saireddykasthuri/options-monitor/options-flow-monitor-e2e.py", line 344, in monitor_once
  File "/Users/saireddykasthuri/options-monitor/options-flow-monitor-e2e.py", line 155, in fetch_trades
  File "/Users/saireddykasthuri/options-monitor/options-flow-monitor-e2e.py", line 97, in fetch_options_trades_polygon
    except (KeyboardInterrupt, SystemExit):
    ^^^^^^^^^^^^^^^^
  File "/Users/saireddykasthuri/options-monitor/venv/lib/python3.13/site-packages/requests/models.py", line 1026, in raise_for_status
    raise HTTPError(http_error_msg, response=self)
requests.exceptions.HTTPError: 404 Client Error: Not Found for url: https://api.polygon.io/v3/trades/options/AAPL?limit=2000&apiKey=yBvjEbOtJIKJghRd76ZFAHPX8VbkeeAq
2025-09-10 14:11:19,702 [INFO] Fetching trades for TSLA
2025-09-10 14:11:19,787 [ERROR] Error processing symbol TSLA: 404 Client Error: Not Found for url: https://api.polygon.io/v3/trades/options/TSLA?limit=2000&apiKey=yBvjEbOtJIKJghRd76ZFAHPX8VbkeeAq
Traceback (most recent call last):
  File "/Users/saireddykasthuri/options-monitor/options-flow-monitor-e2e.py", line 344, in monitor_once
  File "/Users/saireddykasthuri/options-monitor/options-flow-monitor-e2e.py", line 155, in fetch_trades
  File "/Users/saireddykasthuri/options-monitor/options-flow-monitor-e2e.py", line 97, in fetch_options_trades_polygon
    except (KeyboardInterrupt, SystemExit):
    ^^^^^^^^^^^^^^^^
  File "/Users/saireddykasthuri/options-monitor/venv/lib/python3.13/site-packages/requests/models.py", line 1026, in raise_for_status
    raise HTTPError(http_error_msg, response=self)
requests.exceptions.HTTPError: 404 Client Error: Not Found for url: https://api.polygon.io/v3/trades/options/TSLA?limit=2000&apiKey=yBvjEbOtJIKJghRd76ZFAHPX8VbkeeAq
2025-09-10 14:11:19,791 [INFO] Job "main.<locals>.<lambda> (trigger: interval[0:15:00], next run at: 2025-09-10 14:26:19 EDT)" executed successfully
2025-09-10 14:26:19,378 [INFO] Running job "main.<locals>.<lambda> (trigger: interval[0:15:00], next run at: 2025-09-10 14:41:19 EDT)" (scheduled at 2025-09-10 14:26:19.370250-04:00)
2025-09-10 14:26:19,381 [INFO] Fetching trades for ORCL
2025-09-10 14:26:19,506 [ERROR] Error processing symbol ORCL: 404 Client Error: Not Found for url: https://api.polygon.io/v3/trades/options/ORCL?limit=2000&apiKey=yBvjEbOtJIKJghRd76ZFAHPX8VbkeeAq
Traceback (most recent call last):
  File "/Users/saireddykasthuri/options-monitor/options-flow-monitor-e2e.py", line 344, in monitor_once
  File "/Users/saireddykasthuri/options-monitor/options-flow-monitor-e2e.py", line 155, in fetch_trades
  File "/Users/saireddykasthuri/options-monitor/options-flow-monitor-e2e.py", line 97, in fetch_options_trades_polygon
    except (KeyboardInterrupt, SystemExit):
    ^^^^^^^^^^^^^^^^
  File "/Users/saireddykasthuri/options-monitor/venv/lib/python3.13/site-packages/requests/models.py", line 1026, in raise_for_status
    raise HTTPError(http_error_msg, response=self)
requests.exceptions.HTTPError: 404 Client Error: Not Found for url: https://api.polygon.io/v3/trades/options/ORCL?limit=2000&apiKey=yBvjEbOtJIKJghRd76ZFAHPX8VbkeeAq
2025-09-10 14:26:19,511 [INFO] Fetching trades for NBIS
2025-09-10 14:26:19,619 [ERROR] Error processing symbol NBIS: 404 Client Error: Not Found for url: https://api.polygon.io/v3/trades/options/NBIS?limit=2000&apiKey=yBvjEbOtJIKJghRd76ZFAHPX8VbkeeAq
Traceback (most recent call last):
  File "/Users/saireddykasthuri/options-monitor/options-flow-monitor-e2e.py", line 344, in monitor_once
  File "/Users/saireddykasthuri/options-monitor/options-flow-monitor-e2e.py", line 155, in fetch_trades
  File "/Users/saireddykasthuri/options-monitor/options-flow-monitor-e2e.py", line 97, in fetch_options_trades_polygon
    except (KeyboardInterrupt, SystemExit):
    ^^^^^^^^^^^^^^^^
  File "/Users/saireddykasthuri/options-monitor/venv/lib/python3.13/site-packages/requests/models.py", line 1026, in raise_for_status
    raise HTTPError(http_error_msg, response=self)
requests.exceptions.HTTPError: 404 Client Error: Not Found for url: https://api.polygon.io/v3/trades/options/NBIS?limit=2000&apiKey=yBvjEbOtJIKJghRd76ZFAHPX8VbkeeAq
2025-09-10 14:26:19,623 [INFO] Fetching trades for AAPL
2025-09-10 14:26:19,717 [ERROR] Error processing symbol AAPL: 404 Client Error: Not Found for url: https://api.polygon.io/v3/trades/options/AAPL?limit=2000&apiKey=yBvjEbOtJIKJghRd76ZFAHPX8VbkeeAq
Traceback (most recent call last):
  File "/Users/saireddykasthuri/options-monitor/options-flow-monitor-e2e.py", line 344, in monitor_once
  File "/Users/saireddykasthuri/options-monitor/options-flow-monitor-e2e.py", line 155, in fetch_trades
  File "/Users/saireddykasthuri/options-monitor/options-flow-monitor-e2e.py", line 97, in fetch_options_trades_polygon
    except (KeyboardInterrupt, SystemExit):
    ^^^^^^^^^^^^^^^^
  File "/Users/saireddykasthuri/options-monitor/venv/lib/python3.13/site-packages/requests/models.py", line 1026, in raise_for_status
    raise HTTPError(http_error_msg, response=self)
requests.exceptions.HTTPError: 404 Client Error: Not Found for url: https://api.polygon.io/v3/trades/options/AAPL?limit=2000&apiKey=yBvjEbOtJIKJghRd76ZFAHPX8VbkeeAq
2025-09-10 14:26:19,721 [INFO] Fetching trades for TSLA
2025-09-10 14:26:19,803 [ERROR] Error processing symbol TSLA: 404 Client Error: Not Found for url: https://api.polygon.io/v3/trades/options/TSLA?limit=2000&apiKey=yBvjEbOtJIKJghRd76ZFAHPX8VbkeeAq
Traceback (most recent call last):
  File "/Users/saireddykasthuri/options-monitor/options-flow-monitor-e2e.py", line 344, in monitor_once
  File "/Users/saireddykasthuri/options-monitor/options-flow-monitor-e2e.py", line 155, in fetch_trades
  File "/Users/saireddykasthuri/options-monitor/options-flow-monitor-e2e.py", line 97, in fetch_options_trades_polygon
    except (KeyboardInterrupt, SystemExit):
    ^^^^^^^^^^^^^^^^
  File "/Users/saireddykasthuri/options-monitor/venv/lib/python3.13/site-packages/requests/models.py", line 1026, in raise_for_status
    raise HTTPError(http_error_msg, response=self)
requests.exceptions.HTTPError: 404 Client Error: Not Found for url: https://api.polygon.io/v3/trades/options/TSLA?limit=2000&apiKey=yBvjEbOtJIKJghRd76ZFAHPX8VbkeeAq
2025-09-10 14:26:19,807 [INFO] Job "main.<locals>.<lambda> (trigger: interval[0:15:00], next run at: 2025-09-10 14:41:19 EDT)" executed successfully
2025-09-10 14:41:19,376 [INFO] Running job "main.<locals>.<lambda> (trigger: interval[0:15:00], next run at: 2025-09-10 14:56:19 EDT)" (scheduled at 2025-09-10 14:41:19.370250-04:00)
2025-09-10 14:41:19,379 [INFO] Fetching trades for ORCL
2025-09-10 14:41:19,491 [ERROR] Error processing symbol ORCL: 404 Client Error: Not Found for url: https://api.polygon.io/v3/trades/options/ORCL?limit=2000&apiKey=yBvjEbOtJIKJghRd76ZFAHPX8VbkeeAq
Traceback (most recent call last):
  File "/Users/saireddykasthuri/options-monitor/options-flow-monitor-e2e.py", line 344, in monitor_once
  File "/Users/saireddykasthuri/options-monitor/options-flow-monitor-e2e.py", line 155, in fetch_trades
  File "/Users/saireddykasthuri/options-monitor/options-flow-monitor-e2e.py", line 97, in fetch_options_trades_polygon
    except (KeyboardInterrupt, SystemExit):
    ^^^^^^^^^^^^^^^^
  File "/Users/saireddykasthuri/options-monitor/venv/lib/python3.13/site-packages/requests/models.py", line 1026, in raise_for_status
    raise HTTPError(http_error_msg, response=self)
requests.exceptions.HTTPError: 404 Client Error: Not Found for url: https://api.polygon.io/v3/trades/options/ORCL?limit=2000&apiKey=yBvjEbOtJIKJghRd76ZFAHPX8VbkeeAq
2025-09-10 14:41:19,495 [INFO] Fetching trades for NBIS
2025-09-10 14:41:19,576 [ERROR] Error processing symbol NBIS: 404 Client Error: Not Found for url: https://api.polygon.io/v3/trades/options/NBIS?limit=2000&apiKey=yBvjEbOtJIKJghRd76ZFAHPX8VbkeeAq
Traceback (most recent call last):
  File "/Users/saireddykasthuri/options-monitor/options-flow-monitor-e2e.py", line 344, in monitor_once
  File "/Users/saireddykasthuri/options-monitor/options-flow-monitor-e2e.py", line 155, in fetch_trades
  File "/Users/saireddykasthuri/options-monitor/options-flow-monitor-e2e.py", line 97, in fetch_options_trades_polygon
    except (KeyboardInterrupt, SystemExit):
    ^^^^^^^^^^^^^^^^
  File "/Users/saireddykasthuri/options-monitor/venv/lib/python3.13/site-packages/requests/models.py", line 1026, in raise_for_status
    raise HTTPError(http_error_msg, response=self)
requests.exceptions.HTTPError: 404 Client Error: Not Found for url: https://api.polygon.io/v3/trades/options/NBIS?limit=2000&apiKey=yBvjEbOtJIKJghRd76ZFAHPX8VbkeeAq
2025-09-10 14:41:19,580 [INFO] Fetching trades for AAPL
2025-09-10 14:41:19,663 [ERROR] Error processing symbol AAPL: 404 Client Error: Not Found for url: https://api.polygon.io/v3/trades/options/AAPL?limit=2000&apiKey=yBvjEbOtJIKJghRd76ZFAHPX8VbkeeAq
Traceback (most recent call last):
  File "/Users/saireddykasthuri/options-monitor/options-flow-monitor-e2e.py", line 344, in monitor_once
  File "/Users/saireddykasthuri/options-monitor/options-flow-monitor-e2e.py", line 155, in fetch_trades
  File "/Users/saireddykasthuri/options-monitor/options-flow-monitor-e2e.py", line 97, in fetch_options_trades_polygon
    except (KeyboardInterrupt, SystemExit):
    ^^^^^^^^^^^^^^^^
  File "/Users/saireddykasthuri/options-monitor/venv/lib/python3.13/site-packages/requests/models.py", line 1026, in raise_for_status
    raise HTTPError(http_error_msg, response=self)
requests.exceptions.HTTPError: 404 Client Error: Not Found for url: https://api.polygon.io/v3/trades/options/AAPL?limit=2000&apiKey=yBvjEbOtJIKJghRd76ZFAHPX8VbkeeAq
2025-09-10 14:41:19,667 [INFO] Fetching trades for TSLA
2025-09-10 14:41:19,755 [ERROR] Error processing symbol TSLA: 404 Client Error: Not Found for url: https://api.polygon.io/v3/trades/options/TSLA?limit=2000&apiKey=yBvjEbOtJIKJghRd76ZFAHPX8VbkeeAq
Traceback (most recent call last):
  File "/Users/saireddykasthuri/options-monitor/options-flow-monitor-e2e.py", line 344, in monitor_once
  File "/Users/saireddykasthuri/options-monitor/options-flow-monitor-e2e.py", line 155, in fetch_trades
  File "/Users/saireddykasthuri/options-monitor/options-flow-monitor-e2e.py", line 97, in fetch_options_trades_polygon
    except (KeyboardInterrupt, SystemExit):
    ^^^^^^^^^^^^^^^^
  File "/Users/saireddykasthuri/options-monitor/venv/lib/python3.13/site-packages/requests/models.py", line 1026, in raise_for_status
    raise HTTPError(http_error_msg, response=self)
requests.exceptions.HTTPError: 404 Client Error: Not Found for url: https://api.polygon.io/v3/trades/options/TSLA?limit=2000&apiKey=yBvjEbOtJIKJghRd76ZFAHPX8VbkeeAq
2025-09-10 14:41:19,759 [INFO] Job "main.<locals>.<lambda> (trigger: interval[0:15:00], next run at: 2025-09-10 14:56:19 EDT)" executed successfully
2025-09-10 15:38:45,753 [WARNING] Run time of job "main.<locals>.<lambda> (trigger: interval[0:15:00], next run at: 2025-09-10 15:41:19 EDT)" was missed by 0:12:26.382959
2025-09-10 15:41:19,371 [INFO] Running job "main.<locals>.<lambda> (trigger: interval[0:15:00], next run at: 2025-09-10 15:56:19 EDT)" (scheduled at 2025-09-10 15:41:19.370250-04:00)
2025-09-10 15:41:19,374 [INFO] Fetching trades for ORCL
2025-09-10 15:41:19,502 [ERROR] Error processing symbol ORCL: 404 Client Error: Not Found for url: https://api.polygon.io/v3/trades/options/ORCL?limit=2000&apiKey=yBvjEbOtJIKJghRd76ZFAHPX8VbkeeAq
Traceback (most recent call last):
  File "/Users/saireddykasthuri/options-monitor/options-flow-monitor-e2e.py", line 344, in monitor_once
  File "/Users/saireddykasthuri/options-monitor/options-flow-monitor-e2e.py", line 155, in fetch_trades
  File "/Users/saireddykasthuri/options-monitor/options-flow-monitor-e2e.py", line 97, in fetch_options_trades_polygon
    except (KeyboardInterrupt, SystemExit):
    ^^^^^^^^^^^^^^^^
  File "/Users/saireddykasthuri/options-monitor/venv/lib/python3.13/site-packages/requests/models.py", line 1026, in raise_for_status
    raise HTTPError(http_error_msg, response=self)
requests.exceptions.HTTPError: 404 Client Error: Not Found for url: https://api.polygon.io/v3/trades/options/ORCL?limit=2000&apiKey=yBvjEbOtJIKJghRd76ZFAHPX8VbkeeAq
2025-09-10 15:41:19,507 [INFO] Fetching trades for NBIS
2025-09-10 15:41:19,600 [ERROR] Error processing symbol NBIS: 404 Client Error: Not Found for url: https://api.polygon.io/v3/trades/options/NBIS?limit=2000&apiKey=yBvjEbOtJIKJghRd76ZFAHPX8VbkeeAq
Traceback (most recent call last):
  File "/Users/saireddykasthuri/options-monitor/options-flow-monitor-e2e.py", line 344, in monitor_once
  File "/Users/saireddykasthuri/options-monitor/options-flow-monitor-e2e.py", line 155, in fetch_trades
  File "/Users/saireddykasthuri/options-monitor/options-flow-monitor-e2e.py", line 97, in fetch_options_trades_polygon
    except (KeyboardInterrupt, SystemExit):
    ^^^^^^^^^^^^^^^^
  File "/Users/saireddykasthuri/options-monitor/venv/lib/python3.13/site-packages/requests/models.py", line 1026, in raise_for_status
    raise HTTPError(http_error_msg, response=self)
requests.exceptions.HTTPError: 404 Client Error: Not Found for url: https://api.polygon.io/v3/trades/options/NBIS?limit=2000&apiKey=yBvjEbOtJIKJghRd76ZFAHPX8VbkeeAq
2025-09-10 15:41:19,604 [INFO] Fetching trades for AAPL
2025-09-10 15:41:19,689 [ERROR] Error processing symbol AAPL: 404 Client Error: Not Found for url: https://api.polygon.io/v3/trades/options/AAPL?limit=2000&apiKey=yBvjEbOtJIKJghRd76ZFAHPX8VbkeeAq
Traceback (most recent call last):
  File "/Users/saireddykasthuri/options-monitor/options-flow-monitor-e2e.py", line 344, in monitor_once
  File "/Users/saireddykasthuri/options-monitor/options-flow-monitor-e2e.py", line 155, in fetch_trades
  File "/Users/saireddykasthuri/options-monitor/options-flow-monitor-e2e.py", line 97, in fetch_options_trades_polygon
    except (KeyboardInterrupt, SystemExit):
    ^^^^^^^^^^^^^^^^
  File "/Users/saireddykasthuri/options-monitor/venv/lib/python3.13/site-packages/requests/models.py", line 1026, in raise_for_status
    raise HTTPError(http_error_msg, response=self)
requests.exceptions.HTTPError: 404 Client Error: Not Found for url: https://api.polygon.io/v3/trades/options/AAPL?limit=2000&apiKey=yBvjEbOtJIKJghRd76ZFAHPX8VbkeeAq
2025-09-10 15:41:19,693 [INFO] Fetching trades for TSLA
2025-09-10 15:41:19,795 [ERROR] Error processing symbol TSLA: 404 Client Error: Not Found for url: https://api.polygon.io/v3/trades/options/TSLA?limit=2000&apiKey=yBvjEbOtJIKJghRd76ZFAHPX8VbkeeAq
Traceback (most recent call last):
  File "/Users/saireddykasthuri/options-monitor/options-flow-monitor-e2e.py", line 344, in monitor_once
  File "/Users/saireddykasthuri/options-monitor/options-flow-monitor-e2e.py", line 155, in fetch_trades
  File "/Users/saireddykasthuri/options-monitor/options-flow-monitor-e2e.py", line 97, in fetch_options_trades_polygon
    except (KeyboardInterrupt, SystemExit):
    ^^^^^^^^^^^^^^^^
  File "/Users/saireddykasthuri/options-monitor/venv/lib/python3.13/site-packages/requests/models.py", line 1026, in raise_for_status
    raise HTTPError(http_error_msg, response=self)
requests.exceptions.HTTPError: 404 Client Error: Not Found for url: https://api.polygon.io/v3/trades/options/TSLA?limit=2000&apiKey=yBvjEbOtJIKJghRd76ZFAHPX8VbkeeAq
2025-09-10 15:41:19,801 [INFO] Job "main.<locals>.<lambda> (trigger: interval[0:15:00], next run at: 2025-09-10 15:56:19 EDT)" executed successfully
2025-09-10 15:56:19,372 [INFO] Running job "main.<locals>.<lambda> (trigger: interval[0:15:00], next run at: 2025-09-10 16:11:19 EDT)" (scheduled at 2025-09-10 15:56:19.370250-04:00)
2025-09-10 15:56:19,376 [INFO] Fetching trades for ORCL
2025-09-10 15:56:19,495 [ERROR] Error processing symbol ORCL: 404 Client Error: Not Found for url: https://api.polygon.io/v3/trades/options/ORCL?limit=2000&apiKey=yBvjEbOtJIKJghRd76ZFAHPX8VbkeeAq
Traceback (most recent call last):
  File "/Users/saireddykasthuri/options-monitor/options-flow-monitor-e2e.py", line 344, in monitor_once
  File "/Users/saireddykasthuri/options-monitor/options-flow-monitor-e2e.py", line 155, in fetch_trades
  File "/Users/saireddykasthuri/options-monitor/options-flow-monitor-e2e.py", line 97, in fetch_options_trades_polygon
    except (KeyboardInterrupt, SystemExit):
    ^^^^^^^^^^^^^^^^
  File "/Users/saireddykasthuri/options-monitor/venv/lib/python3.13/site-packages/requests/models.py", line 1026, in raise_for_status
    raise HTTPError(http_error_msg, response=self)
requests.exceptions.HTTPError: 404 Client Error: Not Found for url: https://api.polygon.io/v3/trades/options/ORCL?limit=2000&apiKey=yBvjEbOtJIKJghRd76ZFAHPX8VbkeeAq
2025-09-10 15:56:19,499 [INFO] Fetching trades for NBIS
2025-09-10 15:56:19,593 [ERROR] Error processing symbol NBIS: 404 Client Error: Not Found for url: https://api.polygon.io/v3/trades/options/NBIS?limit=2000&apiKey=yBvjEbOtJIKJghRd76ZFAHPX8VbkeeAq
Traceback (most recent call last):
  File "/Users/saireddykasthuri/options-monitor/options-flow-monitor-e2e.py", line 344, in monitor_once
  File "/Users/saireddykasthuri/options-monitor/options-flow-monitor-e2e.py", line 155, in fetch_trades
  File "/Users/saireddykasthuri/options-monitor/options-flow-monitor-e2e.py", line 97, in fetch_options_trades_polygon
    except (KeyboardInterrupt, SystemExit):
    ^^^^^^^^^^^^^^^^
  File "/Users/saireddykasthuri/options-monitor/venv/lib/python3.13/site-packages/requests/models.py", line 1026, in raise_for_status
    raise HTTPError(http_error_msg, response=self)
requests.exceptions.HTTPError: 404 Client Error: Not Found for url: https://api.polygon.io/v3/trades/options/NBIS?limit=2000&apiKey=yBvjEbOtJIKJghRd76ZFAHPX8VbkeeAq
2025-09-10 15:56:19,597 [INFO] Fetching trades for AAPL
2025-09-10 15:56:19,697 [ERROR] Error processing symbol AAPL: 404 Client Error: Not Found for url: https://api.polygon.io/v3/trades/options/AAPL?limit=2000&apiKey=yBvjEbOtJIKJghRd76ZFAHPX8VbkeeAq
Traceback (most recent call last):
  File "/Users/saireddykasthuri/options-monitor/options-flow-monitor-e2e.py", line 344, in monitor_once
  File "/Users/saireddykasthuri/options-monitor/options-flow-monitor-e2e.py", line 155, in fetch_trades
  File "/Users/saireddykasthuri/options-monitor/options-flow-monitor-e2e.py", line 97, in fetch_options_trades_polygon
    except (KeyboardInterrupt, SystemExit):
    ^^^^^^^^^^^^^^^^
  File "/Users/saireddykasthuri/options-monitor/venv/lib/python3.13/site-packages/requests/models.py", line 1026, in raise_for_status
    raise HTTPError(http_error_msg, response=self)
requests.exceptions.HTTPError: 404 Client Error: Not Found for url: https://api.polygon.io/v3/trades/options/AAPL?limit=2000&apiKey=yBvjEbOtJIKJghRd76ZFAHPX8VbkeeAq
2025-09-10 15:56:19,700 [INFO] Fetching trades for TSLA
2025-09-10 15:56:19,857 [ERROR] Error processing symbol TSLA: 404 Client Error: Not Found for url: https://api.polygon.io/v3/trades/options/TSLA?limit=2000&apiKey=yBvjEbOtJIKJghRd76ZFAHPX8VbkeeAq
Traceback (most recent call last):
  File "/Users/saireddykasthuri/options-monitor/options-flow-monitor-e2e.py", line 344, in monitor_once
  File "/Users/saireddykasthuri/options-monitor/options-flow-monitor-e2e.py", line 155, in fetch_trades
  File "/Users/saireddykasthuri/options-monitor/options-flow-monitor-e2e.py", line 97, in fetch_options_trades_polygon
    except (KeyboardInterrupt, SystemExit):
    ^^^^^^^^^^^^^^^^
  File "/Users/saireddykasthuri/options-monitor/venv/lib/python3.13/site-packages/requests/models.py", line 1026, in raise_for_status
    raise HTTPError(http_error_msg, response=self)
requests.exceptions.HTTPError: 404 Client Error: Not Found for url: https://api.polygon.io/v3/trades/options/TSLA?limit=2000&apiKey=yBvjEbOtJIKJghRd76ZFAHPX8VbkeeAq
2025-09-10 15:56:19,863 [INFO] Job "main.<locals>.<lambda> (trigger: interval[0:15:00], next run at: 2025-09-10 16:11:19 EDT)" executed successfully
2025-09-10 16:11:19,375 [INFO] Running job "main.<locals>.<lambda> (trigger: interval[0:15:00], next run at: 2025-09-10 16:26:19 EDT)" (scheduled at 2025-09-10 16:11:19.370250-04:00)
2025-09-10 16:11:19,378 [INFO] Fetching trades for ORCL
2025-09-10 16:11:19,513 [ERROR] Error processing symbol ORCL: 404 Client Error: Not Found for url: https://api.polygon.io/v3/trades/options/ORCL?limit=2000&apiKey=yBvjEbOtJIKJghRd76ZFAHPX8VbkeeAq
Traceback (most recent call last):
  File "/Users/saireddykasthuri/options-monitor/options-flow-monitor-e2e.py", line 344, in monitor_once
  File "/Users/saireddykasthuri/options-monitor/options-flow-monitor-e2e.py", line 155, in fetch_trades
  File "/Users/saireddykasthuri/options-monitor/options-flow-monitor-e2e.py", line 97, in fetch_options_trades_polygon
    except (KeyboardInterrupt, SystemExit):
    ^^^^^^^^^^^^^^^^
  File "/Users/saireddykasthuri/options-monitor/venv/lib/python3.13/site-packages/requests/models.py", line 1026, in raise_for_status
    raise HTTPError(http_error_msg, response=self)
requests.exceptions.HTTPError: 404 Client Error: Not Found for url: https://api.polygon.io/v3/trades/options/ORCL?limit=2000&apiKey=yBvjEbOtJIKJghRd76ZFAHPX8VbkeeAq
2025-09-10 16:11:19,520 [INFO] Fetching trades for NBIS
2025-09-10 16:11:19,608 [ERROR] Error processing symbol NBIS: 404 Client Error: Not Found for url: https://api.polygon.io/v3/trades/options/NBIS?limit=2000&apiKey=yBvjEbOtJIKJghRd76ZFAHPX8VbkeeAq
Traceback (most recent call last):
  File "/Users/saireddykasthuri/options-monitor/options-flow-monitor-e2e.py", line 344, in monitor_once
  File "/Users/saireddykasthuri/options-monitor/options-flow-monitor-e2e.py", line 155, in fetch_trades
  File "/Users/saireddykasthuri/options-monitor/options-flow-monitor-e2e.py", line 97, in fetch_options_trades_polygon
    except (KeyboardInterrupt, SystemExit):
    ^^^^^^^^^^^^^^^^
  File "/Users/saireddykasthuri/options-monitor/venv/lib/python3.13/site-packages/requests/models.py", line 1026, in raise_for_status
    raise HTTPError(http_error_msg, response=self)
requests.exceptions.HTTPError: 404 Client Error: Not Found for url: https://api.polygon.io/v3/trades/options/NBIS?limit=2000&apiKey=yBvjEbOtJIKJghRd76ZFAHPX8VbkeeAq
2025-09-10 16:11:19,613 [INFO] Fetching trades for AAPL
2025-09-10 16:11:19,704 [ERROR] Error processing symbol AAPL: 404 Client Error: Not Found for url: https://api.polygon.io/v3/trades/options/AAPL?limit=2000&apiKey=yBvjEbOtJIKJghRd76ZFAHPX8VbkeeAq
Traceback (most recent call last):
  File "/Users/saireddykasthuri/options-monitor/options-flow-monitor-e2e.py", line 344, in monitor_once
  File "/Users/saireddykasthuri/options-monitor/options-flow-monitor-e2e.py", line 155, in fetch_trades
  File "/Users/saireddykasthuri/options-monitor/options-flow-monitor-e2e.py", line 97, in fetch_options_trades_polygon
    except (KeyboardInterrupt, SystemExit):
    ^^^^^^^^^^^^^^^^
  File "/Users/saireddykasthuri/options-monitor/venv/lib/python3.13/site-packages/requests/models.py", line 1026, in raise_for_status
    raise HTTPError(http_error_msg, response=self)
requests.exceptions.HTTPError: 404 Client Error: Not Found for url: https://api.polygon.io/v3/trades/options/AAPL?limit=2000&apiKey=yBvjEbOtJIKJghRd76ZFAHPX8VbkeeAq
2025-09-10 16:11:19,709 [INFO] Fetching trades for TSLA
2025-09-10 16:11:19,792 [ERROR] Error processing symbol TSLA: 404 Client Error: Not Found for url: https://api.polygon.io/v3/trades/options/TSLA?limit=2000&apiKey=yBvjEbOtJIKJghRd76ZFAHPX8VbkeeAq
Traceback (most recent call last):
  File "/Users/saireddykasthuri/options-monitor/options-flow-monitor-e2e.py", line 344, in monitor_once
  File "/Users/saireddykasthuri/options-monitor/options-flow-monitor-e2e.py", line 155, in fetch_trades
  File "/Users/saireddykasthuri/options-monitor/options-flow-monitor-e2e.py", line 97, in fetch_options_trades_polygon
    except (KeyboardInterrupt, SystemExit):
    ^^^^^^^^^^^^^^^^
  File "/Users/saireddykasthuri/options-monitor/venv/lib/python3.13/site-packages/requests/models.py", line 1026, in raise_for_status
    raise HTTPError(http_error_msg, response=self)
requests.exceptions.HTTPError: 404 Client Error: Not Found for url: https://api.polygon.io/v3/trades/options/TSLA?limit=2000&apiKey=yBvjEbOtJIKJghRd76ZFAHPX8VbkeeAq
2025-09-10 16:11:19,798 [INFO] Job "main.<locals>.<lambda> (trigger: interval[0:15:00], next run at: 2025-09-10 16:26:19 EDT)" executed successfully
2025-09-10 16:26:19,376 [INFO] Running job "main.<locals>.<lambda> (trigger: interval[0:15:00], next run at: 2025-09-10 16:41:19 EDT)" (scheduled at 2025-09-10 16:26:19.370250-04:00)
2025-09-10 16:26:19,378 [INFO] Fetching trades for ORCL
2025-09-10 16:26:19,491 [ERROR] Error processing symbol ORCL: 404 Client Error: Not Found for url: https://api.polygon.io/v3/trades/options/ORCL?limit=2000&apiKey=yBvjEbOtJIKJghRd76ZFAHPX8VbkeeAq
Traceback (most recent call last):
  File "/Users/saireddykasthuri/options-monitor/options-flow-monitor-e2e.py", line 344, in monitor_once
  File "/Users/saireddykasthuri/options-monitor/options-flow-monitor-e2e.py", line 155, in fetch_trades
  File "/Users/saireddykasthuri/options-monitor/options-flow-monitor-e2e.py", line 97, in fetch_options_trades_polygon
    except (KeyboardInterrupt, SystemExit):
    ^^^^^^^^^^^^^^^^
  File "/Users/saireddykasthuri/options-monitor/venv/lib/python3.13/site-packages/requests/models.py", line 1026, in raise_for_status
    raise HTTPError(http_error_msg, response=self)
requests.exceptions.HTTPError: 404 Client Error: Not Found for url: https://api.polygon.io/v3/trades/options/ORCL?limit=2000&apiKey=yBvjEbOtJIKJghRd76ZFAHPX8VbkeeAq
2025-09-10 16:26:19,497 [INFO] Fetching trades for NBIS
2025-09-10 16:26:19,586 [ERROR] Error processing symbol NBIS: 404 Client Error: Not Found for url: https://api.polygon.io/v3/trades/options/NBIS?limit=2000&apiKey=yBvjEbOtJIKJghRd76ZFAHPX8VbkeeAq
Traceback (most recent call last):
  File "/Users/saireddykasthuri/options-monitor/options-flow-monitor-e2e.py", line 344, in monitor_once
  File "/Users/saireddykasthuri/options-monitor/options-flow-monitor-e2e.py", line 155, in fetch_trades
  File "/Users/saireddykasthuri/options-monitor/options-flow-monitor-e2e.py", line 97, in fetch_options_trades_polygon
    except (KeyboardInterrupt, SystemExit):
    ^^^^^^^^^^^^^^^^
  File "/Users/saireddykasthuri/options-monitor/venv/lib/python3.13/site-packages/requests/models.py", line 1026, in raise_for_status
    raise HTTPError(http_error_msg, response=self)
requests.exceptions.HTTPError: 404 Client Error: Not Found for url: https://api.polygon.io/v3/trades/options/NBIS?limit=2000&apiKey=yBvjEbOtJIKJghRd76ZFAHPX8VbkeeAq
2025-09-10 16:26:19,591 [INFO] Fetching trades for AAPL
2025-09-10 16:26:19,681 [ERROR] Error processing symbol AAPL: 404 Client Error: Not Found for url: https://api.polygon.io/v3/trades/options/AAPL?limit=2000&apiKey=yBvjEbOtJIKJghRd76ZFAHPX8VbkeeAq
Traceback (most recent call last):
  File "/Users/saireddykasthuri/options-monitor/options-flow-monitor-e2e.py", line 344, in monitor_once
  File "/Users/saireddykasthuri/options-monitor/options-flow-monitor-e2e.py", line 155, in fetch_trades
  File "/Users/saireddykasthuri/options-monitor/options-flow-monitor-e2e.py", line 97, in fetch_options_trades_polygon
    except (KeyboardInterrupt, SystemExit):
    ^^^^^^^^^^^^^^^^
  File "/Users/saireddykasthuri/options-monitor/venv/lib/python3.13/site-packages/requests/models.py", line 1026, in raise_for_status
    raise HTTPError(http_error_msg, response=self)
requests.exceptions.HTTPError: 404 Client Error: Not Found for url: https://api.polygon.io/v3/trades/options/AAPL?limit=2000&apiKey=yBvjEbOtJIKJghRd76ZFAHPX8VbkeeAq
2025-09-10 16:26:19,685 [INFO] Fetching trades for TSLA
2025-09-10 16:26:19,779 [ERROR] Error processing symbol TSLA: 404 Client Error: Not Found for url: https://api.polygon.io/v3/trades/options/TSLA?limit=2000&apiKey=yBvjEbOtJIKJghRd76ZFAHPX8VbkeeAq
Traceback (most recent call last):
  File "/Users/saireddykasthuri/options-monitor/options-flow-monitor-e2e.py", line 344, in monitor_once
  File "/Users/saireddykasthuri/options-monitor/options-flow-monitor-e2e.py", line 155, in fetch_trades
  File "/Users/saireddykasthuri/options-monitor/options-flow-monitor-e2e.py", line 97, in fetch_options_trades_polygon
    except (KeyboardInterrupt, SystemExit):
    ^^^^^^^^^^^^^^^^
  File "/Users/saireddykasthuri/options-monitor/venv/lib/python3.13/site-packages/requests/models.py", line 1026, in raise_for_status
    raise HTTPError(http_error_msg, response=self)
requests.exceptions.HTTPError: 404 Client Error: Not Found for url: https://api.polygon.io/v3/trades/options/TSLA?limit=2000&apiKey=yBvjEbOtJIKJghRd76ZFAHPX8VbkeeAq
2025-09-10 16:26:19,783 [INFO] Job "main.<locals>.<lambda> (trigger: interval[0:15:00], next run at: 2025-09-10 16:41:19 EDT)" executed successfully
2025-09-10 22:23:33,656 [WARNING] Run time of job "main.<locals>.<lambda> (trigger: interval[0:15:00], next run at: 2025-09-10 22:26:19 EDT)" was missed by 0:12:14.286010
2025-09-11 01:15:28,334 [WARNING] Run time of job "main.<locals>.<lambda> (trigger: interval[0:15:00], next run at: 2025-09-11 01:26:19 EDT)" was missed by 0:04:08.963682
2025-09-11 09:28:29,187 [WARNING] Run time of job "main.<locals>.<lambda> (trigger: interval[0:15:00], next run at: 2025-09-11 09:41:19 EDT)" was missed by 0:02:09.817406
2025-09-11 10:46:54,936 [WARNING] Run time of job "main.<locals>.<lambda> (trigger: interval[0:15:00], next run at: 2025-09-11 10:56:19 EDT)" was missed by 0:05:35.565842
2025-09-11 10:56:19,373 [INFO] Running job "main.<locals>.<lambda> (trigger: interval[0:15:00], next run at: 2025-09-11 11:11:19 EDT)" (scheduled at 2025-09-11 10:56:19.370250-04:00)
2025-09-11 10:56:19,374 [INFO] Fetching trades for ORCL
2025-09-11 10:56:19,494 [ERROR] Error processing symbol ORCL: 404 Client Error: Not Found for url: https://api.polygon.io/v3/trades/options/ORCL?limit=2000&apiKey=yBvjEbOtJIKJghRd76ZFAHPX8VbkeeAq
Traceback (most recent call last):
  File "/Users/saireddykasthuri/options-monitor/options-flow-monitor-e2e.py", line 344, in monitor_once
  File "/Users/saireddykasthuri/options-monitor/options-flow-monitor-e2e.py", line 155, in fetch_trades
  File "/Users/saireddykasthuri/options-monitor/options-flow-monitor-e2e.py", line 97, in fetch_options_trades_polygon
    except (KeyboardInterrupt, SystemExit):
    ^^^^^^^^^^^^^^^^
  File "/Users/saireddykasthuri/options-monitor/venv/lib/python3.13/site-packages/requests/models.py", line 1026, in raise_for_status
    raise HTTPError(http_error_msg, response=self)
requests.exceptions.HTTPError: 404 Client Error: Not Found for url: https://api.polygon.io/v3/trades/options/ORCL?limit=2000&apiKey=yBvjEbOtJIKJghRd76ZFAHPX8VbkeeAq
2025-09-11 10:56:19,503 [INFO] Fetching trades for NBIS
2025-09-11 10:56:19,580 [ERROR] Error processing symbol NBIS: 404 Client Error: Not Found for url: https://api.polygon.io/v3/trades/options/NBIS?limit=2000&apiKey=yBvjEbOtJIKJghRd76ZFAHPX8VbkeeAq
Traceback (most recent call last):
  File "/Users/saireddykasthuri/options-monitor/options-flow-monitor-e2e.py", line 344, in monitor_once
  File "/Users/saireddykasthuri/options-monitor/options-flow-monitor-e2e.py", line 155, in fetch_trades
  File "/Users/saireddykasthuri/options-monitor/options-flow-monitor-e2e.py", line 97, in fetch_options_trades_polygon
    except (KeyboardInterrupt, SystemExit):
    ^^^^^^^^^^^^^^^^
  File "/Users/saireddykasthuri/options-monitor/venv/lib/python3.13/site-packages/requests/models.py", line 1026, in raise_for_status
    raise HTTPError(http_error_msg, response=self)
requests.exceptions.HTTPError: 404 Client Error: Not Found for url: https://api.polygon.io/v3/trades/options/NBIS?limit=2000&apiKey=yBvjEbOtJIKJghRd76ZFAHPX8VbkeeAq
2025-09-11 10:56:19,585 [INFO] Fetching trades for AAPL
2025-09-11 10:56:19,675 [ERROR] Error processing symbol AAPL: 404 Client Error: Not Found for url: https://api.polygon.io/v3/trades/options/AAPL?limit=2000&apiKey=yBvjEbOtJIKJghRd76ZFAHPX8VbkeeAq
Traceback (most recent call last):
  File "/Users/saireddykasthuri/options-monitor/options-flow-monitor-e2e.py", line 344, in monitor_once
  File "/Users/saireddykasthuri/options-monitor/options-flow-monitor-e2e.py", line 155, in fetch_trades
  File "/Users/saireddykasthuri/options-monitor/options-flow-monitor-e2e.py", line 97, in fetch_options_trades_polygon
    except (KeyboardInterrupt, SystemExit):
    ^^^^^^^^^^^^^^^^
  File "/Users/saireddykasthuri/options-monitor/venv/lib/python3.13/site-packages/requests/models.py", line 1026, in raise_for_status
    raise HTTPError(http_error_msg, response=self)
requests.exceptions.HTTPError: 404 Client Error: Not Found for url: https://api.polygon.io/v3/trades/options/AAPL?limit=2000&apiKey=yBvjEbOtJIKJghRd76ZFAHPX8VbkeeAq
2025-09-11 10:56:19,681 [INFO] Fetching trades for TSLA
2025-09-11 10:56:19,768 [ERROR] Error processing symbol TSLA: 404 Client Error: Not Found for url: https://api.polygon.io/v3/trades/options/TSLA?limit=2000&apiKey=yBvjEbOtJIKJghRd76ZFAHPX8VbkeeAq
Traceback (most recent call last):
  File "/Users/saireddykasthuri/options-monitor/options-flow-monitor-e2e.py", line 344, in monitor_once
  File "/Users/saireddykasthuri/options-monitor/options-flow-monitor-e2e.py", line 155, in fetch_trades
  File "/Users/saireddykasthuri/options-monitor/options-flow-monitor-e2e.py", line 97, in fetch_options_trades_polygon
    except (KeyboardInterrupt, SystemExit):
    ^^^^^^^^^^^^^^^^
  File "/Users/saireddykasthuri/options-monitor/venv/lib/python3.13/site-packages/requests/models.py", line 1026, in raise_for_status
    raise HTTPError(http_error_msg, response=self)
requests.exceptions.HTTPError: 404 Client Error: Not Found for url: https://api.polygon.io/v3/trades/options/TSLA?limit=2000&apiKey=yBvjEbOtJIKJghRd76ZFAHPX8VbkeeAq
2025-09-11 10:56:19,773 [INFO] Job "main.<locals>.<lambda> (trigger: interval[0:15:00], next run at: 2025-09-11 11:11:19 EDT)" executed successfully
2025-09-11 11:11:19,372 [INFO] Running job "main.<locals>.<lambda> (trigger: interval[0:15:00], next run at: 2025-09-11 11:26:19 EDT)" (scheduled at 2025-09-11 11:11:19.370250-04:00)
2025-09-11 11:11:19,375 [INFO] Fetching trades for ORCL
2025-09-11 11:11:19,493 [ERROR] Error processing symbol ORCL: 404 Client Error: Not Found for url: https://api.polygon.io/v3/trades/options/ORCL?limit=2000&apiKey=yBvjEbOtJIKJghRd76ZFAHPX8VbkeeAq
Traceback (most recent call last):
  File "/Users/saireddykasthuri/options-monitor/options-flow-monitor-e2e.py", line 344, in monitor_once
  File "/Users/saireddykasthuri/options-monitor/options-flow-monitor-e2e.py", line 155, in fetch_trades
  File "/Users/saireddykasthuri/options-monitor/options-flow-monitor-e2e.py", line 97, in fetch_options_trades_polygon
    except (KeyboardInterrupt, SystemExit):
    ^^^^^^^^^^^^^^^^
  File "/Users/saireddykasthuri/options-monitor/venv/lib/python3.13/site-packages/requests/models.py", line 1026, in raise_for_status
    raise HTTPError(http_error_msg, response=self)
requests.exceptions.HTTPError: 404 Client Error: Not Found for url: https://api.polygon.io/v3/trades/options/ORCL?limit=2000&apiKey=yBvjEbOtJIKJghRd76ZFAHPX8VbkeeAq
2025-09-11 11:11:19,497 [INFO] Fetching trades for NBIS
2025-09-11 11:11:19,587 [ERROR] Error processing symbol NBIS: 404 Client Error: Not Found for url: https://api.polygon.io/v3/trades/options/NBIS?limit=2000&apiKey=yBvjEbOtJIKJghRd76ZFAHPX8VbkeeAq
Traceback (most recent call last):
  File "/Users/saireddykasthuri/options-monitor/options-flow-monitor-e2e.py", line 344, in monitor_once
  File "/Users/saireddykasthuri/options-monitor/options-flow-monitor-e2e.py", line 155, in fetch_trades
  File "/Users/saireddykasthuri/options-monitor/options-flow-monitor-e2e.py", line 97, in fetch_options_trades_polygon
    except (KeyboardInterrupt, SystemExit):
    ^^^^^^^^^^^^^^^^
  File "/Users/saireddykasthuri/options-monitor/venv/lib/python3.13/site-packages/requests/models.py", line 1026, in raise_for_status
    raise HTTPError(http_error_msg, response=self)
requests.exceptions.HTTPError: 404 Client Error: Not Found for url: https://api.polygon.io/v3/trades/options/NBIS?limit=2000&apiKey=yBvjEbOtJIKJghRd76ZFAHPX8VbkeeAq
2025-09-11 11:11:19,591 [INFO] Fetching trades for AAPL
2025-09-11 11:11:19,681 [ERROR] Error processing symbol AAPL: 404 Client Error: Not Found for url: https://api.polygon.io/v3/trades/options/AAPL?limit=2000&apiKey=yBvjEbOtJIKJghRd76ZFAHPX8VbkeeAq
Traceback (most recent call last):
  File "/Users/saireddykasthuri/options-monitor/options-flow-monitor-e2e.py", line 344, in monitor_once
  File "/Users/saireddykasthuri/options-monitor/options-flow-monitor-e2e.py", line 155, in fetch_trades
  File "/Users/saireddykasthuri/options-monitor/options-flow-monitor-e2e.py", line 97, in fetch_options_trades_polygon
    except (KeyboardInterrupt, SystemExit):
    ^^^^^^^^^^^^^^^^
  File "/Users/saireddykasthuri/options-monitor/venv/lib/python3.13/site-packages/requests/models.py", line 1026, in raise_for_status
    raise HTTPError(http_error_msg, response=self)
requests.exceptions.HTTPError: 404 Client Error: Not Found for url: https://api.polygon.io/v3/trades/options/AAPL?limit=2000&apiKey=yBvjEbOtJIKJghRd76ZFAHPX8VbkeeAq
2025-09-11 11:11:19,685 [INFO] Fetching trades for TSLA
2025-09-11 11:11:19,769 [ERROR] Error processing symbol TSLA: 404 Client Error: Not Found for url: https://api.polygon.io/v3/trades/options/TSLA?limit=2000&apiKey=yBvjEbOtJIKJghRd76ZFAHPX8VbkeeAq
Traceback (most recent call last):
  File "/Users/saireddykasthuri/options-monitor/options-flow-monitor-e2e.py", line 344, in monitor_once
  File "/Users/saireddykasthuri/options-monitor/options-flow-monitor-e2e.py", line 155, in fetch_trades
  File "/Users/saireddykasthuri/options-monitor/options-flow-monitor-e2e.py", line 97, in fetch_options_trades_polygon
    except (KeyboardInterrupt, SystemExit):
    ^^^^^^^^^^^^^^^^
  File "/Users/saireddykasthuri/options-monitor/venv/lib/python3.13/site-packages/requests/models.py", line 1026, in raise_for_status
    raise HTTPError(http_error_msg, response=self)
requests.exceptions.HTTPError: 404 Client Error: Not Found for url: https://api.polygon.io/v3/trades/options/TSLA?limit=2000&apiKey=yBvjEbOtJIKJghRd76ZFAHPX8VbkeeAq
2025-09-11 11:11:19,773 [INFO] Job "main.<locals>.<lambda> (trigger: interval[0:15:00], next run at: 2025-09-11 11:26:19 EDT)" executed successfully
2025-09-11 11:26:19,425 [INFO] Running job "main.<locals>.<lambda> (trigger: interval[0:15:00], next run at: 2025-09-11 11:41:19 EDT)" (scheduled at 2025-09-11 11:26:19.370250-04:00)
2025-09-11 11:26:19,426 [INFO] Fetching trades for ORCL
2025-09-11 11:26:19,545 [ERROR] Error processing symbol ORCL: 404 Client Error: Not Found for url: https://api.polygon.io/v3/trades/options/ORCL?limit=2000&apiKey=yBvjEbOtJIKJghRd76ZFAHPX8VbkeeAq
Traceback (most recent call last):
  File "/Users/saireddykasthuri/options-monitor/options-flow-monitor-e2e.py", line 344, in monitor_once
  File "/Users/saireddykasthuri/options-monitor/options-flow-monitor-e2e.py", line 155, in fetch_trades
  File "/Users/saireddykasthuri/options-monitor/options-flow-monitor-e2e.py", line 97, in fetch_options_trades_polygon
    except (KeyboardInterrupt, SystemExit):
    ^^^^^^^^^^^^^^^^
  File "/Users/saireddykasthuri/options-monitor/venv/lib/python3.13/site-packages/requests/models.py", line 1026, in raise_for_status
    raise HTTPError(http_error_msg, response=self)
requests.exceptions.HTTPError: 404 Client Error: Not Found for url: https://api.polygon.io/v3/trades/options/ORCL?limit=2000&apiKey=yBvjEbOtJIKJghRd76ZFAHPX8VbkeeAq
2025-09-11 11:26:19,549 [INFO] Fetching trades for NBIS
2025-09-11 11:26:19,640 [ERROR] Error processing symbol NBIS: 404 Client Error: Not Found for url: https://api.polygon.io/v3/trades/options/NBIS?limit=2000&apiKey=yBvjEbOtJIKJghRd76ZFAHPX8VbkeeAq
Traceback (most recent call last):
  File "/Users/saireddykasthuri/options-monitor/options-flow-monitor-e2e.py", line 344, in monitor_once
  File "/Users/saireddykasthuri/options-monitor/options-flow-monitor-e2e.py", line 155, in fetch_trades
  File "/Users/saireddykasthuri/options-monitor/options-flow-monitor-e2e.py", line 97, in fetch_options_trades_polygon
    except (KeyboardInterrupt, SystemExit):
    ^^^^^^^^^^^^^^^^
  File "/Users/saireddykasthuri/options-monitor/venv/lib/python3.13/site-packages/requests/models.py", line 1026, in raise_for_status
    raise HTTPError(http_error_msg, response=self)
requests.exceptions.HTTPError: 404 Client Error: Not Found for url: https://api.polygon.io/v3/trades/options/NBIS?limit=2000&apiKey=yBvjEbOtJIKJghRd76ZFAHPX8VbkeeAq
2025-09-11 11:26:19,644 [INFO] Fetching trades for AAPL
2025-09-11 11:26:19,739 [ERROR] Error processing symbol AAPL: 404 Client Error: Not Found for url: https://api.polygon.io/v3/trades/options/AAPL?limit=2000&apiKey=yBvjEbOtJIKJghRd76ZFAHPX8VbkeeAq
Traceback (most recent call last):
  File "/Users/saireddykasthuri/options-monitor/options-flow-monitor-e2e.py", line 344, in monitor_once
  File "/Users/saireddykasthuri/options-monitor/options-flow-monitor-e2e.py", line 155, in fetch_trades
  File "/Users/saireddykasthuri/options-monitor/options-flow-monitor-e2e.py", line 97, in fetch_options_trades_polygon
    except (KeyboardInterrupt, SystemExit):
    ^^^^^^^^^^^^^^^^
  File "/Users/saireddykasthuri/options-monitor/venv/lib/python3.13/site-packages/requests/models.py", line 1026, in raise_for_status
    raise HTTPError(http_error_msg, response=self)
requests.exceptions.HTTPError: 404 Client Error: Not Found for url: https://api.polygon.io/v3/trades/options/AAPL?limit=2000&apiKey=yBvjEbOtJIKJghRd76ZFAHPX8VbkeeAq
2025-09-11 11:26:19,743 [INFO] Fetching trades for TSLA
2025-09-11 11:26:19,841 [ERROR] Error processing symbol TSLA: 404 Client Error: Not Found for url: https://api.polygon.io/v3/trades/options/TSLA?limit=2000&apiKey=yBvjEbOtJIKJghRd76ZFAHPX8VbkeeAq
Traceback (most recent call last):
  File "/Users/saireddykasthuri/options-monitor/options-flow-monitor-e2e.py", line 344, in monitor_once
  File "/Users/saireddykasthuri/options-monitor/options-flow-monitor-e2e.py", line 155, in fetch_trades
  File "/Users/saireddykasthuri/options-monitor/options-flow-monitor-e2e.py", line 97, in fetch_options_trades_polygon
    except (KeyboardInterrupt, SystemExit):
    ^^^^^^^^^^^^^^^^
  File "/Users/saireddykasthuri/options-monitor/venv/lib/python3.13/site-packages/requests/models.py", line 1026, in raise_for_status
    raise HTTPError(http_error_msg, response=self)
requests.exceptions.HTTPError: 404 Client Error: Not Found for url: https://api.polygon.io/v3/trades/options/TSLA?limit=2000&apiKey=yBvjEbOtJIKJghRd76ZFAHPX8VbkeeAq
2025-09-11 11:26:19,846 [INFO] Job "main.<locals>.<lambda> (trigger: interval[0:15:00], next run at: 2025-09-11 11:41:19 EDT)" executed successfully
2025-09-11 11:41:19,386 [INFO] Running job "main.<locals>.<lambda> (trigger: interval[0:15:00], next run at: 2025-09-11 11:56:19 EDT)" (scheduled at 2025-09-11 11:41:19.370250-04:00)
2025-09-11 11:41:19,388 [INFO] Fetching trades for ORCL
2025-09-11 11:41:19,493 [ERROR] Error processing symbol ORCL: 404 Client Error: Not Found for url: https://api.polygon.io/v3/trades/options/ORCL?limit=2000&apiKey=yBvjEbOtJIKJghRd76ZFAHPX8VbkeeAq
Traceback (most recent call last):
  File "/Users/saireddykasthuri/options-monitor/options-flow-monitor-e2e.py", line 344, in monitor_once
  File "/Users/saireddykasthuri/options-monitor/options-flow-monitor-e2e.py", line 155, in fetch_trades
  File "/Users/saireddykasthuri/options-monitor/options-flow-monitor-e2e.py", line 97, in fetch_options_trades_polygon
    except (KeyboardInterrupt, SystemExit):
    ^^^^^^^^^^^^^^^^
  File "/Users/saireddykasthuri/options-monitor/venv/lib/python3.13/site-packages/requests/models.py", line 1026, in raise_for_status
    raise HTTPError(http_error_msg, response=self)
requests.exceptions.HTTPError: 404 Client Error: Not Found for url: https://api.polygon.io/v3/trades/options/ORCL?limit=2000&apiKey=yBvjEbOtJIKJghRd76ZFAHPX8VbkeeAq
2025-09-11 11:41:19,498 [INFO] Fetching trades for NBIS
2025-09-11 11:41:19,577 [ERROR] Error processing symbol NBIS: 404 Client Error: Not Found for url: https://api.polygon.io/v3/trades/options/NBIS?limit=2000&apiKey=yBvjEbOtJIKJghRd76ZFAHPX8VbkeeAq
Traceback (most recent call last):
  File "/Users/saireddykasthuri/options-monitor/options-flow-monitor-e2e.py", line 344, in monitor_once
  File "/Users/saireddykasthuri/options-monitor/options-flow-monitor-e2e.py", line 155, in fetch_trades
  File "/Users/saireddykasthuri/options-monitor/options-flow-monitor-e2e.py", line 97, in fetch_options_trades_polygon
    except (KeyboardInterrupt, SystemExit):
    ^^^^^^^^^^^^^^^^
  File "/Users/saireddykasthuri/options-monitor/venv/lib/python3.13/site-packages/requests/models.py", line 1026, in raise_for_status
    raise HTTPError(http_error_msg, response=self)
requests.exceptions.HTTPError: 404 Client Error: Not Found for url: https://api.polygon.io/v3/trades/options/NBIS?limit=2000&apiKey=yBvjEbOtJIKJghRd76ZFAHPX8VbkeeAq
2025-09-11 11:41:19,583 [INFO] Fetching trades for AAPL
2025-09-11 11:41:19,666 [ERROR] Error processing symbol AAPL: 404 Client Error: Not Found for url: https://api.polygon.io/v3/trades/options/AAPL?limit=2000&apiKey=yBvjEbOtJIKJghRd76ZFAHPX8VbkeeAq
Traceback (most recent call last):
  File "/Users/saireddykasthuri/options-monitor/options-flow-monitor-e2e.py", line 344, in monitor_once
  File "/Users/saireddykasthuri/options-monitor/options-flow-monitor-e2e.py", line 155, in fetch_trades
  File "/Users/saireddykasthuri/options-monitor/options-flow-monitor-e2e.py", line 97, in fetch_options_trades_polygon
    except (KeyboardInterrupt, SystemExit):
    ^^^^^^^^^^^^^^^^
  File "/Users/saireddykasthuri/options-monitor/venv/lib/python3.13/site-packages/requests/models.py", line 1026, in raise_for_status
    raise HTTPError(http_error_msg, response=self)
requests.exceptions.HTTPError: 404 Client Error: Not Found for url: https://api.polygon.io/v3/trades/options/AAPL?limit=2000&apiKey=yBvjEbOtJIKJghRd76ZFAHPX8VbkeeAq
2025-09-11 11:41:19,670 [INFO] Fetching trades for TSLA
2025-09-11 11:41:19,761 [ERROR] Error processing symbol TSLA: 404 Client Error: Not Found for url: https://api.polygon.io/v3/trades/options/TSLA?limit=2000&apiKey=yBvjEbOtJIKJghRd76ZFAHPX8VbkeeAq
Traceback (most recent call last):
  File "/Users/saireddykasthuri/options-monitor/options-flow-monitor-e2e.py", line 344, in monitor_once
  File "/Users/saireddykasthuri/options-monitor/options-flow-monitor-e2e.py", line 155, in fetch_trades
  File "/Users/saireddykasthuri/options-monitor/options-flow-monitor-e2e.py", line 97, in fetch_options_trades_polygon
    except (KeyboardInterrupt, SystemExit):
    ^^^^^^^^^^^^^^^^
  File "/Users/saireddykasthuri/options-monitor/venv/lib/python3.13/site-packages/requests/models.py", line 1026, in raise_for_status
    raise HTTPError(http_error_msg, response=self)
requests.exceptions.HTTPError: 404 Client Error: Not Found for url: https://api.polygon.io/v3/trades/options/TSLA?limit=2000&apiKey=yBvjEbOtJIKJghRd76ZFAHPX8VbkeeAq
2025-09-11 11:41:19,765 [INFO] Job "main.<locals>.<lambda> (trigger: interval[0:15:00], next run at: 2025-09-11 11:56:19 EDT)" executed successfully
2025-09-11 11:56:19,391 [INFO] Running job "main.<locals>.<lambda> (trigger: interval[0:15:00], next run at: 2025-09-11 12:11:19 EDT)" (scheduled at 2025-09-11 11:56:19.370250-04:00)
2025-09-11 11:56:19,394 [INFO] Fetching trades for ORCL
2025-09-11 11:56:19,497 [ERROR] Error processing symbol ORCL: 404 Client Error: Not Found for url: https://api.polygon.io/v3/trades/options/ORCL?limit=2000&apiKey=yBvjEbOtJIKJghRd76ZFAHPX8VbkeeAq
Traceback (most recent call last):
  File "/Users/saireddykasthuri/options-monitor/options-flow-monitor-e2e.py", line 344, in monitor_once
  File "/Users/saireddykasthuri/options-monitor/options-flow-monitor-e2e.py", line 155, in fetch_trades
  File "/Users/saireddykasthuri/options-monitor/options-flow-monitor-e2e.py", line 97, in fetch_options_trades_polygon
    except (KeyboardInterrupt, SystemExit):
    ^^^^^^^^^^^^^^^^
  File "/Users/saireddykasthuri/options-monitor/venv/lib/python3.13/site-packages/requests/models.py", line 1026, in raise_for_status
    raise HTTPError(http_error_msg, response=self)
requests.exceptions.HTTPError: 404 Client Error: Not Found for url: https://api.polygon.io/v3/trades/options/ORCL?limit=2000&apiKey=yBvjEbOtJIKJghRd76ZFAHPX8VbkeeAq
2025-09-11 11:56:19,501 [INFO] Fetching trades for NBIS
2025-09-11 11:56:19,595 [ERROR] Error processing symbol NBIS: 404 Client Error: Not Found for url: https://api.polygon.io/v3/trades/options/NBIS?limit=2000&apiKey=yBvjEbOtJIKJghRd76ZFAHPX8VbkeeAq
Traceback (most recent call last):
  File "/Users/saireddykasthuri/options-monitor/options-flow-monitor-e2e.py", line 344, in monitor_once
  File "/Users/saireddykasthuri/options-monitor/options-flow-monitor-e2e.py", line 155, in fetch_trades
  File "/Users/saireddykasthuri/options-monitor/options-flow-monitor-e2e.py", line 97, in fetch_options_trades_polygon
    except (KeyboardInterrupt, SystemExit):
    ^^^^^^^^^^^^^^^^
  File "/Users/saireddykasthuri/options-monitor/venv/lib/python3.13/site-packages/requests/models.py", line 1026, in raise_for_status
    raise HTTPError(http_error_msg, response=self)
requests.exceptions.HTTPError: 404 Client Error: Not Found for url: https://api.polygon.io/v3/trades/options/NBIS?limit=2000&apiKey=yBvjEbOtJIKJghRd76ZFAHPX8VbkeeAq
2025-09-11 11:56:19,599 [INFO] Fetching trades for AAPL
2025-09-11 11:56:19,684 [ERROR] Error processing symbol AAPL: 404 Client Error: Not Found for url: https://api.polygon.io/v3/trades/options/AAPL?limit=2000&apiKey=yBvjEbOtJIKJghRd76ZFAHPX8VbkeeAq
Traceback (most recent call last):
  File "/Users/saireddykasthuri/options-monitor/options-flow-monitor-e2e.py", line 344, in monitor_once
  File "/Users/saireddykasthuri/options-monitor/options-flow-monitor-e2e.py", line 155, in fetch_trades
  File "/Users/saireddykasthuri/options-monitor/options-flow-monitor-e2e.py", line 97, in fetch_options_trades_polygon
    except (KeyboardInterrupt, SystemExit):
    ^^^^^^^^^^^^^^^^
  File "/Users/saireddykasthuri/options-monitor/venv/lib/python3.13/site-packages/requests/models.py", line 1026, in raise_for_status
    raise HTTPError(http_error_msg, response=self)
requests.exceptions.HTTPError: 404 Client Error: Not Found for url: https://api.polygon.io/v3/trades/options/AAPL?limit=2000&apiKey=yBvjEbOtJIKJghRd76ZFAHPX8VbkeeAq
2025-09-11 11:56:19,689 [INFO] Fetching trades for TSLA
2025-09-11 11:56:19,794 [ERROR] Error processing symbol TSLA: 404 Client Error: Not Found for url: https://api.polygon.io/v3/trades/options/TSLA?limit=2000&apiKey=yBvjEbOtJIKJghRd76ZFAHPX8VbkeeAq
Traceback (most recent call last):
  File "/Users/saireddykasthuri/options-monitor/options-flow-monitor-e2e.py", line 344, in monitor_once
  File "/Users/saireddykasthuri/options-monitor/options-flow-monitor-e2e.py", line 155, in fetch_trades
  File "/Users/saireddykasthuri/options-monitor/options-flow-monitor-e2e.py", line 97, in fetch_options_trades_polygon
    except (KeyboardInterrupt, SystemExit):
    ^^^^^^^^^^^^^^^^
  File "/Users/saireddykasthuri/options-monitor/venv/lib/python3.13/site-packages/requests/models.py", line 1026, in raise_for_status
    raise HTTPError(http_error_msg, response=self)
requests.exceptions.HTTPError: 404 Client Error: Not Found for url: https://api.polygon.io/v3/trades/options/TSLA?limit=2000&apiKey=yBvjEbOtJIKJghRd76ZFAHPX8VbkeeAq
2025-09-11 11:56:19,799 [INFO] Job "main.<locals>.<lambda> (trigger: interval[0:15:00], next run at: 2025-09-11 12:11:19 EDT)" executed successfully
2025-09-11 12:11:19,385 [INFO] Running job "main.<locals>.<lambda> (trigger: interval[0:15:00], next run at: 2025-09-11 12:26:19 EDT)" (scheduled at 2025-09-11 12:11:19.370250-04:00)
2025-09-11 12:11:19,387 [INFO] Fetching trades for ORCL
2025-09-11 12:11:19,494 [ERROR] Error processing symbol ORCL: 404 Client Error: Not Found for url: https://api.polygon.io/v3/trades/options/ORCL?limit=2000&apiKey=yBvjEbOtJIKJghRd76ZFAHPX8VbkeeAq
Traceback (most recent call last):
  File "/Users/saireddykasthuri/options-monitor/options-flow-monitor-e2e.py", line 344, in monitor_once
  File "/Users/saireddykasthuri/options-monitor/options-flow-monitor-e2e.py", line 155, in fetch_trades
  File "/Users/saireddykasthuri/options-monitor/options-flow-monitor-e2e.py", line 97, in fetch_options_trades_polygon
    except (KeyboardInterrupt, SystemExit):
    ^^^^^^^^^^^^^^^^
  File "/Users/saireddykasthuri/options-monitor/venv/lib/python3.13/site-packages/requests/models.py", line 1026, in raise_for_status
    raise HTTPError(http_error_msg, response=self)
requests.exceptions.HTTPError: 404 Client Error: Not Found for url: https://api.polygon.io/v3/trades/options/ORCL?limit=2000&apiKey=yBvjEbOtJIKJghRd76ZFAHPX8VbkeeAq
2025-09-11 12:11:19,498 [INFO] Fetching trades for NBIS
2025-09-11 12:11:19,585 [ERROR] Error processing symbol NBIS: 404 Client Error: Not Found for url: https://api.polygon.io/v3/trades/options/NBIS?limit=2000&apiKey=yBvjEbOtJIKJghRd76ZFAHPX8VbkeeAq
Traceback (most recent call last):
  File "/Users/saireddykasthuri/options-monitor/options-flow-monitor-e2e.py", line 344, in monitor_once
  File "/Users/saireddykasthuri/options-monitor/options-flow-monitor-e2e.py", line 155, in fetch_trades
  File "/Users/saireddykasthuri/options-monitor/options-flow-monitor-e2e.py", line 97, in fetch_options_trades_polygon
    except (KeyboardInterrupt, SystemExit):
    ^^^^^^^^^^^^^^^^
  File "/Users/saireddykasthuri/options-monitor/venv/lib/python3.13/site-packages/requests/models.py", line 1026, in raise_for_status
    raise HTTPError(http_error_msg, response=self)
requests.exceptions.HTTPError: 404 Client Error: Not Found for url: https://api.polygon.io/v3/trades/options/NBIS?limit=2000&apiKey=yBvjEbOtJIKJghRd76ZFAHPX8VbkeeAq
2025-09-11 12:11:19,590 [INFO] Fetching trades for AAPL
2025-09-11 12:11:19,685 [ERROR] Error processing symbol AAPL: 404 Client Error: Not Found for url: https://api.polygon.io/v3/trades/options/AAPL?limit=2000&apiKey=yBvjEbOtJIKJghRd76ZFAHPX8VbkeeAq
Traceback (most recent call last):
  File "/Users/saireddykasthuri/options-monitor/options-flow-monitor-e2e.py", line 344, in monitor_once
  File "/Users/saireddykasthuri/options-monitor/options-flow-monitor-e2e.py", line 155, in fetch_trades
  File "/Users/saireddykasthuri/options-monitor/options-flow-monitor-e2e.py", line 97, in fetch_options_trades_polygon
    except (KeyboardInterrupt, SystemExit):
    ^^^^^^^^^^^^^^^^
  File "/Users/saireddykasthuri/options-monitor/venv/lib/python3.13/site-packages/requests/models.py", line 1026, in raise_for_status
    raise HTTPError(http_error_msg, response=self)
requests.exceptions.HTTPError: 404 Client Error: Not Found for url: https://api.polygon.io/v3/trades/options/AAPL?limit=2000&apiKey=yBvjEbOtJIKJghRd76ZFAHPX8VbkeeAq
2025-09-11 12:11:19,689 [INFO] Fetching trades for TSLA
2025-09-11 12:11:19,793 [ERROR] Error processing symbol TSLA: 404 Client Error: Not Found for url: https://api.polygon.io/v3/trades/options/TSLA?limit=2000&apiKey=yBvjEbOtJIKJghRd76ZFAHPX8VbkeeAq
Traceback (most recent call last):
  File "/Users/saireddykasthuri/options-monitor/options-flow-monitor-e2e.py", line 344, in monitor_once
  File "/Users/saireddykasthuri/options-monitor/options-flow-monitor-e2e.py", line 155, in fetch_trades
  File "/Users/saireddykasthuri/options-monitor/options-flow-monitor-e2e.py", line 97, in fetch_options_trades_polygon
    except (KeyboardInterrupt, SystemExit):
    ^^^^^^^^^^^^^^^^
  File "/Users/saireddykasthuri/options-monitor/venv/lib/python3.13/site-packages/requests/models.py", line 1026, in raise_for_status
    raise HTTPError(http_error_msg, response=self)
requests.exceptions.HTTPError: 404 Client Error: Not Found for url: https://api.polygon.io/v3/trades/options/TSLA?limit=2000&apiKey=yBvjEbOtJIKJghRd76ZFAHPX8VbkeeAq
2025-09-11 12:11:19,797 [INFO] Job "main.<locals>.<lambda> (trigger: interval[0:15:00], next run at: 2025-09-11 12:26:19 EDT)" executed successfully
2025-09-11 12:26:19,376 [INFO] Running job "main.<locals>.<lambda> (trigger: interval[0:15:00], next run at: 2025-09-11 12:41:19 EDT)" (scheduled at 2025-09-11 12:26:19.370250-04:00)
2025-09-11 12:26:19,379 [INFO] Fetching trades for ORCL
2025-09-11 12:26:19,483 [ERROR] Error processing symbol ORCL: 404 Client Error: Not Found for url: https://api.polygon.io/v3/trades/options/ORCL?limit=2000&apiKey=yBvjEbOtJIKJghRd76ZFAHPX8VbkeeAq
Traceback (most recent call last):
  File "/Users/saireddykasthuri/options-monitor/options-flow-monitor-e2e.py", line 344, in monitor_once
  File "/Users/saireddykasthuri/options-monitor/options-flow-monitor-e2e.py", line 155, in fetch_trades
  File "/Users/saireddykasthuri/options-monitor/options-flow-monitor-e2e.py", line 97, in fetch_options_trades_polygon
    except (KeyboardInterrupt, SystemExit):
    ^^^^^^^^^^^^^^^^
  File "/Users/saireddykasthuri/options-monitor/venv/lib/python3.13/site-packages/requests/models.py", line 1026, in raise_for_status
    raise HTTPError(http_error_msg, response=self)
requests.exceptions.HTTPError: 404 Client Error: Not Found for url: https://api.polygon.io/v3/trades/options/ORCL?limit=2000&apiKey=yBvjEbOtJIKJghRd76ZFAHPX8VbkeeAq
2025-09-11 12:26:19,487 [INFO] Fetching trades for NBIS
2025-09-11 12:26:19,570 [ERROR] Error processing symbol NBIS: 404 Client Error: Not Found for url: https://api.polygon.io/v3/trades/options/NBIS?limit=2000&apiKey=yBvjEbOtJIKJghRd76ZFAHPX8VbkeeAq
Traceback (most recent call last):
  File "/Users/saireddykasthuri/options-monitor/options-flow-monitor-e2e.py", line 344, in monitor_once
  File "/Users/saireddykasthuri/options-monitor/options-flow-monitor-e2e.py", line 155, in fetch_trades
  File "/Users/saireddykasthuri/options-monitor/options-flow-monitor-e2e.py", line 97, in fetch_options_trades_polygon
    except (KeyboardInterrupt, SystemExit):
    ^^^^^^^^^^^^^^^^
  File "/Users/saireddykasthuri/options-monitor/venv/lib/python3.13/site-packages/requests/models.py", line 1026, in raise_for_status
    raise HTTPError(http_error_msg, response=self)
requests.exceptions.HTTPError: 404 Client Error: Not Found for url: https://api.polygon.io/v3/trades/options/NBIS?limit=2000&apiKey=yBvjEbOtJIKJghRd76ZFAHPX8VbkeeAq
2025-09-11 12:26:19,573 [INFO] Fetching trades for AAPL
2025-09-11 12:26:19,653 [ERROR] Error processing symbol AAPL: 404 Client Error: Not Found for url: https://api.polygon.io/v3/trades/options/AAPL?limit=2000&apiKey=yBvjEbOtJIKJghRd76ZFAHPX8VbkeeAq
Traceback (most recent call last):
  File "/Users/saireddykasthuri/options-monitor/options-flow-monitor-e2e.py", line 344, in monitor_once
  File "/Users/saireddykasthuri/options-monitor/options-flow-monitor-e2e.py", line 155, in fetch_trades
  File "/Users/saireddykasthuri/options-monitor/options-flow-monitor-e2e.py", line 97, in fetch_options_trades_polygon
    except (KeyboardInterrupt, SystemExit):
    ^^^^^^^^^^^^^^^^
  File "/Users/saireddykasthuri/options-monitor/venv/lib/python3.13/site-packages/requests/models.py", line 1026, in raise_for_status
    raise HTTPError(http_error_msg, response=self)
requests.exceptions.HTTPError: 404 Client Error: Not Found for url: https://api.polygon.io/v3/trades/options/AAPL?limit=2000&apiKey=yBvjEbOtJIKJghRd76ZFAHPX8VbkeeAq
2025-09-11 12:26:19,656 [INFO] Fetching trades for TSLA
2025-09-11 12:26:19,746 [ERROR] Error processing symbol TSLA: 404 Client Error: Not Found for url: https://api.polygon.io/v3/trades/options/TSLA?limit=2000&apiKey=yBvjEbOtJIKJghRd76ZFAHPX8VbkeeAq
Traceback (most recent call last):
  File "/Users/saireddykasthuri/options-monitor/options-flow-monitor-e2e.py", line 344, in monitor_once
  File "/Users/saireddykasthuri/options-monitor/options-flow-monitor-e2e.py", line 155, in fetch_trades
  File "/Users/saireddykasthuri/options-monitor/options-flow-monitor-e2e.py", line 97, in fetch_options_trades_polygon
    except (KeyboardInterrupt, SystemExit):
    ^^^^^^^^^^^^^^^^
  File "/Users/saireddykasthuri/options-monitor/venv/lib/python3.13/site-packages/requests/models.py", line 1026, in raise_for_status
    raise HTTPError(http_error_msg, response=self)
requests.exceptions.HTTPError: 404 Client Error: Not Found for url: https://api.polygon.io/v3/trades/options/TSLA?limit=2000&apiKey=yBvjEbOtJIKJghRd76ZFAHPX8VbkeeAq
2025-09-11 12:26:19,750 [INFO] Job "main.<locals>.<lambda> (trigger: interval[0:15:00], next run at: 2025-09-11 12:41:19 EDT)" executed successfully
2025-09-11 12:41:19,371 [INFO] Running job "main.<locals>.<lambda> (trigger: interval[0:15:00], next run at: 2025-09-11 12:56:19 EDT)" (scheduled at 2025-09-11 12:41:19.370250-04:00)
2025-09-11 12:41:19,374 [INFO] Fetching trades for ORCL
2025-09-11 12:41:19,479 [ERROR] Error processing symbol ORCL: 404 Client Error: Not Found for url: https://api.polygon.io/v3/trades/options/ORCL?limit=2000&apiKey=yBvjEbOtJIKJghRd76ZFAHPX8VbkeeAq
Traceback (most recent call last):
  File "/Users/saireddykasthuri/options-monitor/options-flow-monitor-e2e.py", line 344, in monitor_once
  File "/Users/saireddykasthuri/options-monitor/options-flow-monitor-e2e.py", line 155, in fetch_trades
  File "/Users/saireddykasthuri/options-monitor/options-flow-monitor-e2e.py", line 97, in fetch_options_trades_polygon
    except (KeyboardInterrupt, SystemExit):
    ^^^^^^^^^^^^^^^^
  File "/Users/saireddykasthuri/options-monitor/venv/lib/python3.13/site-packages/requests/models.py", line 1026, in raise_for_status
    raise HTTPError(http_error_msg, response=self)
requests.exceptions.HTTPError: 404 Client Error: Not Found for url: https://api.polygon.io/v3/trades/options/ORCL?limit=2000&apiKey=yBvjEbOtJIKJghRd76ZFAHPX8VbkeeAq
2025-09-11 12:41:19,483 [INFO] Fetching trades for NBIS
2025-09-11 12:41:19,567 [ERROR] Error processing symbol NBIS: 404 Client Error: Not Found for url: https://api.polygon.io/v3/trades/options/NBIS?limit=2000&apiKey=yBvjEbOtJIKJghRd76ZFAHPX8VbkeeAq
Traceback (most recent call last):
  File "/Users/saireddykasthuri/options-monitor/options-flow-monitor-e2e.py", line 344, in monitor_once
  File "/Users/saireddykasthuri/options-monitor/options-flow-monitor-e2e.py", line 155, in fetch_trades
  File "/Users/saireddykasthuri/options-monitor/options-flow-monitor-e2e.py", line 97, in fetch_options_trades_polygon
    except (KeyboardInterrupt, SystemExit):
    ^^^^^^^^^^^^^^^^
  File "/Users/saireddykasthuri/options-monitor/venv/lib/python3.13/site-packages/requests/models.py", line 1026, in raise_for_status
    raise HTTPError(http_error_msg, response=self)
requests.exceptions.HTTPError: 404 Client Error: Not Found for url: https://api.polygon.io/v3/trades/options/NBIS?limit=2000&apiKey=yBvjEbOtJIKJghRd76ZFAHPX8VbkeeAq
2025-09-11 12:41:19,571 [INFO] Fetching trades for AAPL
2025-09-11 12:41:19,651 [ERROR] Error processing symbol AAPL: 404 Client Error: Not Found for url: https://api.polygon.io/v3/trades/options/AAPL?limit=2000&apiKey=yBvjEbOtJIKJghRd76ZFAHPX8VbkeeAq
Traceback (most recent call last):
  File "/Users/saireddykasthuri/options-monitor/options-flow-monitor-e2e.py", line 344, in monitor_once
  File "/Users/saireddykasthuri/options-monitor/options-flow-monitor-e2e.py", line 155, in fetch_trades
  File "/Users/saireddykasthuri/options-monitor/options-flow-monitor-e2e.py", line 97, in fetch_options_trades_polygon
    except (KeyboardInterrupt, SystemExit):
    ^^^^^^^^^^^^^^^^
  File "/Users/saireddykasthuri/options-monitor/venv/lib/python3.13/site-packages/requests/models.py", line 1026, in raise_for_status
    raise HTTPError(http_error_msg, response=self)
requests.exceptions.HTTPError: 404 Client Error: Not Found for url: https://api.polygon.io/v3/trades/options/AAPL?limit=2000&apiKey=yBvjEbOtJIKJghRd76ZFAHPX8VbkeeAq
2025-09-11 12:41:19,654 [INFO] Fetching trades for TSLA
2025-09-11 12:41:19,748 [ERROR] Error processing symbol TSLA: 404 Client Error: Not Found for url: https://api.polygon.io/v3/trades/options/TSLA?limit=2000&apiKey=yBvjEbOtJIKJghRd76ZFAHPX8VbkeeAq
Traceback (most recent call last):
  File "/Users/saireddykasthuri/options-monitor/options-flow-monitor-e2e.py", line 344, in monitor_once
  File "/Users/saireddykasthuri/options-monitor/options-flow-monitor-e2e.py", line 155, in fetch_trades
  File "/Users/saireddykasthuri/options-monitor/options-flow-monitor-e2e.py", line 97, in fetch_options_trades_polygon
    except (KeyboardInterrupt, SystemExit):
    ^^^^^^^^^^^^^^^^
  File "/Users/saireddykasthuri/options-monitor/venv/lib/python3.13/site-packages/requests/models.py", line 1026, in raise_for_status
    raise HTTPError(http_error_msg, response=self)
requests.exceptions.HTTPError: 404 Client Error: Not Found for url: https://api.polygon.io/v3/trades/options/TSLA?limit=2000&apiKey=yBvjEbOtJIKJghRd76ZFAHPX8VbkeeAq
2025-09-11 12:41:19,752 [INFO] Job "main.<locals>.<lambda> (trigger: interval[0:15:00], next run at: 2025-09-11 12:56:19 EDT)" executed successfully
2025-09-11 12:56:19,376 [INFO] Running job "main.<locals>.<lambda> (trigger: interval[0:15:00], next run at: 2025-09-11 13:11:19 EDT)" (scheduled at 2025-09-11 12:56:19.370250-04:00)
2025-09-11 12:56:19,378 [INFO] Fetching trades for ORCL
2025-09-11 12:56:19,500 [ERROR] Error processing symbol ORCL: 404 Client Error: Not Found for url: https://api.polygon.io/v3/trades/options/ORCL?limit=2000&apiKey=yBvjEbOtJIKJghRd76ZFAHPX8VbkeeAq
Traceback (most recent call last):
  File "/Users/saireddykasthuri/options-monitor/options-flow-monitor-e2e.py", line 344, in monitor_once
  File "/Users/saireddykasthuri/options-monitor/options-flow-monitor-e2e.py", line 155, in fetch_trades
  File "/Users/saireddykasthuri/options-monitor/options-flow-monitor-e2e.py", line 97, in fetch_options_trades_polygon
    except (KeyboardInterrupt, SystemExit):
    ^^^^^^^^^^^^^^^^
  File "/Users/saireddykasthuri/options-monitor/venv/lib/python3.13/site-packages/requests/models.py", line 1026, in raise_for_status
    raise HTTPError(http_error_msg, response=self)
requests.exceptions.HTTPError: 404 Client Error: Not Found for url: https://api.polygon.io/v3/trades/options/ORCL?limit=2000&apiKey=yBvjEbOtJIKJghRd76ZFAHPX8VbkeeAq
2025-09-11 12:56:19,504 [INFO] Fetching trades for NBIS
2025-09-11 12:56:19,600 [ERROR] Error processing symbol NBIS: 404 Client Error: Not Found for url: https://api.polygon.io/v3/trades/options/NBIS?limit=2000&apiKey=yBvjEbOtJIKJghRd76ZFAHPX8VbkeeAq
Traceback (most recent call last):
  File "/Users/saireddykasthuri/options-monitor/options-flow-monitor-e2e.py", line 344, in monitor_once
  File "/Users/saireddykasthuri/options-monitor/options-flow-monitor-e2e.py", line 155, in fetch_trades
  File "/Users/saireddykasthuri/options-monitor/options-flow-monitor-e2e.py", line 97, in fetch_options_trades_polygon
    except (KeyboardInterrupt, SystemExit):
    ^^^^^^^^^^^^^^^^
  File "/Users/saireddykasthuri/options-monitor/venv/lib/python3.13/site-packages/requests/models.py", line 1026, in raise_for_status
    raise HTTPError(http_error_msg, response=self)
requests.exceptions.HTTPError: 404 Client Error: Not Found for url: https://api.polygon.io/v3/trades/options/NBIS?limit=2000&apiKey=yBvjEbOtJIKJghRd76ZFAHPX8VbkeeAq
2025-09-11 12:56:19,604 [INFO] Fetching trades for AAPL
2025-09-11 12:56:19,690 [ERROR] Error processing symbol AAPL: 404 Client Error: Not Found for url: https://api.polygon.io/v3/trades/options/AAPL?limit=2000&apiKey=yBvjEbOtJIKJghRd76ZFAHPX8VbkeeAq
Traceback (most recent call last):
  File "/Users/saireddykasthuri/options-monitor/options-flow-monitor-e2e.py", line 344, in monitor_once
  File "/Users/saireddykasthuri/options-monitor/options-flow-monitor-e2e.py", line 155, in fetch_trades
  File "/Users/saireddykasthuri/options-monitor/options-flow-monitor-e2e.py", line 97, in fetch_options_trades_polygon
    except (KeyboardInterrupt, SystemExit):
    ^^^^^^^^^^^^^^^^
  File "/Users/saireddykasthuri/options-monitor/venv/lib/python3.13/site-packages/requests/models.py", line 1026, in raise_for_status
    raise HTTPError(http_error_msg, response=self)
requests.exceptions.HTTPError: 404 Client Error: Not Found for url: https://api.polygon.io/v3/trades/options/AAPL?limit=2000&apiKey=yBvjEbOtJIKJghRd76ZFAHPX8VbkeeAq
2025-09-11 12:56:19,695 [INFO] Fetching trades for TSLA
2025-09-11 12:56:19,775 [ERROR] Error processing symbol TSLA: 404 Client Error: Not Found for url: https://api.polygon.io/v3/trades/options/TSLA?limit=2000&apiKey=yBvjEbOtJIKJghRd76ZFAHPX8VbkeeAq
Traceback (most recent call last):
  File "/Users/saireddykasthuri/options-monitor/options-flow-monitor-e2e.py", line 344, in monitor_once
  File "/Users/saireddykasthuri/options-monitor/options-flow-monitor-e2e.py", line 155, in fetch_trades
  File "/Users/saireddykasthuri/options-monitor/options-flow-monitor-e2e.py", line 97, in fetch_options_trades_polygon
    except (KeyboardInterrupt, SystemExit):
    ^^^^^^^^^^^^^^^^
  File "/Users/saireddykasthuri/options-monitor/venv/lib/python3.13/site-packages/requests/models.py", line 1026, in raise_for_status
    raise HTTPError(http_error_msg, response=self)
requests.exceptions.HTTPError: 404 Client Error: Not Found for url: https://api.polygon.io/v3/trades/options/TSLA?limit=2000&apiKey=yBvjEbOtJIKJghRd76ZFAHPX8VbkeeAq
2025-09-11 12:56:19,779 [INFO] Job "main.<locals>.<lambda> (trigger: interval[0:15:00], next run at: 2025-09-11 13:11:19 EDT)" executed successfully
2025-09-11 13:11:19,376 [INFO] Running job "main.<locals>.<lambda> (trigger: interval[0:15:00], next run at: 2025-09-11 13:26:19 EDT)" (scheduled at 2025-09-11 13:11:19.370250-04:00)
2025-09-11 13:11:19,378 [INFO] Fetching trades for ORCL
2025-09-11 13:11:19,498 [ERROR] Error processing symbol ORCL: 404 Client Error: Not Found for url: https://api.polygon.io/v3/trades/options/ORCL?limit=2000&apiKey=yBvjEbOtJIKJghRd76ZFAHPX8VbkeeAq
Traceback (most recent call last):
  File "/Users/saireddykasthuri/options-monitor/options-flow-monitor-e2e.py", line 344, in monitor_once
  File "/Users/saireddykasthuri/options-monitor/options-flow-monitor-e2e.py", line 155, in fetch_trades
  File "/Users/saireddykasthuri/options-monitor/options-flow-monitor-e2e.py", line 97, in fetch_options_trades_polygon
    except (KeyboardInterrupt, SystemExit):
    ^^^^^^^^^^^^^^^^
  File "/Users/saireddykasthuri/options-monitor/venv/lib/python3.13/site-packages/requests/models.py", line 1026, in raise_for_status
    raise HTTPError(http_error_msg, response=self)
requests.exceptions.HTTPError: 404 Client Error: Not Found for url: https://api.polygon.io/v3/trades/options/ORCL?limit=2000&apiKey=yBvjEbOtJIKJghRd76ZFAHPX8VbkeeAq
2025-09-11 13:11:19,503 [INFO] Fetching trades for NBIS
2025-09-11 13:11:19,582 [ERROR] Error processing symbol NBIS: 404 Client Error: Not Found for url: https://api.polygon.io/v3/trades/options/NBIS?limit=2000&apiKey=yBvjEbOtJIKJghRd76ZFAHPX8VbkeeAq
Traceback (most recent call last):
  File "/Users/saireddykasthuri/options-monitor/options-flow-monitor-e2e.py", line 344, in monitor_once
  File "/Users/saireddykasthuri/options-monitor/options-flow-monitor-e2e.py", line 155, in fetch_trades
  File "/Users/saireddykasthuri/options-monitor/options-flow-monitor-e2e.py", line 97, in fetch_options_trades_polygon
    except (KeyboardInterrupt, SystemExit):
    ^^^^^^^^^^^^^^^^
  File "/Users/saireddykasthuri/options-monitor/venv/lib/python3.13/site-packages/requests/models.py", line 1026, in raise_for_status
    raise HTTPError(http_error_msg, response=self)
requests.exceptions.HTTPError: 404 Client Error: Not Found for url: https://api.polygon.io/v3/trades/options/NBIS?limit=2000&apiKey=yBvjEbOtJIKJghRd76ZFAHPX8VbkeeAq
2025-09-11 13:11:19,586 [INFO] Fetching trades for AAPL
2025-09-11 13:11:19,670 [ERROR] Error processing symbol AAPL: 404 Client Error: Not Found for url: https://api.polygon.io/v3/trades/options/AAPL?limit=2000&apiKey=yBvjEbOtJIKJghRd76ZFAHPX8VbkeeAq
Traceback (most recent call last):
  File "/Users/saireddykasthuri/options-monitor/options-flow-monitor-e2e.py", line 344, in monitor_once
  File "/Users/saireddykasthuri/options-monitor/options-flow-monitor-e2e.py", line 155, in fetch_trades
  File "/Users/saireddykasthuri/options-monitor/options-flow-monitor-e2e.py", line 97, in fetch_options_trades_polygon
    except (KeyboardInterrupt, SystemExit):
    ^^^^^^^^^^^^^^^^
  File "/Users/saireddykasthuri/options-monitor/venv/lib/python3.13/site-packages/requests/models.py", line 1026, in raise_for_status
    raise HTTPError(http_error_msg, response=self)
requests.exceptions.HTTPError: 404 Client Error: Not Found for url: https://api.polygon.io/v3/trades/options/AAPL?limit=2000&apiKey=yBvjEbOtJIKJghRd76ZFAHPX8VbkeeAq
2025-09-11 13:11:19,674 [INFO] Fetching trades for TSLA
2025-09-11 13:11:19,759 [ERROR] Error processing symbol TSLA: 404 Client Error: Not Found for url: https://api.polygon.io/v3/trades/options/TSLA?limit=2000&apiKey=yBvjEbOtJIKJghRd76ZFAHPX8VbkeeAq
Traceback (most recent call last):
  File "/Users/saireddykasthuri/options-monitor/options-flow-monitor-e2e.py", line 344, in monitor_once
  File "/Users/saireddykasthuri/options-monitor/options-flow-monitor-e2e.py", line 155, in fetch_trades
  File "/Users/saireddykasthuri/options-monitor/options-flow-monitor-e2e.py", line 97, in fetch_options_trades_polygon
    except (KeyboardInterrupt, SystemExit):
    ^^^^^^^^^^^^^^^^
  File "/Users/saireddykasthuri/options-monitor/venv/lib/python3.13/site-packages/requests/models.py", line 1026, in raise_for_status
    raise HTTPError(http_error_msg, response=self)
requests.exceptions.HTTPError: 404 Client Error: Not Found for url: https://api.polygon.io/v3/trades/options/TSLA?limit=2000&apiKey=yBvjEbOtJIKJghRd76ZFAHPX8VbkeeAq
2025-09-11 13:11:19,763 [INFO] Job "main.<locals>.<lambda> (trigger: interval[0:15:00], next run at: 2025-09-11 13:26:19 EDT)" executed successfully
2025-09-11 13:26:19,381 [INFO] Running job "main.<locals>.<lambda> (trigger: interval[0:15:00], next run at: 2025-09-11 13:41:19 EDT)" (scheduled at 2025-09-11 13:26:19.370250-04:00)
2025-09-11 13:26:19,383 [INFO] Fetching trades for ORCL
2025-09-11 13:26:19,502 [ERROR] Error processing symbol ORCL: 404 Client Error: Not Found for url: https://api.polygon.io/v3/trades/options/ORCL?limit=2000&apiKey=yBvjEbOtJIKJghRd76ZFAHPX8VbkeeAq
Traceback (most recent call last):
  File "/Users/saireddykasthuri/options-monitor/options-flow-monitor-e2e.py", line 344, in monitor_once
  File "/Users/saireddykasthuri/options-monitor/options-flow-monitor-e2e.py", line 155, in fetch_trades
  File "/Users/saireddykasthuri/options-monitor/options-flow-monitor-e2e.py", line 97, in fetch_options_trades_polygon
    except (KeyboardInterrupt, SystemExit):
    ^^^^^^^^^^^^^^^^
  File "/Users/saireddykasthuri/options-monitor/venv/lib/python3.13/site-packages/requests/models.py", line 1026, in raise_for_status
    raise HTTPError(http_error_msg, response=self)
requests.exceptions.HTTPError: 404 Client Error: Not Found for url: https://api.polygon.io/v3/trades/options/ORCL?limit=2000&apiKey=yBvjEbOtJIKJghRd76ZFAHPX8VbkeeAq
2025-09-11 13:26:19,506 [INFO] Fetching trades for NBIS
2025-09-11 13:26:19,592 [ERROR] Error processing symbol NBIS: 404 Client Error: Not Found for url: https://api.polygon.io/v3/trades/options/NBIS?limit=2000&apiKey=yBvjEbOtJIKJghRd76ZFAHPX8VbkeeAq
Traceback (most recent call last):
  File "/Users/saireddykasthuri/options-monitor/options-flow-monitor-e2e.py", line 344, in monitor_once
  File "/Users/saireddykasthuri/options-monitor/options-flow-monitor-e2e.py", line 155, in fetch_trades
  File "/Users/saireddykasthuri/options-monitor/options-flow-monitor-e2e.py", line 97, in fetch_options_trades_polygon
    except (KeyboardInterrupt, SystemExit):
    ^^^^^^^^^^^^^^^^
  File "/Users/saireddykasthuri/options-monitor/venv/lib/python3.13/site-packages/requests/models.py", line 1026, in raise_for_status
    raise HTTPError(http_error_msg, response=self)
requests.exceptions.HTTPError: 404 Client Error: Not Found for url: https://api.polygon.io/v3/trades/options/NBIS?limit=2000&apiKey=yBvjEbOtJIKJghRd76ZFAHPX8VbkeeAq
2025-09-11 13:26:19,596 [INFO] Fetching trades for AAPL
2025-09-11 13:26:19,687 [ERROR] Error processing symbol AAPL: 404 Client Error: Not Found for url: https://api.polygon.io/v3/trades/options/AAPL?limit=2000&apiKey=yBvjEbOtJIKJghRd76ZFAHPX8VbkeeAq
Traceback (most recent call last):
  File "/Users/saireddykasthuri/options-monitor/options-flow-monitor-e2e.py", line 344, in monitor_once
  File "/Users/saireddykasthuri/options-monitor/options-flow-monitor-e2e.py", line 155, in fetch_trades
  File "/Users/saireddykasthuri/options-monitor/options-flow-monitor-e2e.py", line 97, in fetch_options_trades_polygon
    except (KeyboardInterrupt, SystemExit):
    ^^^^^^^^^^^^^^^^
  File "/Users/saireddykasthuri/options-monitor/venv/lib/python3.13/site-packages/requests/models.py", line 1026, in raise_for_status
    raise HTTPError(http_error_msg, response=self)
requests.exceptions.HTTPError: 404 Client Error: Not Found for url: https://api.polygon.io/v3/trades/options/AAPL?limit=2000&apiKey=yBvjEbOtJIKJghRd76ZFAHPX8VbkeeAq
2025-09-11 13:26:19,691 [INFO] Fetching trades for TSLA
2025-09-11 13:26:19,783 [ERROR] Error processing symbol TSLA: 404 Client Error: Not Found for url: https://api.polygon.io/v3/trades/options/TSLA?limit=2000&apiKey=yBvjEbOtJIKJghRd76ZFAHPX8VbkeeAq
Traceback (most recent call last):
  File "/Users/saireddykasthuri/options-monitor/options-flow-monitor-e2e.py", line 344, in monitor_once
  File "/Users/saireddykasthuri/options-monitor/options-flow-monitor-e2e.py", line 155, in fetch_trades
  File "/Users/saireddykasthuri/options-monitor/options-flow-monitor-e2e.py", line 97, in fetch_options_trades_polygon
    except (KeyboardInterrupt, SystemExit):
    ^^^^^^^^^^^^^^^^
  File "/Users/saireddykasthuri/options-monitor/venv/lib/python3.13/site-packages/requests/models.py", line 1026, in raise_for_status
    raise HTTPError(http_error_msg, response=self)
requests.exceptions.HTTPError: 404 Client Error: Not Found for url: https://api.polygon.io/v3/trades/options/TSLA?limit=2000&apiKey=yBvjEbOtJIKJghRd76ZFAHPX8VbkeeAq
2025-09-11 13:26:19,787 [INFO] Job "main.<locals>.<lambda> (trigger: interval[0:15:00], next run at: 2025-09-11 13:41:19 EDT)" executed successfully
2025-09-11 13:41:19,379 [INFO] Running job "main.<locals>.<lambda> (trigger: interval[0:15:00], next run at: 2025-09-11 13:56:19 EDT)" (scheduled at 2025-09-11 13:41:19.370250-04:00)
2025-09-11 13:41:19,381 [INFO] Fetching trades for ORCL
2025-09-11 13:41:19,499 [ERROR] Error processing symbol ORCL: 404 Client Error: Not Found for url: https://api.polygon.io/v3/trades/options/ORCL?limit=2000&apiKey=yBvjEbOtJIKJghRd76ZFAHPX8VbkeeAq
Traceback (most recent call last):
  File "/Users/saireddykasthuri/options-monitor/options-flow-monitor-e2e.py", line 344, in monitor_once
  File "/Users/saireddykasthuri/options-monitor/options-flow-monitor-e2e.py", line 155, in fetch_trades
  File "/Users/saireddykasthuri/options-monitor/options-flow-monitor-e2e.py", line 97, in fetch_options_trades_polygon
    except (KeyboardInterrupt, SystemExit):
    ^^^^^^^^^^^^^^^^
  File "/Users/saireddykasthuri/options-monitor/venv/lib/python3.13/site-packages/requests/models.py", line 1026, in raise_for_status
    raise HTTPError(http_error_msg, response=self)
requests.exceptions.HTTPError: 404 Client Error: Not Found for url: https://api.polygon.io/v3/trades/options/ORCL?limit=2000&apiKey=yBvjEbOtJIKJghRd76ZFAHPX8VbkeeAq
2025-09-11 13:41:19,504 [INFO] Fetching trades for NBIS
2025-09-11 13:41:19,601 [ERROR] Error processing symbol NBIS: 404 Client Error: Not Found for url: https://api.polygon.io/v3/trades/options/NBIS?limit=2000&apiKey=yBvjEbOtJIKJghRd76ZFAHPX8VbkeeAq
Traceback (most recent call last):
  File "/Users/saireddykasthuri/options-monitor/options-flow-monitor-e2e.py", line 344, in monitor_once
  File "/Users/saireddykasthuri/options-monitor/options-flow-monitor-e2e.py", line 155, in fetch_trades
  File "/Users/saireddykasthuri/options-monitor/options-flow-monitor-e2e.py", line 97, in fetch_options_trades_polygon
    except (KeyboardInterrupt, SystemExit):
    ^^^^^^^^^^^^^^^^
  File "/Users/saireddykasthuri/options-monitor/venv/lib/python3.13/site-packages/requests/models.py", line 1026, in raise_for_status
    raise HTTPError(http_error_msg, response=self)
requests.exceptions.HTTPError: 404 Client Error: Not Found for url: https://api.polygon.io/v3/trades/options/NBIS?limit=2000&apiKey=yBvjEbOtJIKJghRd76ZFAHPX8VbkeeAq
2025-09-11 13:41:19,605 [INFO] Fetching trades for AAPL
2025-09-11 13:41:19,692 [ERROR] Error processing symbol AAPL: 404 Client Error: Not Found for url: https://api.polygon.io/v3/trades/options/AAPL?limit=2000&apiKey=yBvjEbOtJIKJghRd76ZFAHPX8VbkeeAq
Traceback (most recent call last):
  File "/Users/saireddykasthuri/options-monitor/options-flow-monitor-e2e.py", line 344, in monitor_once
  File "/Users/saireddykasthuri/options-monitor/options-flow-monitor-e2e.py", line 155, in fetch_trades
  File "/Users/saireddykasthuri/options-monitor/options-flow-monitor-e2e.py", line 97, in fetch_options_trades_polygon
    except (KeyboardInterrupt, SystemExit):
    ^^^^^^^^^^^^^^^^
  File "/Users/saireddykasthuri/options-monitor/venv/lib/python3.13/site-packages/requests/models.py", line 1026, in raise_for_status
    raise HTTPError(http_error_msg, response=self)
requests.exceptions.HTTPError: 404 Client Error: Not Found for url: https://api.polygon.io/v3/trades/options/AAPL?limit=2000&apiKey=yBvjEbOtJIKJghRd76ZFAHPX8VbkeeAq
2025-09-11 13:41:19,696 [INFO] Fetching trades for TSLA
2025-09-11 13:41:19,776 [ERROR] Error processing symbol TSLA: 404 Client Error: Not Found for url: https://api.polygon.io/v3/trades/options/TSLA?limit=2000&apiKey=yBvjEbOtJIKJghRd76ZFAHPX8VbkeeAq
Traceback (most recent call last):
  File "/Users/saireddykasthuri/options-monitor/options-flow-monitor-e2e.py", line 344, in monitor_once
  File "/Users/saireddykasthuri/options-monitor/options-flow-monitor-e2e.py", line 155, in fetch_trades
  File "/Users/saireddykasthuri/options-monitor/options-flow-monitor-e2e.py", line 97, in fetch_options_trades_polygon
    except (KeyboardInterrupt, SystemExit):
    ^^^^^^^^^^^^^^^^
  File "/Users/saireddykasthuri/options-monitor/venv/lib/python3.13/site-packages/requests/models.py", line 1026, in raise_for_status
    raise HTTPError(http_error_msg, response=self)
requests.exceptions.HTTPError: 404 Client Error: Not Found for url: https://api.polygon.io/v3/trades/options/TSLA?limit=2000&apiKey=yBvjEbOtJIKJghRd76ZFAHPX8VbkeeAq
2025-09-11 13:41:19,782 [INFO] Job "main.<locals>.<lambda> (trigger: interval[0:15:00], next run at: 2025-09-11 13:56:19 EDT)" executed successfully
2025-09-11 13:57:50,306 [WARNING] Run time of job "main.<locals>.<lambda> (trigger: interval[0:15:00], next run at: 2025-09-11 14:11:19 EDT)" was missed by 0:01:30.936103
2025-09-11 14:11:19,802 [INFO] Running job "main.<locals>.<lambda> (trigger: interval[0:15:00], next run at: 2025-09-11 14:26:19 EDT)" (scheduled at 2025-09-11 14:11:19.370250-04:00)
2025-09-11 14:11:19,803 [INFO] Fetching trades for ORCL
2025-09-11 14:11:19,927 [ERROR] Error processing symbol ORCL: 404 Client Error: Not Found for url: https://api.polygon.io/v3/trades/options/ORCL?limit=2000&apiKey=yBvjEbOtJIKJghRd76ZFAHPX8VbkeeAq
Traceback (most recent call last):
  File "/Users/saireddykasthuri/options-monitor/options-flow-monitor-e2e.py", line 344, in monitor_once
  File "/Users/saireddykasthuri/options-monitor/options-flow-monitor-e2e.py", line 155, in fetch_trades
  File "/Users/saireddykasthuri/options-monitor/options-flow-monitor-e2e.py", line 97, in fetch_options_trades_polygon
    except (KeyboardInterrupt, SystemExit):
    ^^^^^^^^^^^^^^^^
  File "/Users/saireddykasthuri/options-monitor/venv/lib/python3.13/site-packages/requests/models.py", line 1026, in raise_for_status
    raise HTTPError(http_error_msg, response=self)
requests.exceptions.HTTPError: 404 Client Error: Not Found for url: https://api.polygon.io/v3/trades/options/ORCL?limit=2000&apiKey=yBvjEbOtJIKJghRd76ZFAHPX8VbkeeAq
2025-09-11 14:11:19,933 [INFO] Fetching trades for NBIS
2025-09-11 14:11:20,020 [ERROR] Error processing symbol NBIS: 404 Client Error: Not Found for url: https://api.polygon.io/v3/trades/options/NBIS?limit=2000&apiKey=yBvjEbOtJIKJghRd76ZFAHPX8VbkeeAq
Traceback (most recent call last):
  File "/Users/saireddykasthuri/options-monitor/options-flow-monitor-e2e.py", line 344, in monitor_once
  File "/Users/saireddykasthuri/options-monitor/options-flow-monitor-e2e.py", line 155, in fetch_trades
  File "/Users/saireddykasthuri/options-monitor/options-flow-monitor-e2e.py", line 97, in fetch_options_trades_polygon
    except (KeyboardInterrupt, SystemExit):
    ^^^^^^^^^^^^^^^^
  File "/Users/saireddykasthuri/options-monitor/venv/lib/python3.13/site-packages/requests/models.py", line 1026, in raise_for_status
    raise HTTPError(http_error_msg, response=self)
requests.exceptions.HTTPError: 404 Client Error: Not Found for url: https://api.polygon.io/v3/trades/options/NBIS?limit=2000&apiKey=yBvjEbOtJIKJghRd76ZFAHPX8VbkeeAq
2025-09-11 14:11:20,025 [INFO] Fetching trades for AAPL
2025-09-11 14:11:20,131 [ERROR] Error processing symbol AAPL: 404 Client Error: Not Found for url: https://api.polygon.io/v3/trades/options/AAPL?limit=2000&apiKey=yBvjEbOtJIKJghRd76ZFAHPX8VbkeeAq
Traceback (most recent call last):
  File "/Users/saireddykasthuri/options-monitor/options-flow-monitor-e2e.py", line 344, in monitor_once
  File "/Users/saireddykasthuri/options-monitor/options-flow-monitor-e2e.py", line 155, in fetch_trades
  File "/Users/saireddykasthuri/options-monitor/options-flow-monitor-e2e.py", line 97, in fetch_options_trades_polygon
    except (KeyboardInterrupt, SystemExit):
    ^^^^^^^^^^^^^^^^
  File "/Users/saireddykasthuri/options-monitor/venv/lib/python3.13/site-packages/requests/models.py", line 1026, in raise_for_status
    raise HTTPError(http_error_msg, response=self)
requests.exceptions.HTTPError: 404 Client Error: Not Found for url: https://api.polygon.io/v3/trades/options/AAPL?limit=2000&apiKey=yBvjEbOtJIKJghRd76ZFAHPX8VbkeeAq
2025-09-11 14:11:20,136 [INFO] Fetching trades for TSLA
2025-09-11 14:11:20,226 [ERROR] Error processing symbol TSLA: 404 Client Error: Not Found for url: https://api.polygon.io/v3/trades/options/TSLA?limit=2000&apiKey=yBvjEbOtJIKJghRd76ZFAHPX8VbkeeAq
Traceback (most recent call last):
  File "/Users/saireddykasthuri/options-monitor/options-flow-monitor-e2e.py", line 344, in monitor_once
  File "/Users/saireddykasthuri/options-monitor/options-flow-monitor-e2e.py", line 155, in fetch_trades
  File "/Users/saireddykasthuri/options-monitor/options-flow-monitor-e2e.py", line 97, in fetch_options_trades_polygon
    except (KeyboardInterrupt, SystemExit):
    ^^^^^^^^^^^^^^^^
  File "/Users/saireddykasthuri/options-monitor/venv/lib/python3.13/site-packages/requests/models.py", line 1026, in raise_for_status
    raise HTTPError(http_error_msg, response=self)
requests.exceptions.HTTPError: 404 Client Error: Not Found for url: https://api.polygon.io/v3/trades/options/TSLA?limit=2000&apiKey=yBvjEbOtJIKJghRd76ZFAHPX8VbkeeAq
2025-09-11 14:11:20,231 [INFO] Job "main.<locals>.<lambda> (trigger: interval[0:15:00], next run at: 2025-09-11 14:26:19 EDT)" executed successfully
2025-09-11 14:26:19,379 [INFO] Running job "main.<locals>.<lambda> (trigger: interval[0:15:00], next run at: 2025-09-11 14:41:19 EDT)" (scheduled at 2025-09-11 14:26:19.370250-04:00)
2025-09-11 14:26:19,382 [INFO] Fetching trades for ORCL
2025-09-11 14:26:19,484 [ERROR] Error processing symbol ORCL: 404 Client Error: Not Found for url: https://api.polygon.io/v3/trades/options/ORCL?limit=2000&apiKey=yBvjEbOtJIKJghRd76ZFAHPX8VbkeeAq
Traceback (most recent call last):
  File "/Users/saireddykasthuri/options-monitor/options-flow-monitor-e2e.py", line 344, in monitor_once
  File "/Users/saireddykasthuri/options-monitor/options-flow-monitor-e2e.py", line 155, in fetch_trades
  File "/Users/saireddykasthuri/options-monitor/options-flow-monitor-e2e.py", line 97, in fetch_options_trades_polygon
    except (KeyboardInterrupt, SystemExit):
    ^^^^^^^^^^^^^^^^
  File "/Users/saireddykasthuri/options-monitor/venv/lib/python3.13/site-packages/requests/models.py", line 1026, in raise_for_status
    raise HTTPError(http_error_msg, response=self)
requests.exceptions.HTTPError: 404 Client Error: Not Found for url: https://api.polygon.io/v3/trades/options/ORCL?limit=2000&apiKey=yBvjEbOtJIKJghRd76ZFAHPX8VbkeeAq
2025-09-11 14:26:19,488 [INFO] Fetching trades for NBIS
2025-09-11 14:26:19,582 [ERROR] Error processing symbol NBIS: 404 Client Error: Not Found for url: https://api.polygon.io/v3/trades/options/NBIS?limit=2000&apiKey=yBvjEbOtJIKJghRd76ZFAHPX8VbkeeAq
Traceback (most recent call last):
  File "/Users/saireddykasthuri/options-monitor/options-flow-monitor-e2e.py", line 344, in monitor_once
  File "/Users/saireddykasthuri/options-monitor/options-flow-monitor-e2e.py", line 155, in fetch_trades
  File "/Users/saireddykasthuri/options-monitor/options-flow-monitor-e2e.py", line 97, in fetch_options_trades_polygon
    except (KeyboardInterrupt, SystemExit):
    ^^^^^^^^^^^^^^^^
  File "/Users/saireddykasthuri/options-monitor/venv/lib/python3.13/site-packages/requests/models.py", line 1026, in raise_for_status
    raise HTTPError(http_error_msg, response=self)
requests.exceptions.HTTPError: 404 Client Error: Not Found for url: https://api.polygon.io/v3/trades/options/NBIS?limit=2000&apiKey=yBvjEbOtJIKJghRd76ZFAHPX8VbkeeAq
2025-09-11 14:26:19,586 [INFO] Fetching trades for AAPL
2025-09-11 14:26:19,672 [ERROR] Error processing symbol AAPL: 404 Client Error: Not Found for url: https://api.polygon.io/v3/trades/options/AAPL?limit=2000&apiKey=yBvjEbOtJIKJghRd76ZFAHPX8VbkeeAq
Traceback (most recent call last):
  File "/Users/saireddykasthuri/options-monitor/options-flow-monitor-e2e.py", line 344, in monitor_once
  File "/Users/saireddykasthuri/options-monitor/options-flow-monitor-e2e.py", line 155, in fetch_trades
  File "/Users/saireddykasthuri/options-monitor/options-flow-monitor-e2e.py", line 97, in fetch_options_trades_polygon
    except (KeyboardInterrupt, SystemExit):
    ^^^^^^^^^^^^^^^^
  File "/Users/saireddykasthuri/options-monitor/venv/lib/python3.13/site-packages/requests/models.py", line 1026, in raise_for_status
    raise HTTPError(http_error_msg, response=self)
requests.exceptions.HTTPError: 404 Client Error: Not Found for url: https://api.polygon.io/v3/trades/options/AAPL?limit=2000&apiKey=yBvjEbOtJIKJghRd76ZFAHPX8VbkeeAq
2025-09-11 14:26:19,676 [INFO] Fetching trades for TSLA
2025-09-11 14:26:19,770 [ERROR] Error processing symbol TSLA: 404 Client Error: Not Found for url: https://api.polygon.io/v3/trades/options/TSLA?limit=2000&apiKey=yBvjEbOtJIKJghRd76ZFAHPX8VbkeeAq
Traceback (most recent call last):
  File "/Users/saireddykasthuri/options-monitor/options-flow-monitor-e2e.py", line 344, in monitor_once
  File "/Users/saireddykasthuri/options-monitor/options-flow-monitor-e2e.py", line 155, in fetch_trades
  File "/Users/saireddykasthuri/options-monitor/options-flow-monitor-e2e.py", line 97, in fetch_options_trades_polygon
    except (KeyboardInterrupt, SystemExit):
    ^^^^^^^^^^^^^^^^
  File "/Users/saireddykasthuri/options-monitor/venv/lib/python3.13/site-packages/requests/models.py", line 1026, in raise_for_status
    raise HTTPError(http_error_msg, response=self)
requests.exceptions.HTTPError: 404 Client Error: Not Found for url: https://api.polygon.io/v3/trades/options/TSLA?limit=2000&apiKey=yBvjEbOtJIKJghRd76ZFAHPX8VbkeeAq
2025-09-11 14:26:19,775 [INFO] Job "main.<locals>.<lambda> (trigger: interval[0:15:00], next run at: 2025-09-11 14:41:19 EDT)" executed successfully
2025-09-11 14:41:19,391 [INFO] Running job "main.<locals>.<lambda> (trigger: interval[0:15:00], next run at: 2025-09-11 14:56:19 EDT)" (scheduled at 2025-09-11 14:41:19.370250-04:00)
2025-09-11 14:41:19,392 [INFO] Fetching trades for ORCL
2025-09-11 14:41:19,495 [ERROR] Error processing symbol ORCL: 404 Client Error: Not Found for url: https://api.polygon.io/v3/trades/options/ORCL?limit=2000&apiKey=yBvjEbOtJIKJghRd76ZFAHPX8VbkeeAq
Traceback (most recent call last):
  File "/Users/saireddykasthuri/options-monitor/options-flow-monitor-e2e.py", line 344, in monitor_once
  File "/Users/saireddykasthuri/options-monitor/options-flow-monitor-e2e.py", line 155, in fetch_trades
  File "/Users/saireddykasthuri/options-monitor/options-flow-monitor-e2e.py", line 97, in fetch_options_trades_polygon
    except (KeyboardInterrupt, SystemExit):
    ^^^^^^^^^^^^^^^^
  File "/Users/saireddykasthuri/options-monitor/venv/lib/python3.13/site-packages/requests/models.py", line 1026, in raise_for_status
    raise HTTPError(http_error_msg, response=self)
requests.exceptions.HTTPError: 404 Client Error: Not Found for url: https://api.polygon.io/v3/trades/options/ORCL?limit=2000&apiKey=yBvjEbOtJIKJghRd76ZFAHPX8VbkeeAq
2025-09-11 14:41:19,500 [INFO] Fetching trades for NBIS
2025-09-11 14:41:19,579 [ERROR] Error processing symbol NBIS: 404 Client Error: Not Found for url: https://api.polygon.io/v3/trades/options/NBIS?limit=2000&apiKey=yBvjEbOtJIKJghRd76ZFAHPX8VbkeeAq
Traceback (most recent call last):
  File "/Users/saireddykasthuri/options-monitor/options-flow-monitor-e2e.py", line 344, in monitor_once
  File "/Users/saireddykasthuri/options-monitor/options-flow-monitor-e2e.py", line 155, in fetch_trades
  File "/Users/saireddykasthuri/options-monitor/options-flow-monitor-e2e.py", line 97, in fetch_options_trades_polygon
    except (KeyboardInterrupt, SystemExit):
    ^^^^^^^^^^^^^^^^
  File "/Users/saireddykasthuri/options-monitor/venv/lib/python3.13/site-packages/requests/models.py", line 1026, in raise_for_status
    raise HTTPError(http_error_msg, response=self)
requests.exceptions.HTTPError: 404 Client Error: Not Found for url: https://api.polygon.io/v3/trades/options/NBIS?limit=2000&apiKey=yBvjEbOtJIKJghRd76ZFAHPX8VbkeeAq
2025-09-11 14:41:19,585 [INFO] Fetching trades for AAPL
2025-09-11 14:41:19,667 [ERROR] Error processing symbol AAPL: 404 Client Error: Not Found for url: https://api.polygon.io/v3/trades/options/AAPL?limit=2000&apiKey=yBvjEbOtJIKJghRd76ZFAHPX8VbkeeAq
Traceback (most recent call last):
  File "/Users/saireddykasthuri/options-monitor/options-flow-monitor-e2e.py", line 344, in monitor_once
  File "/Users/saireddykasthuri/options-monitor/options-flow-monitor-e2e.py", line 155, in fetch_trades
  File "/Users/saireddykasthuri/options-monitor/options-flow-monitor-e2e.py", line 97, in fetch_options_trades_polygon
    except (KeyboardInterrupt, SystemExit):
    ^^^^^^^^^^^^^^^^
  File "/Users/saireddykasthuri/options-monitor/venv/lib/python3.13/site-packages/requests/models.py", line 1026, in raise_for_status
    raise HTTPError(http_error_msg, response=self)
requests.exceptions.HTTPError: 404 Client Error: Not Found for url: https://api.polygon.io/v3/trades/options/AAPL?limit=2000&apiKey=yBvjEbOtJIKJghRd76ZFAHPX8VbkeeAq
2025-09-11 14:41:19,672 [INFO] Fetching trades for TSLA
2025-09-11 14:41:19,760 [ERROR] Error processing symbol TSLA: 404 Client Error: Not Found for url: https://api.polygon.io/v3/trades/options/TSLA?limit=2000&apiKey=yBvjEbOtJIKJghRd76ZFAHPX8VbkeeAq
Traceback (most recent call last):
  File "/Users/saireddykasthuri/options-monitor/options-flow-monitor-e2e.py", line 344, in monitor_once
  File "/Users/saireddykasthuri/options-monitor/options-flow-monitor-e2e.py", line 155, in fetch_trades
  File "/Users/saireddykasthuri/options-monitor/options-flow-monitor-e2e.py", line 97, in fetch_options_trades_polygon
    except (KeyboardInterrupt, SystemExit):
    ^^^^^^^^^^^^^^^^
  File "/Users/saireddykasthuri/options-monitor/venv/lib/python3.13/site-packages/requests/models.py", line 1026, in raise_for_status
    raise HTTPError(http_error_msg, response=self)
requests.exceptions.HTTPError: 404 Client Error: Not Found for url: https://api.polygon.io/v3/trades/options/TSLA?limit=2000&apiKey=yBvjEbOtJIKJghRd76ZFAHPX8VbkeeAq
2025-09-11 14:41:19,766 [INFO] Job "main.<locals>.<lambda> (trigger: interval[0:15:00], next run at: 2025-09-11 14:56:19 EDT)" executed successfully
2025-09-11 14:56:19,375 [INFO] Running job "main.<locals>.<lambda> (trigger: interval[0:15:00], next run at: 2025-09-11 15:11:19 EDT)" (scheduled at 2025-09-11 14:56:19.370250-04:00)
2025-09-11 14:56:19,377 [INFO] Fetching trades for ORCL
2025-09-11 14:56:19,485 [ERROR] Error processing symbol ORCL: 404 Client Error: Not Found for url: https://api.polygon.io/v3/trades/options/ORCL?limit=2000&apiKey=yBvjEbOtJIKJghRd76ZFAHPX8VbkeeAq
Traceback (most recent call last):
  File "/Users/saireddykasthuri/options-monitor/options-flow-monitor-e2e.py", line 344, in monitor_once
  File "/Users/saireddykasthuri/options-monitor/options-flow-monitor-e2e.py", line 155, in fetch_trades
  File "/Users/saireddykasthuri/options-monitor/options-flow-monitor-e2e.py", line 97, in fetch_options_trades_polygon
    except (KeyboardInterrupt, SystemExit):
    ^^^^^^^^^^^^^^^^
  File "/Users/saireddykasthuri/options-monitor/venv/lib/python3.13/site-packages/requests/models.py", line 1026, in raise_for_status
    raise HTTPError(http_error_msg, response=self)
requests.exceptions.HTTPError: 404 Client Error: Not Found for url: https://api.polygon.io/v3/trades/options/ORCL?limit=2000&apiKey=yBvjEbOtJIKJghRd76ZFAHPX8VbkeeAq
2025-09-11 14:56:19,489 [INFO] Fetching trades for NBIS
2025-09-11 14:56:19,584 [ERROR] Error processing symbol NBIS: 404 Client Error: Not Found for url: https://api.polygon.io/v3/trades/options/NBIS?limit=2000&apiKey=yBvjEbOtJIKJghRd76ZFAHPX8VbkeeAq
Traceback (most recent call last):
  File "/Users/saireddykasthuri/options-monitor/options-flow-monitor-e2e.py", line 344, in monitor_once
  File "/Users/saireddykasthuri/options-monitor/options-flow-monitor-e2e.py", line 155, in fetch_trades
  File "/Users/saireddykasthuri/options-monitor/options-flow-monitor-e2e.py", line 97, in fetch_options_trades_polygon
    except (KeyboardInterrupt, SystemExit):
    ^^^^^^^^^^^^^^^^
  File "/Users/saireddykasthuri/options-monitor/venv/lib/python3.13/site-packages/requests/models.py", line 1026, in raise_for_status
    raise HTTPError(http_error_msg, response=self)
requests.exceptions.HTTPError: 404 Client Error: Not Found for url: https://api.polygon.io/v3/trades/options/NBIS?limit=2000&apiKey=yBvjEbOtJIKJghRd76ZFAHPX8VbkeeAq
2025-09-11 14:56:19,588 [INFO] Fetching trades for AAPL
2025-09-11 14:56:19,678 [ERROR] Error processing symbol AAPL: 404 Client Error: Not Found for url: https://api.polygon.io/v3/trades/options/AAPL?limit=2000&apiKey=yBvjEbOtJIKJghRd76ZFAHPX8VbkeeAq
Traceback (most recent call last):
  File "/Users/saireddykasthuri/options-monitor/options-flow-monitor-e2e.py", line 344, in monitor_once
  File "/Users/saireddykasthuri/options-monitor/options-flow-monitor-e2e.py", line 155, in fetch_trades
  File "/Users/saireddykasthuri/options-monitor/options-flow-monitor-e2e.py", line 97, in fetch_options_trades_polygon
    except (KeyboardInterrupt, SystemExit):
    ^^^^^^^^^^^^^^^^
  File "/Users/saireddykasthuri/options-monitor/venv/lib/python3.13/site-packages/requests/models.py", line 1026, in raise_for_status
    raise HTTPError(http_error_msg, response=self)
requests.exceptions.HTTPError: 404 Client Error: Not Found for url: https://api.polygon.io/v3/trades/options/AAPL?limit=2000&apiKey=yBvjEbOtJIKJghRd76ZFAHPX8VbkeeAq
2025-09-11 14:56:19,684 [INFO] Fetching trades for TSLA
2025-09-11 14:56:19,781 [ERROR] Error processing symbol TSLA: 404 Client Error: Not Found for url: https://api.polygon.io/v3/trades/options/TSLA?limit=2000&apiKey=yBvjEbOtJIKJghRd76ZFAHPX8VbkeeAq
Traceback (most recent call last):
  File "/Users/saireddykasthuri/options-monitor/options-flow-monitor-e2e.py", line 344, in monitor_once
  File "/Users/saireddykasthuri/options-monitor/options-flow-monitor-e2e.py", line 155, in fetch_trades
  File "/Users/saireddykasthuri/options-monitor/options-flow-monitor-e2e.py", line 97, in fetch_options_trades_polygon
    except (KeyboardInterrupt, SystemExit):
    ^^^^^^^^^^^^^^^^
  File "/Users/saireddykasthuri/options-monitor/venv/lib/python3.13/site-packages/requests/models.py", line 1026, in raise_for_status
    raise HTTPError(http_error_msg, response=self)
requests.exceptions.HTTPError: 404 Client Error: Not Found for url: https://api.polygon.io/v3/trades/options/TSLA?limit=2000&apiKey=yBvjEbOtJIKJghRd76ZFAHPX8VbkeeAq
2025-09-11 14:56:19,786 [INFO] Job "main.<locals>.<lambda> (trigger: interval[0:15:00], next run at: 2025-09-11 15:11:19 EDT)" executed successfully
2025-09-11 15:11:19,373 [INFO] Running job "main.<locals>.<lambda> (trigger: interval[0:15:00], next run at: 2025-09-11 15:26:19 EDT)" (scheduled at 2025-09-11 15:11:19.370250-04:00)
2025-09-11 15:11:19,374 [INFO] Fetching trades for ORCL
2025-09-11 15:11:19,497 [ERROR] Error processing symbol ORCL: 404 Client Error: Not Found for url: https://api.polygon.io/v3/trades/options/ORCL?limit=2000&apiKey=yBvjEbOtJIKJghRd76ZFAHPX8VbkeeAq
Traceback (most recent call last):
  File "/Users/saireddykasthuri/options-monitor/options-flow-monitor-e2e.py", line 344, in monitor_once
  File "/Users/saireddykasthuri/options-monitor/options-flow-monitor-e2e.py", line 155, in fetch_trades
  File "/Users/saireddykasthuri/options-monitor/options-flow-monitor-e2e.py", line 97, in fetch_options_trades_polygon
    except (KeyboardInterrupt, SystemExit):
    ^^^^^^^^^^^^^^^^
  File "/Users/saireddykasthuri/options-monitor/venv/lib/python3.13/site-packages/requests/models.py", line 1026, in raise_for_status
    raise HTTPError(http_error_msg, response=self)
requests.exceptions.HTTPError: 404 Client Error: Not Found for url: https://api.polygon.io/v3/trades/options/ORCL?limit=2000&apiKey=yBvjEbOtJIKJghRd76ZFAHPX8VbkeeAq
2025-09-11 15:11:19,502 [INFO] Fetching trades for NBIS
2025-09-11 15:11:19,585 [ERROR] Error processing symbol NBIS: 404 Client Error: Not Found for url: https://api.polygon.io/v3/trades/options/NBIS?limit=2000&apiKey=yBvjEbOtJIKJghRd76ZFAHPX8VbkeeAq
Traceback (most recent call last):
  File "/Users/saireddykasthuri/options-monitor/options-flow-monitor-e2e.py", line 344, in monitor_once
  File "/Users/saireddykasthuri/options-monitor/options-flow-monitor-e2e.py", line 155, in fetch_trades
  File "/Users/saireddykasthuri/options-monitor/options-flow-monitor-e2e.py", line 97, in fetch_options_trades_polygon
    except (KeyboardInterrupt, SystemExit):
    ^^^^^^^^^^^^^^^^
  File "/Users/saireddykasthuri/options-monitor/venv/lib/python3.13/site-packages/requests/models.py", line 1026, in raise_for_status
    raise HTTPError(http_error_msg, response=self)
requests.exceptions.HTTPError: 404 Client Error: Not Found for url: https://api.polygon.io/v3/trades/options/NBIS?limit=2000&apiKey=yBvjEbOtJIKJghRd76ZFAHPX8VbkeeAq
2025-09-11 15:11:19,591 [INFO] Fetching trades for AAPL
2025-09-11 15:11:19,673 [ERROR] Error processing symbol AAPL: 404 Client Error: Not Found for url: https://api.polygon.io/v3/trades/options/AAPL?limit=2000&apiKey=yBvjEbOtJIKJghRd76ZFAHPX8VbkeeAq
Traceback (most recent call last):
  File "/Users/saireddykasthuri/options-monitor/options-flow-monitor-e2e.py", line 344, in monitor_once
  File "/Users/saireddykasthuri/options-monitor/options-flow-monitor-e2e.py", line 155, in fetch_trades
  File "/Users/saireddykasthuri/options-monitor/options-flow-monitor-e2e.py", line 97, in fetch_options_trades_polygon
    except (KeyboardInterrupt, SystemExit):
    ^^^^^^^^^^^^^^^^
  File "/Users/saireddykasthuri/options-monitor/venv/lib/python3.13/site-packages/requests/models.py", line 1026, in raise_for_status
    raise HTTPError(http_error_msg, response=self)
requests.exceptions.HTTPError: 404 Client Error: Not Found for url: https://api.polygon.io/v3/trades/options/AAPL?limit=2000&apiKey=yBvjEbOtJIKJghRd76ZFAHPX8VbkeeAq
2025-09-11 15:11:19,678 [INFO] Fetching trades for TSLA
2025-09-11 15:11:19,765 [ERROR] Error processing symbol TSLA: 404 Client Error: Not Found for url: https://api.polygon.io/v3/trades/options/TSLA?limit=2000&apiKey=yBvjEbOtJIKJghRd76ZFAHPX8VbkeeAq
Traceback (most recent call last):
  File "/Users/saireddykasthuri/options-monitor/options-flow-monitor-e2e.py", line 344, in monitor_once
  File "/Users/saireddykasthuri/options-monitor/options-flow-monitor-e2e.py", line 155, in fetch_trades
  File "/Users/saireddykasthuri/options-monitor/options-flow-monitor-e2e.py", line 97, in fetch_options_trades_polygon
    except (KeyboardInterrupt, SystemExit):
    ^^^^^^^^^^^^^^^^
  File "/Users/saireddykasthuri/options-monitor/venv/lib/python3.13/site-packages/requests/models.py", line 1026, in raise_for_status
    raise HTTPError(http_error_msg, response=self)
requests.exceptions.HTTPError: 404 Client Error: Not Found for url: https://api.polygon.io/v3/trades/options/TSLA?limit=2000&apiKey=yBvjEbOtJIKJghRd76ZFAHPX8VbkeeAq
2025-09-11 15:11:19,773 [INFO] Job "main.<locals>.<lambda> (trigger: interval[0:15:00], next run at: 2025-09-11 15:26:19 EDT)" executed successfully
2025-09-11 15:26:19,380 [INFO] Running job "main.<locals>.<lambda> (trigger: interval[0:15:00], next run at: 2025-09-11 15:41:19 EDT)" (scheduled at 2025-09-11 15:26:19.370250-04:00)
2025-09-11 15:26:19,383 [INFO] Fetching trades for ORCL
2025-09-11 15:26:19,484 [ERROR] Error processing symbol ORCL: 404 Client Error: Not Found for url: https://api.polygon.io/v3/trades/options/ORCL?limit=2000&apiKey=yBvjEbOtJIKJghRd76ZFAHPX8VbkeeAq
Traceback (most recent call last):
  File "/Users/saireddykasthuri/options-monitor/options-flow-monitor-e2e.py", line 344, in monitor_once
  File "/Users/saireddykasthuri/options-monitor/options-flow-monitor-e2e.py", line 155, in fetch_trades
  File "/Users/saireddykasthuri/options-monitor/options-flow-monitor-e2e.py", line 97, in fetch_options_trades_polygon
    except (KeyboardInterrupt, SystemExit):
    ^^^^^^^^^^^^^^^^
  File "/Users/saireddykasthuri/options-monitor/venv/lib/python3.13/site-packages/requests/models.py", line 1026, in raise_for_status
    raise HTTPError(http_error_msg, response=self)
requests.exceptions.HTTPError: 404 Client Error: Not Found for url: https://api.polygon.io/v3/trades/options/ORCL?limit=2000&apiKey=yBvjEbOtJIKJghRd76ZFAHPX8VbkeeAq
2025-09-11 15:26:19,488 [INFO] Fetching trades for NBIS
2025-09-11 15:26:19,575 [ERROR] Error processing symbol NBIS: 404 Client Error: Not Found for url: https://api.polygon.io/v3/trades/options/NBIS?limit=2000&apiKey=yBvjEbOtJIKJghRd76ZFAHPX8VbkeeAq
Traceback (most recent call last):
  File "/Users/saireddykasthuri/options-monitor/options-flow-monitor-e2e.py", line 344, in monitor_once
  File "/Users/saireddykasthuri/options-monitor/options-flow-monitor-e2e.py", line 155, in fetch_trades
  File "/Users/saireddykasthuri/options-monitor/options-flow-monitor-e2e.py", line 97, in fetch_options_trades_polygon
    except (KeyboardInterrupt, SystemExit):
    ^^^^^^^^^^^^^^^^
  File "/Users/saireddykasthuri/options-monitor/venv/lib/python3.13/site-packages/requests/models.py", line 1026, in raise_for_status
    raise HTTPError(http_error_msg, response=self)
requests.exceptions.HTTPError: 404 Client Error: Not Found for url: https://api.polygon.io/v3/trades/options/NBIS?limit=2000&apiKey=yBvjEbOtJIKJghRd76ZFAHPX8VbkeeAq
2025-09-11 15:26:19,579 [INFO] Fetching trades for AAPL
2025-09-11 15:26:19,669 [ERROR] Error processing symbol AAPL: 404 Client Error: Not Found for url: https://api.polygon.io/v3/trades/options/AAPL?limit=2000&apiKey=yBvjEbOtJIKJghRd76ZFAHPX8VbkeeAq
Traceback (most recent call last):
  File "/Users/saireddykasthuri/options-monitor/options-flow-monitor-e2e.py", line 344, in monitor_once
  File "/Users/saireddykasthuri/options-monitor/options-flow-monitor-e2e.py", line 155, in fetch_trades
  File "/Users/saireddykasthuri/options-monitor/options-flow-monitor-e2e.py", line 97, in fetch_options_trades_polygon
    except (KeyboardInterrupt, SystemExit):
    ^^^^^^^^^^^^^^^^
  File "/Users/saireddykasthuri/options-monitor/venv/lib/python3.13/site-packages/requests/models.py", line 1026, in raise_for_status
    raise HTTPError(http_error_msg, response=self)
requests.exceptions.HTTPError: 404 Client Error: Not Found for url: https://api.polygon.io/v3/trades/options/AAPL?limit=2000&apiKey=yBvjEbOtJIKJghRd76ZFAHPX8VbkeeAq
2025-09-11 15:26:19,673 [INFO] Fetching trades for TSLA
2025-09-11 15:26:19,755 [ERROR] Error processing symbol TSLA: 404 Client Error: Not Found for url: https://api.polygon.io/v3/trades/options/TSLA?limit=2000&apiKey=yBvjEbOtJIKJghRd76ZFAHPX8VbkeeAq
Traceback (most recent call last):
  File "/Users/saireddykasthuri/options-monitor/options-flow-monitor-e2e.py", line 344, in monitor_once
  File "/Users/saireddykasthuri/options-monitor/options-flow-monitor-e2e.py", line 155, in fetch_trades
  File "/Users/saireddykasthuri/options-monitor/options-flow-monitor-e2e.py", line 97, in fetch_options_trades_polygon
    except (KeyboardInterrupt, SystemExit):
    ^^^^^^^^^^^^^^^^
  File "/Users/saireddykasthuri/options-monitor/venv/lib/python3.13/site-packages/requests/models.py", line 1026, in raise_for_status
    raise HTTPError(http_error_msg, response=self)
requests.exceptions.HTTPError: 404 Client Error: Not Found for url: https://api.polygon.io/v3/trades/options/TSLA?limit=2000&apiKey=yBvjEbOtJIKJghRd76ZFAHPX8VbkeeAq
2025-09-11 15:26:19,760 [INFO] Job "main.<locals>.<lambda> (trigger: interval[0:15:00], next run at: 2025-09-11 15:41:19 EDT)" executed successfully
2025-09-11 15:41:19,373 [INFO] Running job "main.<locals>.<lambda> (trigger: interval[0:15:00], next run at: 2025-09-11 15:56:19 EDT)" (scheduled at 2025-09-11 15:41:19.370250-04:00)
2025-09-11 15:41:19,374 [INFO] Fetching trades for ORCL
2025-09-11 15:41:19,478 [ERROR] Error processing symbol ORCL: 404 Client Error: Not Found for url: https://api.polygon.io/v3/trades/options/ORCL?limit=2000&apiKey=yBvjEbOtJIKJghRd76ZFAHPX8VbkeeAq
Traceback (most recent call last):
  File "/Users/saireddykasthuri/options-monitor/options-flow-monitor-e2e.py", line 344, in monitor_once
  File "/Users/saireddykasthuri/options-monitor/options-flow-monitor-e2e.py", line 155, in fetch_trades
  File "/Users/saireddykasthuri/options-monitor/options-flow-monitor-e2e.py", line 97, in fetch_options_trades_polygon
    except (KeyboardInterrupt, SystemExit):
    ^^^^^^^^^^^^^^^^
  File "/Users/saireddykasthuri/options-monitor/venv/lib/python3.13/site-packages/requests/models.py", line 1026, in raise_for_status
    raise HTTPError(http_error_msg, response=self)
requests.exceptions.HTTPError: 404 Client Error: Not Found for url: https://api.polygon.io/v3/trades/options/ORCL?limit=2000&apiKey=yBvjEbOtJIKJghRd76ZFAHPX8VbkeeAq
2025-09-11 15:41:19,483 [INFO] Fetching trades for NBIS
2025-09-11 15:41:19,565 [ERROR] Error processing symbol NBIS: 404 Client Error: Not Found for url: https://api.polygon.io/v3/trades/options/NBIS?limit=2000&apiKey=yBvjEbOtJIKJghRd76ZFAHPX8VbkeeAq
Traceback (most recent call last):
  File "/Users/saireddykasthuri/options-monitor/options-flow-monitor-e2e.py", line 344, in monitor_once
  File "/Users/saireddykasthuri/options-monitor/options-flow-monitor-e2e.py", line 155, in fetch_trades
  File "/Users/saireddykasthuri/options-monitor/options-flow-monitor-e2e.py", line 97, in fetch_options_trades_polygon
    except (KeyboardInterrupt, SystemExit):
    ^^^^^^^^^^^^^^^^
  File "/Users/saireddykasthuri/options-monitor/venv/lib/python3.13/site-packages/requests/models.py", line 1026, in raise_for_status
    raise HTTPError(http_error_msg, response=self)
requests.exceptions.HTTPError: 404 Client Error: Not Found for url: https://api.polygon.io/v3/trades/options/NBIS?limit=2000&apiKey=yBvjEbOtJIKJghRd76ZFAHPX8VbkeeAq
2025-09-11 15:41:19,569 [INFO] Fetching trades for AAPL
2025-09-11 15:41:19,648 [ERROR] Error processing symbol AAPL: 404 Client Error: Not Found for url: https://api.polygon.io/v3/trades/options/AAPL?limit=2000&apiKey=yBvjEbOtJIKJghRd76ZFAHPX8VbkeeAq
Traceback (most recent call last):
  File "/Users/saireddykasthuri/options-monitor/options-flow-monitor-e2e.py", line 344, in monitor_once
  File "/Users/saireddykasthuri/options-monitor/options-flow-monitor-e2e.py", line 155, in fetch_trades
  File "/Users/saireddykasthuri/options-monitor/options-flow-monitor-e2e.py", line 97, in fetch_options_trades_polygon
    except (KeyboardInterrupt, SystemExit):
    ^^^^^^^^^^^^^^^^
  File "/Users/saireddykasthuri/options-monitor/venv/lib/python3.13/site-packages/requests/models.py", line 1026, in raise_for_status
    raise HTTPError(http_error_msg, response=self)
requests.exceptions.HTTPError: 404 Client Error: Not Found for url: https://api.polygon.io/v3/trades/options/AAPL?limit=2000&apiKey=yBvjEbOtJIKJghRd76ZFAHPX8VbkeeAq
2025-09-11 15:41:19,653 [INFO] Fetching trades for TSLA
2025-09-11 15:41:19,729 [ERROR] Error processing symbol TSLA: 404 Client Error: Not Found for url: https://api.polygon.io/v3/trades/options/TSLA?limit=2000&apiKey=yBvjEbOtJIKJghRd76ZFAHPX8VbkeeAq
Traceback (most recent call last):
  File "/Users/saireddykasthuri/options-monitor/options-flow-monitor-e2e.py", line 344, in monitor_once
  File "/Users/saireddykasthuri/options-monitor/options-flow-monitor-e2e.py", line 155, in fetch_trades
  File "/Users/saireddykasthuri/options-monitor/options-flow-monitor-e2e.py", line 97, in fetch_options_trades_polygon
    except (KeyboardInterrupt, SystemExit):
    ^^^^^^^^^^^^^^^^
  File "/Users/saireddykasthuri/options-monitor/venv/lib/python3.13/site-packages/requests/models.py", line 1026, in raise_for_status
    raise HTTPError(http_error_msg, response=self)
requests.exceptions.HTTPError: 404 Client Error: Not Found for url: https://api.polygon.io/v3/trades/options/TSLA?limit=2000&apiKey=yBvjEbOtJIKJghRd76ZFAHPX8VbkeeAq
2025-09-11 15:41:19,734 [INFO] Job "main.<locals>.<lambda> (trigger: interval[0:15:00], next run at: 2025-09-11 15:56:19 EDT)" executed successfully
2025-09-11 15:56:19,370 [INFO] Running job "main.<locals>.<lambda> (trigger: interval[0:15:00], next run at: 2025-09-11 16:11:19 EDT)" (scheduled at 2025-09-11 15:56:19.370250-04:00)
2025-09-11 15:56:19,372 [INFO] Fetching trades for ORCL
2025-09-11 15:56:19,476 [ERROR] Error processing symbol ORCL: 404 Client Error: Not Found for url: https://api.polygon.io/v3/trades/options/ORCL?limit=2000&apiKey=yBvjEbOtJIKJghRd76ZFAHPX8VbkeeAq
Traceback (most recent call last):
  File "/Users/saireddykasthuri/options-monitor/options-flow-monitor-e2e.py", line 344, in monitor_once
  File "/Users/saireddykasthuri/options-monitor/options-flow-monitor-e2e.py", line 155, in fetch_trades
  File "/Users/saireddykasthuri/options-monitor/options-flow-monitor-e2e.py", line 97, in fetch_options_trades_polygon
    except (KeyboardInterrupt, SystemExit):
    ^^^^^^^^^^^^^^^^
  File "/Users/saireddykasthuri/options-monitor/venv/lib/python3.13/site-packages/requests/models.py", line 1026, in raise_for_status
    raise HTTPError(http_error_msg, response=self)
requests.exceptions.HTTPError: 404 Client Error: Not Found for url: https://api.polygon.io/v3/trades/options/ORCL?limit=2000&apiKey=yBvjEbOtJIKJghRd76ZFAHPX8VbkeeAq
2025-09-11 15:56:19,480 [INFO] Fetching trades for NBIS
2025-09-11 15:56:19,570 [ERROR] Error processing symbol NBIS: 404 Client Error: Not Found for url: https://api.polygon.io/v3/trades/options/NBIS?limit=2000&apiKey=yBvjEbOtJIKJghRd76ZFAHPX8VbkeeAq
Traceback (most recent call last):
  File "/Users/saireddykasthuri/options-monitor/options-flow-monitor-e2e.py", line 344, in monitor_once
  File "/Users/saireddykasthuri/options-monitor/options-flow-monitor-e2e.py", line 155, in fetch_trades
  File "/Users/saireddykasthuri/options-monitor/options-flow-monitor-e2e.py", line 97, in fetch_options_trades_polygon
    except (KeyboardInterrupt, SystemExit):
    ^^^^^^^^^^^^^^^^
  File "/Users/saireddykasthuri/options-monitor/venv/lib/python3.13/site-packages/requests/models.py", line 1026, in raise_for_status
    raise HTTPError(http_error_msg, response=self)
requests.exceptions.HTTPError: 404 Client Error: Not Found for url: https://api.polygon.io/v3/trades/options/NBIS?limit=2000&apiKey=yBvjEbOtJIKJghRd76ZFAHPX8VbkeeAq
2025-09-11 15:56:19,574 [INFO] Fetching trades for AAPL
2025-09-11 15:56:19,666 [ERROR] Error processing symbol AAPL: 404 Client Error: Not Found for url: https://api.polygon.io/v3/trades/options/AAPL?limit=2000&apiKey=yBvjEbOtJIKJghRd76ZFAHPX8VbkeeAq
Traceback (most recent call last):
  File "/Users/saireddykasthuri/options-monitor/options-flow-monitor-e2e.py", line 344, in monitor_once
  File "/Users/saireddykasthuri/options-monitor/options-flow-monitor-e2e.py", line 155, in fetch_trades
  File "/Users/saireddykasthuri/options-monitor/options-flow-monitor-e2e.py", line 97, in fetch_options_trades_polygon
    except (KeyboardInterrupt, SystemExit):
    ^^^^^^^^^^^^^^^^
  File "/Users/saireddykasthuri/options-monitor/venv/lib/python3.13/site-packages/requests/models.py", line 1026, in raise_for_status
    raise HTTPError(http_error_msg, response=self)
requests.exceptions.HTTPError: 404 Client Error: Not Found for url: https://api.polygon.io/v3/trades/options/AAPL?limit=2000&apiKey=yBvjEbOtJIKJghRd76ZFAHPX8VbkeeAq
2025-09-11 15:56:19,671 [INFO] Fetching trades for TSLA
2025-09-11 15:56:19,767 [ERROR] Error processing symbol TSLA: 404 Client Error: Not Found for url: https://api.polygon.io/v3/trades/options/TSLA?limit=2000&apiKey=yBvjEbOtJIKJghRd76ZFAHPX8VbkeeAq
Traceback (most recent call last):
  File "/Users/saireddykasthuri/options-monitor/options-flow-monitor-e2e.py", line 344, in monitor_once
  File "/Users/saireddykasthuri/options-monitor/options-flow-monitor-e2e.py", line 155, in fetch_trades
  File "/Users/saireddykasthuri/options-monitor/options-flow-monitor-e2e.py", line 97, in fetch_options_trades_polygon
    except (KeyboardInterrupt, SystemExit):
    ^^^^^^^^^^^^^^^^
  File "/Users/saireddykasthuri/options-monitor/venv/lib/python3.13/site-packages/requests/models.py", line 1026, in raise_for_status
    raise HTTPError(http_error_msg, response=self)
requests.exceptions.HTTPError: 404 Client Error: Not Found for url: https://api.polygon.io/v3/trades/options/TSLA?limit=2000&apiKey=yBvjEbOtJIKJghRd76ZFAHPX8VbkeeAq
2025-09-11 15:56:19,771 [INFO] Job "main.<locals>.<lambda> (trigger: interval[0:15:00], next run at: 2025-09-11 16:11:19 EDT)" executed successfully
2025-09-11 16:20:31,648 [WARNING] Run time of job "main.<locals>.<lambda> (trigger: interval[0:15:00], next run at: 2025-09-11 16:26:19 EDT)" was missed by 0:09:12.278387
2025-09-11 16:26:19,378 [INFO] Running job "main.<locals>.<lambda> (trigger: interval[0:15:00], next run at: 2025-09-11 16:41:19 EDT)" (scheduled at 2025-09-11 16:26:19.370250-04:00)
2025-09-11 16:26:19,378 [INFO] Fetching trades for ORCL
2025-09-11 16:26:19,507 [ERROR] Error processing symbol ORCL: 404 Client Error: Not Found for url: https://api.polygon.io/v3/trades/options/ORCL?limit=2000&apiKey=yBvjEbOtJIKJghRd76ZFAHPX8VbkeeAq
Traceback (most recent call last):
  File "/Users/saireddykasthuri/options-monitor/options-flow-monitor-e2e.py", line 344, in monitor_once
  File "/Users/saireddykasthuri/options-monitor/options-flow-monitor-e2e.py", line 155, in fetch_trades
  File "/Users/saireddykasthuri/options-monitor/options-flow-monitor-e2e.py", line 97, in fetch_options_trades_polygon
    except (KeyboardInterrupt, SystemExit):
    ^^^^^^^^^^^^^^^^
  File "/Users/saireddykasthuri/options-monitor/venv/lib/python3.13/site-packages/requests/models.py", line 1026, in raise_for_status
    raise HTTPError(http_error_msg, response=self)
requests.exceptions.HTTPError: 404 Client Error: Not Found for url: https://api.polygon.io/v3/trades/options/ORCL?limit=2000&apiKey=yBvjEbOtJIKJghRd76ZFAHPX8VbkeeAq
2025-09-11 16:26:19,511 [INFO] Fetching trades for NBIS
2025-09-11 16:26:19,609 [ERROR] Error processing symbol NBIS: 404 Client Error: Not Found for url: https://api.polygon.io/v3/trades/options/NBIS?limit=2000&apiKey=yBvjEbOtJIKJghRd76ZFAHPX8VbkeeAq
Traceback (most recent call last):
  File "/Users/saireddykasthuri/options-monitor/options-flow-monitor-e2e.py", line 344, in monitor_once
  File "/Users/saireddykasthuri/options-monitor/options-flow-monitor-e2e.py", line 155, in fetch_trades
  File "/Users/saireddykasthuri/options-monitor/options-flow-monitor-e2e.py", line 97, in fetch_options_trades_polygon
    except (KeyboardInterrupt, SystemExit):
    ^^^^^^^^^^^^^^^^
  File "/Users/saireddykasthuri/options-monitor/venv/lib/python3.13/site-packages/requests/models.py", line 1026, in raise_for_status
    raise HTTPError(http_error_msg, response=self)
requests.exceptions.HTTPError: 404 Client Error: Not Found for url: https://api.polygon.io/v3/trades/options/NBIS?limit=2000&apiKey=yBvjEbOtJIKJghRd76ZFAHPX8VbkeeAq
2025-09-11 16:26:19,614 [INFO] Fetching trades for AAPL
2025-09-11 16:26:19,697 [ERROR] Error processing symbol AAPL: 404 Client Error: Not Found for url: https://api.polygon.io/v3/trades/options/AAPL?limit=2000&apiKey=yBvjEbOtJIKJghRd76ZFAHPX8VbkeeAq
Traceback (most recent call last):
  File "/Users/saireddykasthuri/options-monitor/options-flow-monitor-e2e.py", line 344, in monitor_once
  File "/Users/saireddykasthuri/options-monitor/options-flow-monitor-e2e.py", line 155, in fetch_trades
  File "/Users/saireddykasthuri/options-monitor/options-flow-monitor-e2e.py", line 97, in fetch_options_trades_polygon
    except (KeyboardInterrupt, SystemExit):
    ^^^^^^^^^^^^^^^^
  File "/Users/saireddykasthuri/options-monitor/venv/lib/python3.13/site-packages/requests/models.py", line 1026, in raise_for_status
    raise HTTPError(http_error_msg, response=self)
requests.exceptions.HTTPError: 404 Client Error: Not Found for url: https://api.polygon.io/v3/trades/options/AAPL?limit=2000&apiKey=yBvjEbOtJIKJghRd76ZFAHPX8VbkeeAq
2025-09-11 16:26:19,701 [INFO] Fetching trades for TSLA
2025-09-11 16:26:19,787 [ERROR] Error processing symbol TSLA: 404 Client Error: Not Found for url: https://api.polygon.io/v3/trades/options/TSLA?limit=2000&apiKey=yBvjEbOtJIKJghRd76ZFAHPX8VbkeeAq
Traceback (most recent call last):
  File "/Users/saireddykasthuri/options-monitor/options-flow-monitor-e2e.py", line 344, in monitor_once
  File "/Users/saireddykasthuri/options-monitor/options-flow-monitor-e2e.py", line 155, in fetch_trades
  File "/Users/saireddykasthuri/options-monitor/options-flow-monitor-e2e.py", line 97, in fetch_options_trades_polygon
    except (KeyboardInterrupt, SystemExit):
    ^^^^^^^^^^^^^^^^
  File "/Users/saireddykasthuri/options-monitor/venv/lib/python3.13/site-packages/requests/models.py", line 1026, in raise_for_status
    raise HTTPError(http_error_msg, response=self)
requests.exceptions.HTTPError: 404 Client Error: Not Found for url: https://api.polygon.io/v3/trades/options/TSLA?limit=2000&apiKey=yBvjEbOtJIKJghRd76ZFAHPX8VbkeeAq
2025-09-11 16:26:19,794 [INFO] Job "main.<locals>.<lambda> (trigger: interval[0:15:00], next run at: 2025-09-11 16:41:19 EDT)" executed successfully
2025-09-11 16:41:19,381 [INFO] Running job "main.<locals>.<lambda> (trigger: interval[0:15:00], next run at: 2025-09-11 16:56:19 EDT)" (scheduled at 2025-09-11 16:41:19.370250-04:00)
2025-09-11 16:41:19,384 [INFO] Fetching trades for ORCL
2025-09-11 16:41:19,491 [ERROR] Error processing symbol ORCL: 404 Client Error: Not Found for url: https://api.polygon.io/v3/trades/options/ORCL?limit=2000&apiKey=yBvjEbOtJIKJghRd76ZFAHPX8VbkeeAq
Traceback (most recent call last):
  File "/Users/saireddykasthuri/options-monitor/options-flow-monitor-e2e.py", line 344, in monitor_once
  File "/Users/saireddykasthuri/options-monitor/options-flow-monitor-e2e.py", line 155, in fetch_trades
  File "/Users/saireddykasthuri/options-monitor/options-flow-monitor-e2e.py", line 97, in fetch_options_trades_polygon
    except (KeyboardInterrupt, SystemExit):
    ^^^^^^^^^^^^^^^^
  File "/Users/saireddykasthuri/options-monitor/venv/lib/python3.13/site-packages/requests/models.py", line 1026, in raise_for_status
    raise HTTPError(http_error_msg, response=self)
requests.exceptions.HTTPError: 404 Client Error: Not Found for url: https://api.polygon.io/v3/trades/options/ORCL?limit=2000&apiKey=yBvjEbOtJIKJghRd76ZFAHPX8VbkeeAq
2025-09-11 16:41:19,495 [INFO] Fetching trades for NBIS
2025-09-11 16:41:19,583 [ERROR] Error processing symbol NBIS: 404 Client Error: Not Found for url: https://api.polygon.io/v3/trades/options/NBIS?limit=2000&apiKey=yBvjEbOtJIKJghRd76ZFAHPX8VbkeeAq
Traceback (most recent call last):
  File "/Users/saireddykasthuri/options-monitor/options-flow-monitor-e2e.py", line 344, in monitor_once
  File "/Users/saireddykasthuri/options-monitor/options-flow-monitor-e2e.py", line 155, in fetch_trades
  File "/Users/saireddykasthuri/options-monitor/options-flow-monitor-e2e.py", line 97, in fetch_options_trades_polygon
    except (KeyboardInterrupt, SystemExit):
    ^^^^^^^^^^^^^^^^
  File "/Users/saireddykasthuri/options-monitor/venv/lib/python3.13/site-packages/requests/models.py", line 1026, in raise_for_status
    raise HTTPError(http_error_msg, response=self)
requests.exceptions.HTTPError: 404 Client Error: Not Found for url: https://api.polygon.io/v3/trades/options/NBIS?limit=2000&apiKey=yBvjEbOtJIKJghRd76ZFAHPX8VbkeeAq
2025-09-11 16:41:19,588 [INFO] Fetching trades for AAPL
2025-09-11 16:41:19,680 [ERROR] Error processing symbol AAPL: 404 Client Error: Not Found for url: https://api.polygon.io/v3/trades/options/AAPL?limit=2000&apiKey=yBvjEbOtJIKJghRd76ZFAHPX8VbkeeAq
Traceback (most recent call last):
  File "/Users/saireddykasthuri/options-monitor/options-flow-monitor-e2e.py", line 344, in monitor_once
  File "/Users/saireddykasthuri/options-monitor/options-flow-monitor-e2e.py", line 155, in fetch_trades
  File "/Users/saireddykasthuri/options-monitor/options-flow-monitor-e2e.py", line 97, in fetch_options_trades_polygon
    except (KeyboardInterrupt, SystemExit):
    ^^^^^^^^^^^^^^^^
  File "/Users/saireddykasthuri/options-monitor/venv/lib/python3.13/site-packages/requests/models.py", line 1026, in raise_for_status
    raise HTTPError(http_error_msg, response=self)
requests.exceptions.HTTPError: 404 Client Error: Not Found for url: https://api.polygon.io/v3/trades/options/AAPL?limit=2000&apiKey=yBvjEbOtJIKJghRd76ZFAHPX8VbkeeAq
2025-09-11 16:41:19,686 [INFO] Fetching trades for TSLA
2025-09-11 16:41:19,771 [ERROR] Error processing symbol TSLA: 404 Client Error: Not Found for url: https://api.polygon.io/v3/trades/options/TSLA?limit=2000&apiKey=yBvjEbOtJIKJghRd76ZFAHPX8VbkeeAq
Traceback (most recent call last):
  File "/Users/saireddykasthuri/options-monitor/options-flow-monitor-e2e.py", line 344, in monitor_once
  File "/Users/saireddykasthuri/options-monitor/options-flow-monitor-e2e.py", line 155, in fetch_trades
  File "/Users/saireddykasthuri/options-monitor/options-flow-monitor-e2e.py", line 97, in fetch_options_trades_polygon
    except (KeyboardInterrupt, SystemExit):
    ^^^^^^^^^^^^^^^^
  File "/Users/saireddykasthuri/options-monitor/venv/lib/python3.13/site-packages/requests/models.py", line 1026, in raise_for_status
    raise HTTPError(http_error_msg, response=self)
requests.exceptions.HTTPError: 404 Client Error: Not Found for url: https://api.polygon.io/v3/trades/options/TSLA?limit=2000&apiKey=yBvjEbOtJIKJghRd76ZFAHPX8VbkeeAq
2025-09-11 16:41:19,777 [INFO] Job "main.<locals>.<lambda> (trigger: interval[0:15:00], next run at: 2025-09-11 16:56:19 EDT)" executed successfully
2025-09-12 01:05:07,249 [WARNING] Run time of job "main.<locals>.<lambda> (trigger: interval[0:15:00], next run at: 2025-09-12 01:11:19 EDT)" was missed by 0:08:47.879418
2025-09-12 10:34:37,486 [WARNING] Run time of job "main.<locals>.<lambda> (trigger: interval[0:15:00], next run at: 2025-09-12 10:41:19 EDT)" was missed by 0:08:18.115949
2025-09-12 10:41:19,514 [INFO] Running job "main.<locals>.<lambda> (trigger: interval[0:15:00], next run at: 2025-09-12 10:56:19 EDT)" (scheduled at 2025-09-12 10:41:19.370250-04:00)
2025-09-12 10:41:19,518 [INFO] Fetching trades for ORCL
2025-09-12 10:41:19,643 [ERROR] Error processing symbol ORCL: 404 Client Error: Not Found for url: https://api.polygon.io/v3/trades/options/ORCL?limit=2000&apiKey=yBvjEbOtJIKJghRd76ZFAHPX8VbkeeAq
Traceback (most recent call last):
  File "/Users/saireddykasthuri/options-monitor/options-flow-monitor-e2e.py", line 344, in monitor_once
  File "/Users/saireddykasthuri/options-monitor/options-flow-monitor-e2e.py", line 155, in fetch_trades
  File "/Users/saireddykasthuri/options-monitor/options-flow-monitor-e2e.py", line 97, in fetch_options_trades_polygon
    except (KeyboardInterrupt, SystemExit):
    ^^^^^^^^^^^^^^^^
  File "/Users/saireddykasthuri/options-monitor/venv/lib/python3.13/site-packages/requests/models.py", line 1026, in raise_for_status
    raise HTTPError(http_error_msg, response=self)
requests.exceptions.HTTPError: 404 Client Error: Not Found for url: https://api.polygon.io/v3/trades/options/ORCL?limit=2000&apiKey=yBvjEbOtJIKJghRd76ZFAHPX8VbkeeAq
2025-09-12 10:41:19,649 [INFO] Fetching trades for NBIS
2025-09-12 10:41:19,729 [ERROR] Error processing symbol NBIS: 404 Client Error: Not Found for url: https://api.polygon.io/v3/trades/options/NBIS?limit=2000&apiKey=yBvjEbOtJIKJghRd76ZFAHPX8VbkeeAq
Traceback (most recent call last):
  File "/Users/saireddykasthuri/options-monitor/options-flow-monitor-e2e.py", line 344, in monitor_once
  File "/Users/saireddykasthuri/options-monitor/options-flow-monitor-e2e.py", line 155, in fetch_trades
  File "/Users/saireddykasthuri/options-monitor/options-flow-monitor-e2e.py", line 97, in fetch_options_trades_polygon
    except (KeyboardInterrupt, SystemExit):
    ^^^^^^^^^^^^^^^^
  File "/Users/saireddykasthuri/options-monitor/venv/lib/python3.13/site-packages/requests/models.py", line 1026, in raise_for_status
    raise HTTPError(http_error_msg, response=self)
requests.exceptions.HTTPError: 404 Client Error: Not Found for url: https://api.polygon.io/v3/trades/options/NBIS?limit=2000&apiKey=yBvjEbOtJIKJghRd76ZFAHPX8VbkeeAq
2025-09-12 10:41:19,736 [INFO] Fetching trades for AAPL
2025-09-12 10:41:19,831 [ERROR] Error processing symbol AAPL: 404 Client Error: Not Found for url: https://api.polygon.io/v3/trades/options/AAPL?limit=2000&apiKey=yBvjEbOtJIKJghRd76ZFAHPX8VbkeeAq
Traceback (most recent call last):
  File "/Users/saireddykasthuri/options-monitor/options-flow-monitor-e2e.py", line 344, in monitor_once
  File "/Users/saireddykasthuri/options-monitor/options-flow-monitor-e2e.py", line 155, in fetch_trades
  File "/Users/saireddykasthuri/options-monitor/options-flow-monitor-e2e.py", line 97, in fetch_options_trades_polygon
    except (KeyboardInterrupt, SystemExit):
    ^^^^^^^^^^^^^^^^
  File "/Users/saireddykasthuri/options-monitor/venv/lib/python3.13/site-packages/requests/models.py", line 1026, in raise_for_status
    raise HTTPError(http_error_msg, response=self)
requests.exceptions.HTTPError: 404 Client Error: Not Found for url: https://api.polygon.io/v3/trades/options/AAPL?limit=2000&apiKey=yBvjEbOtJIKJghRd76ZFAHPX8VbkeeAq
2025-09-12 10:41:19,837 [INFO] Fetching trades for TSLA
2025-09-12 10:41:19,923 [ERROR] Error processing symbol TSLA: 404 Client Error: Not Found for url: https://api.polygon.io/v3/trades/options/TSLA?limit=2000&apiKey=yBvjEbOtJIKJghRd76ZFAHPX8VbkeeAq
Traceback (most recent call last):
  File "/Users/saireddykasthuri/options-monitor/options-flow-monitor-e2e.py", line 344, in monitor_once
  File "/Users/saireddykasthuri/options-monitor/options-flow-monitor-e2e.py", line 155, in fetch_trades
  File "/Users/saireddykasthuri/options-monitor/options-flow-monitor-e2e.py", line 97, in fetch_options_trades_polygon
    except (KeyboardInterrupt, SystemExit):
    ^^^^^^^^^^^^^^^^
  File "/Users/saireddykasthuri/options-monitor/venv/lib/python3.13/site-packages/requests/models.py", line 1026, in raise_for_status
    raise HTTPError(http_error_msg, response=self)
requests.exceptions.HTTPError: 404 Client Error: Not Found for url: https://api.polygon.io/v3/trades/options/TSLA?limit=2000&apiKey=yBvjEbOtJIKJghRd76ZFAHPX8VbkeeAq
2025-09-12 10:41:19,928 [INFO] Job "main.<locals>.<lambda> (trigger: interval[0:15:00], next run at: 2025-09-12 10:56:19 EDT)" executed successfully
2025-09-12 13:28:31,659 [WARNING] Run time of job "main.<locals>.<lambda> (trigger: interval[0:15:00], next run at: 2025-09-12 13:41:19 EDT)" was missed by 0:02:12.289189
2025-09-12 13:41:52,071 [WARNING] Run time of job "main.<locals>.<lambda> (trigger: interval[0:15:00], next run at: 2025-09-12 13:56:19 EDT)" was missed by 0:00:32.701506
2025-09-12 16:04:45,035 [WARNING] Run time of job "main.<locals>.<lambda> (trigger: interval[0:15:00], next run at: 2025-09-12 16:11:19 EDT)" was missed by 0:08:25.664421
2025-09-12 16:22:12,752 [WARNING] Run time of job "main.<locals>.<lambda> (trigger: interval[0:15:00], next run at: 2025-09-12 16:26:19 EDT)" was missed by 0:10:53.382474
2025-09-12 19:15:01,271 [WARNING] Run time of job "main.<locals>.<lambda> (trigger: interval[0:15:00], next run at: 2025-09-12 19:26:19 EDT)" was missed by 0:03:41.901506
2025-09-13 11:10:36,596 [WARNING] Run time of job "main.<locals>.<lambda> (trigger: interval[0:15:00], next run at: 2025-09-13 11:11:19 EDT)" was missed by 0:14:17.226157
2025-09-13 11:56:43,305 [WARNING] Run time of job "main.<locals>.<lambda> (trigger: interval[0:15:00], next run at: 2025-09-13 12:11:19 EDT)" was missed by 0:00:23.935350
2025-09-17 11:04:24,037 [WARNING] Run time of job "main.<locals>.<lambda> (trigger: interval[0:15:00], next run at: 2025-09-17 11:11:19 EDT)" was missed by 0:08:04.666045
2025-09-17 11:11:19,376 [INFO] Running job "main.<locals>.<lambda> (trigger: interval[0:15:00], next run at: 2025-09-17 11:26:19 EDT)" (scheduled at 2025-09-17 11:11:19.370250-04:00)
2025-09-17 11:11:19,384 [INFO] Fetching trades for ORCL
2025-09-17 11:11:19,771 [ERROR] Error processing symbol ORCL: 404 Client Error: Not Found for url: https://api.polygon.io/v3/trades/options/ORCL?limit=2000&apiKey=yBvjEbOtJIKJghRd76ZFAHPX8VbkeeAq
Traceback (most recent call last):
  File "/Users/saireddykasthuri/options-monitor/options-flow-monitor-e2e.py", line 344, in monitor_once
  File "/Users/saireddykasthuri/options-monitor/options-flow-monitor-e2e.py", line 155, in fetch_trades
  File "/Users/saireddykasthuri/options-monitor/options-flow-monitor-e2e.py", line 97, in fetch_options_trades_polygon
    except (KeyboardInterrupt, SystemExit):
    ^^^^^^^^^^^^^^^^
  File "/Users/saireddykasthuri/options-monitor/venv/lib/python3.13/site-packages/requests/models.py", line 1026, in raise_for_status
    raise HTTPError(http_error_msg, response=self)
requests.exceptions.HTTPError: 404 Client Error: Not Found for url: https://api.polygon.io/v3/trades/options/ORCL?limit=2000&apiKey=yBvjEbOtJIKJghRd76ZFAHPX8VbkeeAq
2025-09-17 11:11:19,801 [INFO] Fetching trades for NBIS
2025-09-17 11:11:19,874 [ERROR] Error processing symbol NBIS: 404 Client Error: Not Found for url: https://api.polygon.io/v3/trades/options/NBIS?limit=2000&apiKey=yBvjEbOtJIKJghRd76ZFAHPX8VbkeeAq
Traceback (most recent call last):
  File "/Users/saireddykasthuri/options-monitor/options-flow-monitor-e2e.py", line 344, in monitor_once
  File "/Users/saireddykasthuri/options-monitor/options-flow-monitor-e2e.py", line 155, in fetch_trades
  File "/Users/saireddykasthuri/options-monitor/options-flow-monitor-e2e.py", line 97, in fetch_options_trades_polygon
    except (KeyboardInterrupt, SystemExit):
    ^^^^^^^^^^^^^^^^
  File "/Users/saireddykasthuri/options-monitor/venv/lib/python3.13/site-packages/requests/models.py", line 1026, in raise_for_status
    raise HTTPError(http_error_msg, response=self)
requests.exceptions.HTTPError: 404 Client Error: Not Found for url: https://api.polygon.io/v3/trades/options/NBIS?limit=2000&apiKey=yBvjEbOtJIKJghRd76ZFAHPX8VbkeeAq
2025-09-17 11:11:19,878 [INFO] Fetching trades for AAPL
2025-09-17 11:11:19,946 [ERROR] Error processing symbol AAPL: 404 Client Error: Not Found for url: https://api.polygon.io/v3/trades/options/AAPL?limit=2000&apiKey=yBvjEbOtJIKJghRd76ZFAHPX8VbkeeAq
Traceback (most recent call last):
  File "/Users/saireddykasthuri/options-monitor/options-flow-monitor-e2e.py", line 344, in monitor_once
  File "/Users/saireddykasthuri/options-monitor/options-flow-monitor-e2e.py", line 155, in fetch_trades
  File "/Users/saireddykasthuri/options-monitor/options-flow-monitor-e2e.py", line 97, in fetch_options_trades_polygon
    except (KeyboardInterrupt, SystemExit):
    ^^^^^^^^^^^^^^^^
  File "/Users/saireddykasthuri/options-monitor/venv/lib/python3.13/site-packages/requests/models.py", line 1026, in raise_for_status
    raise HTTPError(http_error_msg, response=self)
requests.exceptions.HTTPError: 404 Client Error: Not Found for url: https://api.polygon.io/v3/trades/options/AAPL?limit=2000&apiKey=yBvjEbOtJIKJghRd76ZFAHPX8VbkeeAq
2025-09-17 11:11:19,947 [INFO] Fetching trades for TSLA
2025-09-17 11:11:20,024 [ERROR] Error processing symbol TSLA: 404 Client Error: Not Found for url: https://api.polygon.io/v3/trades/options/TSLA?limit=2000&apiKey=yBvjEbOtJIKJghRd76ZFAHPX8VbkeeAq
Traceback (most recent call last):
  File "/Users/saireddykasthuri/options-monitor/options-flow-monitor-e2e.py", line 344, in monitor_once
  File "/Users/saireddykasthuri/options-monitor/options-flow-monitor-e2e.py", line 155, in fetch_trades
  File "/Users/saireddykasthuri/options-monitor/options-flow-monitor-e2e.py", line 97, in fetch_options_trades_polygon
    except (KeyboardInterrupt, SystemExit):
    ^^^^^^^^^^^^^^^^
  File "/Users/saireddykasthuri/options-monitor/venv/lib/python3.13/site-packages/requests/models.py", line 1026, in raise_for_status
    raise HTTPError(http_error_msg, response=self)
requests.exceptions.HTTPError: 404 Client Error: Not Found for url: https://api.polygon.io/v3/trades/options/TSLA?limit=2000&apiKey=yBvjEbOtJIKJghRd76ZFAHPX8VbkeeAq
2025-09-17 11:11:20,026 [INFO] Job "main.<locals>.<lambda> (trigger: interval[0:15:00], next run at: 2025-09-17 11:26:19 EDT)" executed successfully
2025-09-17 11:26:19,380 [INFO] Running job "main.<locals>.<lambda> (trigger: interval[0:15:00], next run at: 2025-09-17 11:41:19 EDT)" (scheduled at 2025-09-17 11:26:19.370250-04:00)
2025-09-17 11:26:19,383 [INFO] Fetching trades for ORCL
2025-09-17 11:26:19,516 [ERROR] Error processing symbol ORCL: 404 Client Error: Not Found for url: https://api.polygon.io/v3/trades/options/ORCL?limit=2000&apiKey=yBvjEbOtJIKJghRd76ZFAHPX8VbkeeAq
Traceback (most recent call last):
  File "/Users/saireddykasthuri/options-monitor/options-flow-monitor-e2e.py", line 344, in monitor_once
  File "/Users/saireddykasthuri/options-monitor/options-flow-monitor-e2e.py", line 155, in fetch_trades
  File "/Users/saireddykasthuri/options-monitor/options-flow-monitor-e2e.py", line 97, in fetch_options_trades_polygon
    except (KeyboardInterrupt, SystemExit):
    ^^^^^^^^^^^^^^^^
  File "/Users/saireddykasthuri/options-monitor/venv/lib/python3.13/site-packages/requests/models.py", line 1026, in raise_for_status
    raise HTTPError(http_error_msg, response=self)
requests.exceptions.HTTPError: 404 Client Error: Not Found for url: https://api.polygon.io/v3/trades/options/ORCL?limit=2000&apiKey=yBvjEbOtJIKJghRd76ZFAHPX8VbkeeAq
2025-09-17 11:26:19,520 [INFO] Fetching trades for NBIS
2025-09-17 11:26:19,610 [ERROR] Error processing symbol NBIS: 404 Client Error: Not Found for url: https://api.polygon.io/v3/trades/options/NBIS?limit=2000&apiKey=yBvjEbOtJIKJghRd76ZFAHPX8VbkeeAq
Traceback (most recent call last):
  File "/Users/saireddykasthuri/options-monitor/options-flow-monitor-e2e.py", line 344, in monitor_once
  File "/Users/saireddykasthuri/options-monitor/options-flow-monitor-e2e.py", line 155, in fetch_trades
  File "/Users/saireddykasthuri/options-monitor/options-flow-monitor-e2e.py", line 97, in fetch_options_trades_polygon
    except (KeyboardInterrupt, SystemExit):
    ^^^^^^^^^^^^^^^^
  File "/Users/saireddykasthuri/options-monitor/venv/lib/python3.13/site-packages/requests/models.py", line 1026, in raise_for_status
    raise HTTPError(http_error_msg, response=self)
requests.exceptions.HTTPError: 404 Client Error: Not Found for url: https://api.polygon.io/v3/trades/options/NBIS?limit=2000&apiKey=yBvjEbOtJIKJghRd76ZFAHPX8VbkeeAq
2025-09-17 11:26:19,615 [INFO] Fetching trades for AAPL
2025-09-17 11:26:19,711 [ERROR] Error processing symbol AAPL: 404 Client Error: Not Found for url: https://api.polygon.io/v3/trades/options/AAPL?limit=2000&apiKey=yBvjEbOtJIKJghRd76ZFAHPX8VbkeeAq
Traceback (most recent call last):
  File "/Users/saireddykasthuri/options-monitor/options-flow-monitor-e2e.py", line 344, in monitor_once
  File "/Users/saireddykasthuri/options-monitor/options-flow-monitor-e2e.py", line 155, in fetch_trades
  File "/Users/saireddykasthuri/options-monitor/options-flow-monitor-e2e.py", line 97, in fetch_options_trades_polygon
    except (KeyboardInterrupt, SystemExit):
    ^^^^^^^^^^^^^^^^
  File "/Users/saireddykasthuri/options-monitor/venv/lib/python3.13/site-packages/requests/models.py", line 1026, in raise_for_status
    raise HTTPError(http_error_msg, response=self)
requests.exceptions.HTTPError: 404 Client Error: Not Found for url: https://api.polygon.io/v3/trades/options/AAPL?limit=2000&apiKey=yBvjEbOtJIKJghRd76ZFAHPX8VbkeeAq
2025-09-17 11:26:19,717 [INFO] Fetching trades for TSLA
2025-09-17 11:26:19,815 [ERROR] Error processing symbol TSLA: 404 Client Error: Not Found for url: https://api.polygon.io/v3/trades/options/TSLA?limit=2000&apiKey=yBvjEbOtJIKJghRd76ZFAHPX8VbkeeAq
Traceback (most recent call last):
  File "/Users/saireddykasthuri/options-monitor/options-flow-monitor-e2e.py", line 344, in monitor_once
  File "/Users/saireddykasthuri/options-monitor/options-flow-monitor-e2e.py", line 155, in fetch_trades
  File "/Users/saireddykasthuri/options-monitor/options-flow-monitor-e2e.py", line 97, in fetch_options_trades_polygon
    except (KeyboardInterrupt, SystemExit):
    ^^^^^^^^^^^^^^^^
  File "/Users/saireddykasthuri/options-monitor/venv/lib/python3.13/site-packages/requests/models.py", line 1026, in raise_for_status
    raise HTTPError(http_error_msg, response=self)
requests.exceptions.HTTPError: 404 Client Error: Not Found for url: https://api.polygon.io/v3/trades/options/TSLA?limit=2000&apiKey=yBvjEbOtJIKJghRd76ZFAHPX8VbkeeAq
2025-09-17 11:26:19,821 [INFO] Job "main.<locals>.<lambda> (trigger: interval[0:15:00], next run at: 2025-09-17 11:41:19 EDT)" executed successfully
2025-09-17 13:40:33,489 [WARNING] Run time of job "main.<locals>.<lambda> (trigger: interval[0:15:00], next run at: 2025-09-17 13:41:19 EDT)" was missed by 0:14:14.118443
2025-09-17 13:41:19,376 [INFO] Running job "main.<locals>.<lambda> (trigger: interval[0:15:00], next run at: 2025-09-17 13:56:19 EDT)" (scheduled at 2025-09-17 13:41:19.370250-04:00)
2025-09-17 13:41:19,376 [INFO] Fetching trades for ORCL
2025-09-17 13:41:19,509 [ERROR] Error processing symbol ORCL: 404 Client Error: Not Found for url: https://api.polygon.io/v3/trades/options/ORCL?limit=2000&apiKey=yBvjEbOtJIKJghRd76ZFAHPX8VbkeeAq
Traceback (most recent call last):
  File "/Users/saireddykasthuri/options-monitor/options-flow-monitor-e2e.py", line 344, in monitor_once
  File "/Users/saireddykasthuri/options-monitor/options-flow-monitor-e2e.py", line 155, in fetch_trades
  File "/Users/saireddykasthuri/options-monitor/options-flow-monitor-e2e.py", line 97, in fetch_options_trades_polygon
    except (KeyboardInterrupt, SystemExit):
    ^^^^^^^^^^^^^^^^
  File "/Users/saireddykasthuri/options-monitor/venv/lib/python3.13/site-packages/requests/models.py", line 1026, in raise_for_status
    raise HTTPError(http_error_msg, response=self)
requests.exceptions.HTTPError: 404 Client Error: Not Found for url: https://api.polygon.io/v3/trades/options/ORCL?limit=2000&apiKey=yBvjEbOtJIKJghRd76ZFAHPX8VbkeeAq
2025-09-17 13:41:19,513 [INFO] Fetching trades for NBIS
2025-09-17 13:41:19,608 [ERROR] Error processing symbol NBIS: 404 Client Error: Not Found for url: https://api.polygon.io/v3/trades/options/NBIS?limit=2000&apiKey=yBvjEbOtJIKJghRd76ZFAHPX8VbkeeAq
Traceback (most recent call last):
  File "/Users/saireddykasthuri/options-monitor/options-flow-monitor-e2e.py", line 344, in monitor_once
  File "/Users/saireddykasthuri/options-monitor/options-flow-monitor-e2e.py", line 155, in fetch_trades
  File "/Users/saireddykasthuri/options-monitor/options-flow-monitor-e2e.py", line 97, in fetch_options_trades_polygon
    except (KeyboardInterrupt, SystemExit):
    ^^^^^^^^^^^^^^^^
  File "/Users/saireddykasthuri/options-monitor/venv/lib/python3.13/site-packages/requests/models.py", line 1026, in raise_for_status
    raise HTTPError(http_error_msg, response=self)
requests.exceptions.HTTPError: 404 Client Error: Not Found for url: https://api.polygon.io/v3/trades/options/NBIS?limit=2000&apiKey=yBvjEbOtJIKJghRd76ZFAHPX8VbkeeAq
2025-09-17 13:41:19,615 [INFO] Fetching trades for AAPL
2025-09-17 13:41:19,700 [ERROR] Error processing symbol AAPL: 404 Client Error: Not Found for url: https://api.polygon.io/v3/trades/options/AAPL?limit=2000&apiKey=yBvjEbOtJIKJghRd76ZFAHPX8VbkeeAq
Traceback (most recent call last):
  File "/Users/saireddykasthuri/options-monitor/options-flow-monitor-e2e.py", line 344, in monitor_once
  File "/Users/saireddykasthuri/options-monitor/options-flow-monitor-e2e.py", line 155, in fetch_trades
  File "/Users/saireddykasthuri/options-monitor/options-flow-monitor-e2e.py", line 97, in fetch_options_trades_polygon
    except (KeyboardInterrupt, SystemExit):
    ^^^^^^^^^^^^^^^^
  File "/Users/saireddykasthuri/options-monitor/venv/lib/python3.13/site-packages/requests/models.py", line 1026, in raise_for_status
    raise HTTPError(http_error_msg, response=self)
requests.exceptions.HTTPError: 404 Client Error: Not Found for url: https://api.polygon.io/v3/trades/options/AAPL?limit=2000&apiKey=yBvjEbOtJIKJghRd76ZFAHPX8VbkeeAq
2025-09-17 13:41:19,704 [INFO] Fetching trades for TSLA
2025-09-17 13:41:19,791 [ERROR] Error processing symbol TSLA: 404 Client Error: Not Found for url: https://api.polygon.io/v3/trades/options/TSLA?limit=2000&apiKey=yBvjEbOtJIKJghRd76ZFAHPX8VbkeeAq
Traceback (most recent call last):
  File "/Users/saireddykasthuri/options-monitor/options-flow-monitor-e2e.py", line 344, in monitor_once
  File "/Users/saireddykasthuri/options-monitor/options-flow-monitor-e2e.py", line 155, in fetch_trades
  File "/Users/saireddykasthuri/options-monitor/options-flow-monitor-e2e.py", line 97, in fetch_options_trades_polygon
    except (KeyboardInterrupt, SystemExit):
    ^^^^^^^^^^^^^^^^
  File "/Users/saireddykasthuri/options-monitor/venv/lib/python3.13/site-packages/requests/models.py", line 1026, in raise_for_status
    raise HTTPError(http_error_msg, response=self)
requests.exceptions.HTTPError: 404 Client Error: Not Found for url: https://api.polygon.io/v3/trades/options/TSLA?limit=2000&apiKey=yBvjEbOtJIKJghRd76ZFAHPX8VbkeeAq
2025-09-17 13:41:19,795 [INFO] Job "main.<locals>.<lambda> (trigger: interval[0:15:00], next run at: 2025-09-17 13:56:19 EDT)" executed successfully
2025-09-17 13:56:19,371 [INFO] Running job "main.<locals>.<lambda> (trigger: interval[0:15:00], next run at: 2025-09-17 14:11:19 EDT)" (scheduled at 2025-09-17 13:56:19.370250-04:00)
2025-09-17 13:56:19,371 [INFO] Fetching trades for ORCL
2025-09-17 13:56:19,486 [ERROR] Error processing symbol ORCL: 404 Client Error: Not Found for url: https://api.polygon.io/v3/trades/options/ORCL?limit=2000&apiKey=yBvjEbOtJIKJghRd76ZFAHPX8VbkeeAq
Traceback (most recent call last):
  File "/Users/saireddykasthuri/options-monitor/options-flow-monitor-e2e.py", line 344, in monitor_once
  File "/Users/saireddykasthuri/options-monitor/options-flow-monitor-e2e.py", line 155, in fetch_trades
  File "/Users/saireddykasthuri/options-monitor/options-flow-monitor-e2e.py", line 97, in fetch_options_trades_polygon
    except (KeyboardInterrupt, SystemExit):
    ^^^^^^^^^^^^^^^^
  File "/Users/saireddykasthuri/options-monitor/venv/lib/python3.13/site-packages/requests/models.py", line 1026, in raise_for_status
    raise HTTPError(http_error_msg, response=self)
requests.exceptions.HTTPError: 404 Client Error: Not Found for url: https://api.polygon.io/v3/trades/options/ORCL?limit=2000&apiKey=yBvjEbOtJIKJghRd76ZFAHPX8VbkeeAq
2025-09-17 13:56:19,491 [INFO] Fetching trades for NBIS
2025-09-17 13:56:19,576 [ERROR] Error processing symbol NBIS: 404 Client Error: Not Found for url: https://api.polygon.io/v3/trades/options/NBIS?limit=2000&apiKey=yBvjEbOtJIKJghRd76ZFAHPX8VbkeeAq
Traceback (most recent call last):
  File "/Users/saireddykasthuri/options-monitor/options-flow-monitor-e2e.py", line 344, in monitor_once
  File "/Users/saireddykasthuri/options-monitor/options-flow-monitor-e2e.py", line 155, in fetch_trades
  File "/Users/saireddykasthuri/options-monitor/options-flow-monitor-e2e.py", line 97, in fetch_options_trades_polygon
    except (KeyboardInterrupt, SystemExit):
    ^^^^^^^^^^^^^^^^
  File "/Users/saireddykasthuri/options-monitor/venv/lib/python3.13/site-packages/requests/models.py", line 1026, in raise_for_status
    raise HTTPError(http_error_msg, response=self)
requests.exceptions.HTTPError: 404 Client Error: Not Found for url: https://api.polygon.io/v3/trades/options/NBIS?limit=2000&apiKey=yBvjEbOtJIKJghRd76ZFAHPX8VbkeeAq
2025-09-17 13:56:19,583 [INFO] Fetching trades for AAPL
2025-09-17 13:56:19,675 [ERROR] Error processing symbol AAPL: 404 Client Error: Not Found for url: https://api.polygon.io/v3/trades/options/AAPL?limit=2000&apiKey=yBvjEbOtJIKJghRd76ZFAHPX8VbkeeAq
Traceback (most recent call last):
  File "/Users/saireddykasthuri/options-monitor/options-flow-monitor-e2e.py", line 344, in monitor_once
  File "/Users/saireddykasthuri/options-monitor/options-flow-monitor-e2e.py", line 155, in fetch_trades
  File "/Users/saireddykasthuri/options-monitor/options-flow-monitor-e2e.py", line 97, in fetch_options_trades_polygon
    except (KeyboardInterrupt, SystemExit):
    ^^^^^^^^^^^^^^^^
  File "/Users/saireddykasthuri/options-monitor/venv/lib/python3.13/site-packages/requests/models.py", line 1026, in raise_for_status
    raise HTTPError(http_error_msg, response=self)
requests.exceptions.HTTPError: 404 Client Error: Not Found for url: https://api.polygon.io/v3/trades/options/AAPL?limit=2000&apiKey=yBvjEbOtJIKJghRd76ZFAHPX8VbkeeAq
2025-09-17 13:56:19,685 [INFO] Fetching trades for TSLA
2025-09-17 13:56:19,791 [ERROR] Error processing symbol TSLA: 404 Client Error: Not Found for url: https://api.polygon.io/v3/trades/options/TSLA?limit=2000&apiKey=yBvjEbOtJIKJghRd76ZFAHPX8VbkeeAq
Traceback (most recent call last):
  File "/Users/saireddykasthuri/options-monitor/options-flow-monitor-e2e.py", line 344, in monitor_once
  File "/Users/saireddykasthuri/options-monitor/options-flow-monitor-e2e.py", line 155, in fetch_trades
  File "/Users/saireddykasthuri/options-monitor/options-flow-monitor-e2e.py", line 97, in fetch_options_trades_polygon
    except (KeyboardInterrupt, SystemExit):
    ^^^^^^^^^^^^^^^^
  File "/Users/saireddykasthuri/options-monitor/venv/lib/python3.13/site-packages/requests/models.py", line 1026, in raise_for_status
    raise HTTPError(http_error_msg, response=self)
requests.exceptions.HTTPError: 404 Client Error: Not Found for url: https://api.polygon.io/v3/trades/options/TSLA?limit=2000&apiKey=yBvjEbOtJIKJghRd76ZFAHPX8VbkeeAq
2025-09-17 13:56:19,798 [INFO] Job "main.<locals>.<lambda> (trigger: interval[0:15:00], next run at: 2025-09-17 14:11:19 EDT)" executed successfully
2025-09-17 14:11:19,374 [INFO] Running job "main.<locals>.<lambda> (trigger: interval[0:15:00], next run at: 2025-09-17 14:26:19 EDT)" (scheduled at 2025-09-17 14:11:19.370250-04:00)
2025-09-17 14:11:19,375 [INFO] Fetching trades for ORCL
2025-09-17 14:11:19,495 [ERROR] Error processing symbol ORCL: 404 Client Error: Not Found for url: https://api.polygon.io/v3/trades/options/ORCL?limit=2000&apiKey=yBvjEbOtJIKJghRd76ZFAHPX8VbkeeAq
Traceback (most recent call last):
  File "/Users/saireddykasthuri/options-monitor/options-flow-monitor-e2e.py", line 344, in monitor_once
  File "/Users/saireddykasthuri/options-monitor/options-flow-monitor-e2e.py", line 155, in fetch_trades
  File "/Users/saireddykasthuri/options-monitor/options-flow-monitor-e2e.py", line 97, in fetch_options_trades_polygon
    except (KeyboardInterrupt, SystemExit):
    ^^^^^^^^^^^^^^^^
  File "/Users/saireddykasthuri/options-monitor/venv/lib/python3.13/site-packages/requests/models.py", line 1026, in raise_for_status
    raise HTTPError(http_error_msg, response=self)
requests.exceptions.HTTPError: 404 Client Error: Not Found for url: https://api.polygon.io/v3/trades/options/ORCL?limit=2000&apiKey=yBvjEbOtJIKJghRd76ZFAHPX8VbkeeAq
2025-09-17 14:11:19,500 [INFO] Fetching trades for NBIS
2025-09-17 14:11:19,592 [ERROR] Error processing symbol NBIS: 404 Client Error: Not Found for url: https://api.polygon.io/v3/trades/options/NBIS?limit=2000&apiKey=yBvjEbOtJIKJghRd76ZFAHPX8VbkeeAq
Traceback (most recent call last):
  File "/Users/saireddykasthuri/options-monitor/options-flow-monitor-e2e.py", line 344, in monitor_once
  File "/Users/saireddykasthuri/options-monitor/options-flow-monitor-e2e.py", line 155, in fetch_trades
  File "/Users/saireddykasthuri/options-monitor/options-flow-monitor-e2e.py", line 97, in fetch_options_trades_polygon
    except (KeyboardInterrupt, SystemExit):
    ^^^^^^^^^^^^^^^^
  File "/Users/saireddykasthuri/options-monitor/venv/lib/python3.13/site-packages/requests/models.py", line 1026, in raise_for_status
    raise HTTPError(http_error_msg, response=self)
requests.exceptions.HTTPError: 404 Client Error: Not Found for url: https://api.polygon.io/v3/trades/options/NBIS?limit=2000&apiKey=yBvjEbOtJIKJghRd76ZFAHPX8VbkeeAq
2025-09-17 14:11:19,598 [INFO] Fetching trades for AAPL
2025-09-17 14:11:19,687 [ERROR] Error processing symbol AAPL: 404 Client Error: Not Found for url: https://api.polygon.io/v3/trades/options/AAPL?limit=2000&apiKey=yBvjEbOtJIKJghRd76ZFAHPX8VbkeeAq
Traceback (most recent call last):
  File "/Users/saireddykasthuri/options-monitor/options-flow-monitor-e2e.py", line 344, in monitor_once
  File "/Users/saireddykasthuri/options-monitor/options-flow-monitor-e2e.py", line 155, in fetch_trades
  File "/Users/saireddykasthuri/options-monitor/options-flow-monitor-e2e.py", line 97, in fetch_options_trades_polygon
    except (KeyboardInterrupt, SystemExit):
    ^^^^^^^^^^^^^^^^
  File "/Users/saireddykasthuri/options-monitor/venv/lib/python3.13/site-packages/requests/models.py", line 1026, in raise_for_status
    raise HTTPError(http_error_msg, response=self)
requests.exceptions.HTTPError: 404 Client Error: Not Found for url: https://api.polygon.io/v3/trades/options/AAPL?limit=2000&apiKey=yBvjEbOtJIKJghRd76ZFAHPX8VbkeeAq
2025-09-17 14:11:19,692 [INFO] Fetching trades for TSLA
2025-09-17 14:11:19,781 [ERROR] Error processing symbol TSLA: 404 Client Error: Not Found for url: https://api.polygon.io/v3/trades/options/TSLA?limit=2000&apiKey=yBvjEbOtJIKJghRd76ZFAHPX8VbkeeAq
Traceback (most recent call last):
  File "/Users/saireddykasthuri/options-monitor/options-flow-monitor-e2e.py", line 344, in monitor_once
  File "/Users/saireddykasthuri/options-monitor/options-flow-monitor-e2e.py", line 155, in fetch_trades
  File "/Users/saireddykasthuri/options-monitor/options-flow-monitor-e2e.py", line 97, in fetch_options_trades_polygon
    except (KeyboardInterrupt, SystemExit):
    ^^^^^^^^^^^^^^^^
  File "/Users/saireddykasthuri/options-monitor/venv/lib/python3.13/site-packages/requests/models.py", line 1026, in raise_for_status
    raise HTTPError(http_error_msg, response=self)
requests.exceptions.HTTPError: 404 Client Error: Not Found for url: https://api.polygon.io/v3/trades/options/TSLA?limit=2000&apiKey=yBvjEbOtJIKJghRd76ZFAHPX8VbkeeAq
2025-09-17 14:11:19,788 [INFO] Job "main.<locals>.<lambda> (trigger: interval[0:15:00], next run at: 2025-09-17 14:26:19 EDT)" executed successfully
2025-09-17 14:26:19,372 [INFO] Running job "main.<locals>.<lambda> (trigger: interval[0:15:00], next run at: 2025-09-17 14:41:19 EDT)" (scheduled at 2025-09-17 14:26:19.370250-04:00)
2025-09-17 14:26:19,373 [INFO] Fetching trades for ORCL
2025-09-17 14:26:19,477 [ERROR] Error processing symbol ORCL: 404 Client Error: Not Found for url: https://api.polygon.io/v3/trades/options/ORCL?limit=2000&apiKey=yBvjEbOtJIKJghRd76ZFAHPX8VbkeeAq
Traceback (most recent call last):
  File "/Users/saireddykasthuri/options-monitor/options-flow-monitor-e2e.py", line 344, in monitor_once
  File "/Users/saireddykasthuri/options-monitor/options-flow-monitor-e2e.py", line 155, in fetch_trades
  File "/Users/saireddykasthuri/options-monitor/options-flow-monitor-e2e.py", line 97, in fetch_options_trades_polygon
    except (KeyboardInterrupt, SystemExit):
    ^^^^^^^^^^^^^^^^
  File "/Users/saireddykasthuri/options-monitor/venv/lib/python3.13/site-packages/requests/models.py", line 1026, in raise_for_status
    raise HTTPError(http_error_msg, response=self)
requests.exceptions.HTTPError: 404 Client Error: Not Found for url: https://api.polygon.io/v3/trades/options/ORCL?limit=2000&apiKey=yBvjEbOtJIKJghRd76ZFAHPX8VbkeeAq
2025-09-17 14:26:19,483 [INFO] Fetching trades for NBIS
2025-09-17 14:26:19,575 [ERROR] Error processing symbol NBIS: 404 Client Error: Not Found for url: https://api.polygon.io/v3/trades/options/NBIS?limit=2000&apiKey=yBvjEbOtJIKJghRd76ZFAHPX8VbkeeAq
Traceback (most recent call last):
  File "/Users/saireddykasthuri/options-monitor/options-flow-monitor-e2e.py", line 344, in monitor_once
  File "/Users/saireddykasthuri/options-monitor/options-flow-monitor-e2e.py", line 155, in fetch_trades
  File "/Users/saireddykasthuri/options-monitor/options-flow-monitor-e2e.py", line 97, in fetch_options_trades_polygon
    except (KeyboardInterrupt, SystemExit):
    ^^^^^^^^^^^^^^^^
  File "/Users/saireddykasthuri/options-monitor/venv/lib/python3.13/site-packages/requests/models.py", line 1026, in raise_for_status
    raise HTTPError(http_error_msg, response=self)
requests.exceptions.HTTPError: 404 Client Error: Not Found for url: https://api.polygon.io/v3/trades/options/NBIS?limit=2000&apiKey=yBvjEbOtJIKJghRd76ZFAHPX8VbkeeAq
2025-09-17 14:26:19,579 [INFO] Fetching trades for AAPL
2025-09-17 14:26:19,667 [ERROR] Error processing symbol AAPL: 404 Client Error: Not Found for url: https://api.polygon.io/v3/trades/options/AAPL?limit=2000&apiKey=yBvjEbOtJIKJghRd76ZFAHPX8VbkeeAq
Traceback (most recent call last):
  File "/Users/saireddykasthuri/options-monitor/options-flow-monitor-e2e.py", line 344, in monitor_once
  File "/Users/saireddykasthuri/options-monitor/options-flow-monitor-e2e.py", line 155, in fetch_trades
  File "/Users/saireddykasthuri/options-monitor/options-flow-monitor-e2e.py", line 97, in fetch_options_trades_polygon
    except (KeyboardInterrupt, SystemExit):
    ^^^^^^^^^^^^^^^^
  File "/Users/saireddykasthuri/options-monitor/venv/lib/python3.13/site-packages/requests/models.py", line 1026, in raise_for_status
    raise HTTPError(http_error_msg, response=self)
requests.exceptions.HTTPError: 404 Client Error: Not Found for url: https://api.polygon.io/v3/trades/options/AAPL?limit=2000&apiKey=yBvjEbOtJIKJghRd76ZFAHPX8VbkeeAq
2025-09-17 14:26:19,672 [INFO] Fetching trades for TSLA
2025-09-17 14:26:19,753 [ERROR] Error processing symbol TSLA: 404 Client Error: Not Found for url: https://api.polygon.io/v3/trades/options/TSLA?limit=2000&apiKey=yBvjEbOtJIKJghRd76ZFAHPX8VbkeeAq
Traceback (most recent call last):
  File "/Users/saireddykasthuri/options-monitor/options-flow-monitor-e2e.py", line 344, in monitor_once
  File "/Users/saireddykasthuri/options-monitor/options-flow-monitor-e2e.py", line 155, in fetch_trades
  File "/Users/saireddykasthuri/options-monitor/options-flow-monitor-e2e.py", line 97, in fetch_options_trades_polygon
    except (KeyboardInterrupt, SystemExit):
    ^^^^^^^^^^^^^^^^
  File "/Users/saireddykasthuri/options-monitor/venv/lib/python3.13/site-packages/requests/models.py", line 1026, in raise_for_status
    raise HTTPError(http_error_msg, response=self)
requests.exceptions.HTTPError: 404 Client Error: Not Found for url: https://api.polygon.io/v3/trades/options/TSLA?limit=2000&apiKey=yBvjEbOtJIKJghRd76ZFAHPX8VbkeeAq
2025-09-17 14:26:19,762 [INFO] Job "main.<locals>.<lambda> (trigger: interval[0:15:00], next run at: 2025-09-17 14:41:19 EDT)" executed successfully
2025-09-17 14:41:19,409 [INFO] Running job "main.<locals>.<lambda> (trigger: interval[0:15:00], next run at: 2025-09-17 14:56:19 EDT)" (scheduled at 2025-09-17 14:41:19.370250-04:00)
2025-09-17 14:41:19,410 [INFO] Fetching trades for ORCL
2025-09-17 14:41:19,510 [ERROR] Error processing symbol ORCL: 404 Client Error: Not Found for url: https://api.polygon.io/v3/trades/options/ORCL?limit=2000&apiKey=yBvjEbOtJIKJghRd76ZFAHPX8VbkeeAq
Traceback (most recent call last):
  File "/Users/saireddykasthuri/options-monitor/options-flow-monitor-e2e.py", line 344, in monitor_once
  File "/Users/saireddykasthuri/options-monitor/options-flow-monitor-e2e.py", line 155, in fetch_trades
  File "/Users/saireddykasthuri/options-monitor/options-flow-monitor-e2e.py", line 97, in fetch_options_trades_polygon
    except (KeyboardInterrupt, SystemExit):
    ^^^^^^^^^^^^^^^^
  File "/Users/saireddykasthuri/options-monitor/venv/lib/python3.13/site-packages/requests/models.py", line 1026, in raise_for_status
    raise HTTPError(http_error_msg, response=self)
requests.exceptions.HTTPError: 404 Client Error: Not Found for url: https://api.polygon.io/v3/trades/options/ORCL?limit=2000&apiKey=yBvjEbOtJIKJghRd76ZFAHPX8VbkeeAq
2025-09-17 14:41:19,515 [INFO] Fetching trades for NBIS
2025-09-17 14:41:19,600 [ERROR] Error processing symbol NBIS: 404 Client Error: Not Found for url: https://api.polygon.io/v3/trades/options/NBIS?limit=2000&apiKey=yBvjEbOtJIKJghRd76ZFAHPX8VbkeeAq
Traceback (most recent call last):
  File "/Users/saireddykasthuri/options-monitor/options-flow-monitor-e2e.py", line 344, in monitor_once
  File "/Users/saireddykasthuri/options-monitor/options-flow-monitor-e2e.py", line 155, in fetch_trades
  File "/Users/saireddykasthuri/options-monitor/options-flow-monitor-e2e.py", line 97, in fetch_options_trades_polygon
    except (KeyboardInterrupt, SystemExit):
    ^^^^^^^^^^^^^^^^
  File "/Users/saireddykasthuri/options-monitor/venv/lib/python3.13/site-packages/requests/models.py", line 1026, in raise_for_status
    raise HTTPError(http_error_msg, response=self)
requests.exceptions.HTTPError: 404 Client Error: Not Found for url: https://api.polygon.io/v3/trades/options/NBIS?limit=2000&apiKey=yBvjEbOtJIKJghRd76ZFAHPX8VbkeeAq
2025-09-17 14:41:19,607 [INFO] Fetching trades for AAPL
2025-09-17 14:41:19,692 [ERROR] Error processing symbol AAPL: 404 Client Error: Not Found for url: https://api.polygon.io/v3/trades/options/AAPL?limit=2000&apiKey=yBvjEbOtJIKJghRd76ZFAHPX8VbkeeAq
Traceback (most recent call last):
  File "/Users/saireddykasthuri/options-monitor/options-flow-monitor-e2e.py", line 344, in monitor_once
  File "/Users/saireddykasthuri/options-monitor/options-flow-monitor-e2e.py", line 155, in fetch_trades
  File "/Users/saireddykasthuri/options-monitor/options-flow-monitor-e2e.py", line 97, in fetch_options_trades_polygon
    except (KeyboardInterrupt, SystemExit):
    ^^^^^^^^^^^^^^^^
  File "/Users/saireddykasthuri/options-monitor/venv/lib/python3.13/site-packages/requests/models.py", line 1026, in raise_for_status
    raise HTTPError(http_error_msg, response=self)
requests.exceptions.HTTPError: 404 Client Error: Not Found for url: https://api.polygon.io/v3/trades/options/AAPL?limit=2000&apiKey=yBvjEbOtJIKJghRd76ZFAHPX8VbkeeAq
2025-09-17 14:41:19,698 [INFO] Fetching trades for TSLA
2025-09-17 14:41:19,779 [ERROR] Error processing symbol TSLA: 404 Client Error: Not Found for url: https://api.polygon.io/v3/trades/options/TSLA?limit=2000&apiKey=yBvjEbOtJIKJghRd76ZFAHPX8VbkeeAq
Traceback (most recent call last):
  File "/Users/saireddykasthuri/options-monitor/options-flow-monitor-e2e.py", line 344, in monitor_once
  File "/Users/saireddykasthuri/options-monitor/options-flow-monitor-e2e.py", line 155, in fetch_trades
  File "/Users/saireddykasthuri/options-monitor/options-flow-monitor-e2e.py", line 97, in fetch_options_trades_polygon
    except (KeyboardInterrupt, SystemExit):
    ^^^^^^^^^^^^^^^^
  File "/Users/saireddykasthuri/options-monitor/venv/lib/python3.13/site-packages/requests/models.py", line 1026, in raise_for_status
    raise HTTPError(http_error_msg, response=self)
requests.exceptions.HTTPError: 404 Client Error: Not Found for url: https://api.polygon.io/v3/trades/options/TSLA?limit=2000&apiKey=yBvjEbOtJIKJghRd76ZFAHPX8VbkeeAq
2025-09-17 14:41:19,784 [INFO] Job "main.<locals>.<lambda> (trigger: interval[0:15:00], next run at: 2025-09-17 14:56:19 EDT)" executed successfully
2025-09-17 14:56:19,383 [INFO] Running job "main.<locals>.<lambda> (trigger: interval[0:15:00], next run at: 2025-09-17 15:11:19 EDT)" (scheduled at 2025-09-17 14:56:19.370250-04:00)
2025-09-17 14:56:19,384 [INFO] Fetching trades for ORCL
2025-09-17 14:56:19,505 [ERROR] Error processing symbol ORCL: 404 Client Error: Not Found for url: https://api.polygon.io/v3/trades/options/ORCL?limit=2000&apiKey=yBvjEbOtJIKJghRd76ZFAHPX8VbkeeAq
Traceback (most recent call last):
  File "/Users/saireddykasthuri/options-monitor/options-flow-monitor-e2e.py", line 344, in monitor_once
  File "/Users/saireddykasthuri/options-monitor/options-flow-monitor-e2e.py", line 155, in fetch_trades
  File "/Users/saireddykasthuri/options-monitor/options-flow-monitor-e2e.py", line 97, in fetch_options_trades_polygon
    except (KeyboardInterrupt, SystemExit):
    ^^^^^^^^^^^^^^^^
  File "/Users/saireddykasthuri/options-monitor/venv/lib/python3.13/site-packages/requests/models.py", line 1026, in raise_for_status
    raise HTTPError(http_error_msg, response=self)
requests.exceptions.HTTPError: 404 Client Error: Not Found for url: https://api.polygon.io/v3/trades/options/ORCL?limit=2000&apiKey=yBvjEbOtJIKJghRd76ZFAHPX8VbkeeAq
2025-09-17 14:56:19,511 [INFO] Fetching trades for NBIS
2025-09-17 14:56:19,598 [ERROR] Error processing symbol NBIS: 404 Client Error: Not Found for url: https://api.polygon.io/v3/trades/options/NBIS?limit=2000&apiKey=yBvjEbOtJIKJghRd76ZFAHPX8VbkeeAq
Traceback (most recent call last):
  File "/Users/saireddykasthuri/options-monitor/options-flow-monitor-e2e.py", line 344, in monitor_once
  File "/Users/saireddykasthuri/options-monitor/options-flow-monitor-e2e.py", line 155, in fetch_trades
  File "/Users/saireddykasthuri/options-monitor/options-flow-monitor-e2e.py", line 97, in fetch_options_trades_polygon
    except (KeyboardInterrupt, SystemExit):
    ^^^^^^^^^^^^^^^^
  File "/Users/saireddykasthuri/options-monitor/venv/lib/python3.13/site-packages/requests/models.py", line 1026, in raise_for_status
    raise HTTPError(http_error_msg, response=self)
requests.exceptions.HTTPError: 404 Client Error: Not Found for url: https://api.polygon.io/v3/trades/options/NBIS?limit=2000&apiKey=yBvjEbOtJIKJghRd76ZFAHPX8VbkeeAq
2025-09-17 14:56:19,603 [INFO] Fetching trades for AAPL
2025-09-17 14:56:19,689 [ERROR] Error processing symbol AAPL: 404 Client Error: Not Found for url: https://api.polygon.io/v3/trades/options/AAPL?limit=2000&apiKey=yBvjEbOtJIKJghRd76ZFAHPX8VbkeeAq
Traceback (most recent call last):
  File "/Users/saireddykasthuri/options-monitor/options-flow-monitor-e2e.py", line 344, in monitor_once
  File "/Users/saireddykasthuri/options-monitor/options-flow-monitor-e2e.py", line 155, in fetch_trades
  File "/Users/saireddykasthuri/options-monitor/options-flow-monitor-e2e.py", line 97, in fetch_options_trades_polygon
    except (KeyboardInterrupt, SystemExit):
    ^^^^^^^^^^^^^^^^
  File "/Users/saireddykasthuri/options-monitor/venv/lib/python3.13/site-packages/requests/models.py", line 1026, in raise_for_status
    raise HTTPError(http_error_msg, response=self)
requests.exceptions.HTTPError: 404 Client Error: Not Found for url: https://api.polygon.io/v3/trades/options/AAPL?limit=2000&apiKey=yBvjEbOtJIKJghRd76ZFAHPX8VbkeeAq
2025-09-17 14:56:19,696 [INFO] Fetching trades for TSLA
2025-09-17 14:56:19,793 [ERROR] Error processing symbol TSLA: 404 Client Error: Not Found for url: https://api.polygon.io/v3/trades/options/TSLA?limit=2000&apiKey=yBvjEbOtJIKJghRd76ZFAHPX8VbkeeAq
Traceback (most recent call last):
  File "/Users/saireddykasthuri/options-monitor/options-flow-monitor-e2e.py", line 344, in monitor_once
  File "/Users/saireddykasthuri/options-monitor/options-flow-monitor-e2e.py", line 155, in fetch_trades
  File "/Users/saireddykasthuri/options-monitor/options-flow-monitor-e2e.py", line 97, in fetch_options_trades_polygon
    except (KeyboardInterrupt, SystemExit):
    ^^^^^^^^^^^^^^^^
  File "/Users/saireddykasthuri/options-monitor/venv/lib/python3.13/site-packages/requests/models.py", line 1026, in raise_for_status
    raise HTTPError(http_error_msg, response=self)
requests.exceptions.HTTPError: 404 Client Error: Not Found for url: https://api.polygon.io/v3/trades/options/TSLA?limit=2000&apiKey=yBvjEbOtJIKJghRd76ZFAHPX8VbkeeAq
2025-09-17 14:56:19,799 [INFO] Job "main.<locals>.<lambda> (trigger: interval[0:15:00], next run at: 2025-09-17 15:11:19 EDT)" executed successfully
2025-09-17 15:11:19,376 [INFO] Running job "main.<locals>.<lambda> (trigger: interval[0:15:00], next run at: 2025-09-17 15:26:19 EDT)" (scheduled at 2025-09-17 15:11:19.370250-04:00)
2025-09-17 15:11:19,376 [INFO] Fetching trades for ORCL
2025-09-17 15:11:19,483 [ERROR] Error processing symbol ORCL: 404 Client Error: Not Found for url: https://api.polygon.io/v3/trades/options/ORCL?limit=2000&apiKey=yBvjEbOtJIKJghRd76ZFAHPX8VbkeeAq
Traceback (most recent call last):
  File "/Users/saireddykasthuri/options-monitor/options-flow-monitor-e2e.py", line 344, in monitor_once
  File "/Users/saireddykasthuri/options-monitor/options-flow-monitor-e2e.py", line 155, in fetch_trades
  File "/Users/saireddykasthuri/options-monitor/options-flow-monitor-e2e.py", line 97, in fetch_options_trades_polygon
    except (KeyboardInterrupt, SystemExit):
    ^^^^^^^^^^^^^^^^
  File "/Users/saireddykasthuri/options-monitor/venv/lib/python3.13/site-packages/requests/models.py", line 1026, in raise_for_status
    raise HTTPError(http_error_msg, response=self)
requests.exceptions.HTTPError: 404 Client Error: Not Found for url: https://api.polygon.io/v3/trades/options/ORCL?limit=2000&apiKey=yBvjEbOtJIKJghRd76ZFAHPX8VbkeeAq
2025-09-17 15:11:19,489 [INFO] Fetching trades for NBIS
2025-09-17 15:11:19,573 [ERROR] Error processing symbol NBIS: 404 Client Error: Not Found for url: https://api.polygon.io/v3/trades/options/NBIS?limit=2000&apiKey=yBvjEbOtJIKJghRd76ZFAHPX8VbkeeAq
Traceback (most recent call last):
  File "/Users/saireddykasthuri/options-monitor/options-flow-monitor-e2e.py", line 344, in monitor_once
  File "/Users/saireddykasthuri/options-monitor/options-flow-monitor-e2e.py", line 155, in fetch_trades
  File "/Users/saireddykasthuri/options-monitor/options-flow-monitor-e2e.py", line 97, in fetch_options_trades_polygon
    except (KeyboardInterrupt, SystemExit):
    ^^^^^^^^^^^^^^^^
  File "/Users/saireddykasthuri/options-monitor/venv/lib/python3.13/site-packages/requests/models.py", line 1026, in raise_for_status
    raise HTTPError(http_error_msg, response=self)
requests.exceptions.HTTPError: 404 Client Error: Not Found for url: https://api.polygon.io/v3/trades/options/NBIS?limit=2000&apiKey=yBvjEbOtJIKJghRd76ZFAHPX8VbkeeAq
2025-09-17 15:11:19,578 [INFO] Fetching trades for AAPL
2025-09-17 15:11:19,664 [ERROR] Error processing symbol AAPL: 404 Client Error: Not Found for url: https://api.polygon.io/v3/trades/options/AAPL?limit=2000&apiKey=yBvjEbOtJIKJghRd76ZFAHPX8VbkeeAq
Traceback (most recent call last):
  File "/Users/saireddykasthuri/options-monitor/options-flow-monitor-e2e.py", line 344, in monitor_once
  File "/Users/saireddykasthuri/options-monitor/options-flow-monitor-e2e.py", line 155, in fetch_trades
  File "/Users/saireddykasthuri/options-monitor/options-flow-monitor-e2e.py", line 97, in fetch_options_trades_polygon
    except (KeyboardInterrupt, SystemExit):
    ^^^^^^^^^^^^^^^^
  File "/Users/saireddykasthuri/options-monitor/venv/lib/python3.13/site-packages/requests/models.py", line 1026, in raise_for_status
    raise HTTPError(http_error_msg, response=self)
requests.exceptions.HTTPError: 404 Client Error: Not Found for url: https://api.polygon.io/v3/trades/options/AAPL?limit=2000&apiKey=yBvjEbOtJIKJghRd76ZFAHPX8VbkeeAq
2025-09-17 15:11:19,670 [INFO] Fetching trades for TSLA
2025-09-17 15:11:19,773 [ERROR] Error processing symbol TSLA: 404 Client Error: Not Found for url: https://api.polygon.io/v3/trades/options/TSLA?limit=2000&apiKey=yBvjEbOtJIKJghRd76ZFAHPX8VbkeeAq
Traceback (most recent call last):
  File "/Users/saireddykasthuri/options-monitor/options-flow-monitor-e2e.py", line 344, in monitor_once
  File "/Users/saireddykasthuri/options-monitor/options-flow-monitor-e2e.py", line 155, in fetch_trades
  File "/Users/saireddykasthuri/options-monitor/options-flow-monitor-e2e.py", line 97, in fetch_options_trades_polygon
    except (KeyboardInterrupt, SystemExit):
    ^^^^^^^^^^^^^^^^
  File "/Users/saireddykasthuri/options-monitor/venv/lib/python3.13/site-packages/requests/models.py", line 1026, in raise_for_status
    raise HTTPError(http_error_msg, response=self)
requests.exceptions.HTTPError: 404 Client Error: Not Found for url: https://api.polygon.io/v3/trades/options/TSLA?limit=2000&apiKey=yBvjEbOtJIKJghRd76ZFAHPX8VbkeeAq
2025-09-17 15:11:19,778 [INFO] Job "main.<locals>.<lambda> (trigger: interval[0:15:00], next run at: 2025-09-17 15:26:19 EDT)" executed successfully
2025-09-17 15:33:04,629 [WARNING] Run time of job "main.<locals>.<lambda> (trigger: interval[0:15:00], next run at: 2025-09-17 15:41:19 EDT)" was missed by 0:06:45.259266
2025-09-17 15:41:19,373 [INFO] Running job "main.<locals>.<lambda> (trigger: interval[0:15:00], next run at: 2025-09-17 15:56:19 EDT)" (scheduled at 2025-09-17 15:41:19.370250-04:00)
2025-09-17 15:41:19,374 [INFO] Fetching trades for ORCL
2025-09-17 15:41:19,485 [ERROR] Error processing symbol ORCL: 404 Client Error: Not Found for url: https://api.polygon.io/v3/trades/options/ORCL?limit=2000&apiKey=yBvjEbOtJIKJghRd76ZFAHPX8VbkeeAq
Traceback (most recent call last):
  File "/Users/saireddykasthuri/options-monitor/options-flow-monitor-e2e.py", line 344, in monitor_once
  File "/Users/saireddykasthuri/options-monitor/options-flow-monitor-e2e.py", line 155, in fetch_trades
  File "/Users/saireddykasthuri/options-monitor/options-flow-monitor-e2e.py", line 97, in fetch_options_trades_polygon
    except (KeyboardInterrupt, SystemExit):
    ^^^^^^^^^^^^^^^^
  File "/Users/saireddykasthuri/options-monitor/venv/lib/python3.13/site-packages/requests/models.py", line 1026, in raise_for_status
    raise HTTPError(http_error_msg, response=self)
requests.exceptions.HTTPError: 404 Client Error: Not Found for url: https://api.polygon.io/v3/trades/options/ORCL?limit=2000&apiKey=yBvjEbOtJIKJghRd76ZFAHPX8VbkeeAq
2025-09-17 15:41:19,489 [INFO] Fetching trades for NBIS
2025-09-17 15:41:19,570 [ERROR] Error processing symbol NBIS: 404 Client Error: Not Found for url: https://api.polygon.io/v3/trades/options/NBIS?limit=2000&apiKey=yBvjEbOtJIKJghRd76ZFAHPX8VbkeeAq
Traceback (most recent call last):
  File "/Users/saireddykasthuri/options-monitor/options-flow-monitor-e2e.py", line 344, in monitor_once
  File "/Users/saireddykasthuri/options-monitor/options-flow-monitor-e2e.py", line 155, in fetch_trades
  File "/Users/saireddykasthuri/options-monitor/options-flow-monitor-e2e.py", line 97, in fetch_options_trades_polygon
    except (KeyboardInterrupt, SystemExit):
    ^^^^^^^^^^^^^^^^
  File "/Users/saireddykasthuri/options-monitor/venv/lib/python3.13/site-packages/requests/models.py", line 1026, in raise_for_status
    raise HTTPError(http_error_msg, response=self)
requests.exceptions.HTTPError: 404 Client Error: Not Found for url: https://api.polygon.io/v3/trades/options/NBIS?limit=2000&apiKey=yBvjEbOtJIKJghRd76ZFAHPX8VbkeeAq
2025-09-17 15:41:19,574 [INFO] Fetching trades for AAPL
2025-09-17 15:41:19,662 [ERROR] Error processing symbol AAPL: 404 Client Error: Not Found for url: https://api.polygon.io/v3/trades/options/AAPL?limit=2000&apiKey=yBvjEbOtJIKJghRd76ZFAHPX8VbkeeAq
Traceback (most recent call last):
  File "/Users/saireddykasthuri/options-monitor/options-flow-monitor-e2e.py", line 344, in monitor_once
  File "/Users/saireddykasthuri/options-monitor/options-flow-monitor-e2e.py", line 155, in fetch_trades
  File "/Users/saireddykasthuri/options-monitor/options-flow-monitor-e2e.py", line 97, in fetch_options_trades_polygon
    except (KeyboardInterrupt, SystemExit):
    ^^^^^^^^^^^^^^^^
  File "/Users/saireddykasthuri/options-monitor/venv/lib/python3.13/site-packages/requests/models.py", line 1026, in raise_for_status
    raise HTTPError(http_error_msg, response=self)
requests.exceptions.HTTPError: 404 Client Error: Not Found for url: https://api.polygon.io/v3/trades/options/AAPL?limit=2000&apiKey=yBvjEbOtJIKJghRd76ZFAHPX8VbkeeAq
2025-09-17 15:41:19,668 [INFO] Fetching trades for TSLA
2025-09-17 15:41:19,759 [ERROR] Error processing symbol TSLA: 404 Client Error: Not Found for url: https://api.polygon.io/v3/trades/options/TSLA?limit=2000&apiKey=yBvjEbOtJIKJghRd76ZFAHPX8VbkeeAq
Traceback (most recent call last):
  File "/Users/saireddykasthuri/options-monitor/options-flow-monitor-e2e.py", line 344, in monitor_once
  File "/Users/saireddykasthuri/options-monitor/options-flow-monitor-e2e.py", line 155, in fetch_trades
  File "/Users/saireddykasthuri/options-monitor/options-flow-monitor-e2e.py", line 97, in fetch_options_trades_polygon
    except (KeyboardInterrupt, SystemExit):
    ^^^^^^^^^^^^^^^^
  File "/Users/saireddykasthuri/options-monitor/venv/lib/python3.13/site-packages/requests/models.py", line 1026, in raise_for_status
    raise HTTPError(http_error_msg, response=self)
requests.exceptions.HTTPError: 404 Client Error: Not Found for url: https://api.polygon.io/v3/trades/options/TSLA?limit=2000&apiKey=yBvjEbOtJIKJghRd76ZFAHPX8VbkeeAq
2025-09-17 15:41:19,763 [INFO] Job "main.<locals>.<lambda> (trigger: interval[0:15:00], next run at: 2025-09-17 15:56:19 EDT)" executed successfully
2025-09-17 15:56:19,374 [INFO] Running job "main.<locals>.<lambda> (trigger: interval[0:15:00], next run at: 2025-09-17 16:11:19 EDT)" (scheduled at 2025-09-17 15:56:19.370250-04:00)
2025-09-17 15:56:19,375 [INFO] Fetching trades for ORCL
2025-09-17 15:56:19,489 [ERROR] Error processing symbol ORCL: 404 Client Error: Not Found for url: https://api.polygon.io/v3/trades/options/ORCL?limit=2000&apiKey=yBvjEbOtJIKJghRd76ZFAHPX8VbkeeAq
Traceback (most recent call last):
  File "/Users/saireddykasthuri/options-monitor/options-flow-monitor-e2e.py", line 344, in monitor_once
  File "/Users/saireddykasthuri/options-monitor/options-flow-monitor-e2e.py", line 155, in fetch_trades
  File "/Users/saireddykasthuri/options-monitor/options-flow-monitor-e2e.py", line 97, in fetch_options_trades_polygon
    except (KeyboardInterrupt, SystemExit):
    ^^^^^^^^^^^^^^^^
  File "/Users/saireddykasthuri/options-monitor/venv/lib/python3.13/site-packages/requests/models.py", line 1026, in raise_for_status
    raise HTTPError(http_error_msg, response=self)
requests.exceptions.HTTPError: 404 Client Error: Not Found for url: https://api.polygon.io/v3/trades/options/ORCL?limit=2000&apiKey=yBvjEbOtJIKJghRd76ZFAHPX8VbkeeAq
2025-09-17 15:56:19,494 [INFO] Fetching trades for NBIS
2025-09-17 15:56:19,596 [ERROR] Error processing symbol NBIS: 404 Client Error: Not Found for url: https://api.polygon.io/v3/trades/options/NBIS?limit=2000&apiKey=yBvjEbOtJIKJghRd76ZFAHPX8VbkeeAq
Traceback (most recent call last):
  File "/Users/saireddykasthuri/options-monitor/options-flow-monitor-e2e.py", line 344, in monitor_once
  File "/Users/saireddykasthuri/options-monitor/options-flow-monitor-e2e.py", line 155, in fetch_trades
  File "/Users/saireddykasthuri/options-monitor/options-flow-monitor-e2e.py", line 97, in fetch_options_trades_polygon
    except (KeyboardInterrupt, SystemExit):
    ^^^^^^^^^^^^^^^^
  File "/Users/saireddykasthuri/options-monitor/venv/lib/python3.13/site-packages/requests/models.py", line 1026, in raise_for_status
    raise HTTPError(http_error_msg, response=self)
requests.exceptions.HTTPError: 404 Client Error: Not Found for url: https://api.polygon.io/v3/trades/options/NBIS?limit=2000&apiKey=yBvjEbOtJIKJghRd76ZFAHPX8VbkeeAq
2025-09-17 15:56:19,600 [INFO] Fetching trades for AAPL
2025-09-17 15:56:19,699 [ERROR] Error processing symbol AAPL: 404 Client Error: Not Found for url: https://api.polygon.io/v3/trades/options/AAPL?limit=2000&apiKey=yBvjEbOtJIKJghRd76ZFAHPX8VbkeeAq
Traceback (most recent call last):
  File "/Users/saireddykasthuri/options-monitor/options-flow-monitor-e2e.py", line 344, in monitor_once
  File "/Users/saireddykasthuri/options-monitor/options-flow-monitor-e2e.py", line 155, in fetch_trades
  File "/Users/saireddykasthuri/options-monitor/options-flow-monitor-e2e.py", line 97, in fetch_options_trades_polygon
    except (KeyboardInterrupt, SystemExit):
    ^^^^^^^^^^^^^^^^
  File "/Users/saireddykasthuri/options-monitor/venv/lib/python3.13/site-packages/requests/models.py", line 1026, in raise_for_status
    raise HTTPError(http_error_msg, response=self)
requests.exceptions.HTTPError: 404 Client Error: Not Found for url: https://api.polygon.io/v3/trades/options/AAPL?limit=2000&apiKey=yBvjEbOtJIKJghRd76ZFAHPX8VbkeeAq
2025-09-17 15:56:19,703 [INFO] Fetching trades for TSLA
2025-09-17 15:56:19,825 [ERROR] Error processing symbol TSLA: 404 Client Error: Not Found for url: https://api.polygon.io/v3/trades/options/TSLA?limit=2000&apiKey=yBvjEbOtJIKJghRd76ZFAHPX8VbkeeAq
Traceback (most recent call last):
  File "/Users/saireddykasthuri/options-monitor/options-flow-monitor-e2e.py", line 344, in monitor_once
  File "/Users/saireddykasthuri/options-monitor/options-flow-monitor-e2e.py", line 155, in fetch_trades
  File "/Users/saireddykasthuri/options-monitor/options-flow-monitor-e2e.py", line 97, in fetch_options_trades_polygon
    except (KeyboardInterrupt, SystemExit):
    ^^^^^^^^^^^^^^^^
  File "/Users/saireddykasthuri/options-monitor/venv/lib/python3.13/site-packages/requests/models.py", line 1026, in raise_for_status
    raise HTTPError(http_error_msg, response=self)
requests.exceptions.HTTPError: 404 Client Error: Not Found for url: https://api.polygon.io/v3/trades/options/TSLA?limit=2000&apiKey=yBvjEbOtJIKJghRd76ZFAHPX8VbkeeAq
2025-09-17 15:56:19,829 [INFO] Job "main.<locals>.<lambda> (trigger: interval[0:15:00], next run at: 2025-09-17 16:11:19 EDT)" executed successfully
2025-09-17 16:11:19,376 [INFO] Running job "main.<locals>.<lambda> (trigger: interval[0:15:00], next run at: 2025-09-17 16:26:19 EDT)" (scheduled at 2025-09-17 16:11:19.370250-04:00)
2025-09-17 16:11:19,376 [INFO] Fetching trades for ORCL
2025-09-17 16:11:19,494 [ERROR] Error processing symbol ORCL: 404 Client Error: Not Found for url: https://api.polygon.io/v3/trades/options/ORCL?limit=2000&apiKey=yBvjEbOtJIKJghRd76ZFAHPX8VbkeeAq
Traceback (most recent call last):
  File "/Users/saireddykasthuri/options-monitor/options-flow-monitor-e2e.py", line 344, in monitor_once
  File "/Users/saireddykasthuri/options-monitor/options-flow-monitor-e2e.py", line 155, in fetch_trades
  File "/Users/saireddykasthuri/options-monitor/options-flow-monitor-e2e.py", line 97, in fetch_options_trades_polygon
    except (KeyboardInterrupt, SystemExit):
    ^^^^^^^^^^^^^^^^
  File "/Users/saireddykasthuri/options-monitor/venv/lib/python3.13/site-packages/requests/models.py", line 1026, in raise_for_status
    raise HTTPError(http_error_msg, response=self)
requests.exceptions.HTTPError: 404 Client Error: Not Found for url: https://api.polygon.io/v3/trades/options/ORCL?limit=2000&apiKey=yBvjEbOtJIKJghRd76ZFAHPX8VbkeeAq
2025-09-17 16:11:19,500 [INFO] Fetching trades for NBIS
2025-09-17 16:11:19,591 [ERROR] Error processing symbol NBIS: 404 Client Error: Not Found for url: https://api.polygon.io/v3/trades/options/NBIS?limit=2000&apiKey=yBvjEbOtJIKJghRd76ZFAHPX8VbkeeAq
Traceback (most recent call last):
  File "/Users/saireddykasthuri/options-monitor/options-flow-monitor-e2e.py", line 344, in monitor_once
  File "/Users/saireddykasthuri/options-monitor/options-flow-monitor-e2e.py", line 155, in fetch_trades
  File "/Users/saireddykasthuri/options-monitor/options-flow-monitor-e2e.py", line 97, in fetch_options_trades_polygon
    except (KeyboardInterrupt, SystemExit):
    ^^^^^^^^^^^^^^^^
  File "/Users/saireddykasthuri/options-monitor/venv/lib/python3.13/site-packages/requests/models.py", line 1026, in raise_for_status
    raise HTTPError(http_error_msg, response=self)
requests.exceptions.HTTPError: 404 Client Error: Not Found for url: https://api.polygon.io/v3/trades/options/NBIS?limit=2000&apiKey=yBvjEbOtJIKJghRd76ZFAHPX8VbkeeAq
2025-09-17 16:11:19,595 [INFO] Fetching trades for AAPL
2025-09-17 16:11:19,682 [ERROR] Error processing symbol AAPL: 404 Client Error: Not Found for url: https://api.polygon.io/v3/trades/options/AAPL?limit=2000&apiKey=yBvjEbOtJIKJghRd76ZFAHPX8VbkeeAq
Traceback (most recent call last):
  File "/Users/saireddykasthuri/options-monitor/options-flow-monitor-e2e.py", line 344, in monitor_once
  File "/Users/saireddykasthuri/options-monitor/options-flow-monitor-e2e.py", line 155, in fetch_trades
  File "/Users/saireddykasthuri/options-monitor/options-flow-monitor-e2e.py", line 97, in fetch_options_trades_polygon
    except (KeyboardInterrupt, SystemExit):
    ^^^^^^^^^^^^^^^^
  File "/Users/saireddykasthuri/options-monitor/venv/lib/python3.13/site-packages/requests/models.py", line 1026, in raise_for_status
    raise HTTPError(http_error_msg, response=self)
requests.exceptions.HTTPError: 404 Client Error: Not Found for url: https://api.polygon.io/v3/trades/options/AAPL?limit=2000&apiKey=yBvjEbOtJIKJghRd76ZFAHPX8VbkeeAq
2025-09-17 16:11:19,686 [INFO] Fetching trades for TSLA
2025-09-17 16:11:19,792 [ERROR] Error processing symbol TSLA: 404 Client Error: Not Found for url: https://api.polygon.io/v3/trades/options/TSLA?limit=2000&apiKey=yBvjEbOtJIKJghRd76ZFAHPX8VbkeeAq
Traceback (most recent call last):
  File "/Users/saireddykasthuri/options-monitor/options-flow-monitor-e2e.py", line 344, in monitor_once
  File "/Users/saireddykasthuri/options-monitor/options-flow-monitor-e2e.py", line 155, in fetch_trades
  File "/Users/saireddykasthuri/options-monitor/options-flow-monitor-e2e.py", line 97, in fetch_options_trades_polygon
    except (KeyboardInterrupt, SystemExit):
    ^^^^^^^^^^^^^^^^
  File "/Users/saireddykasthuri/options-monitor/venv/lib/python3.13/site-packages/requests/models.py", line 1026, in raise_for_status
    raise HTTPError(http_error_msg, response=self)
requests.exceptions.HTTPError: 404 Client Error: Not Found for url: https://api.polygon.io/v3/trades/options/TSLA?limit=2000&apiKey=yBvjEbOtJIKJghRd76ZFAHPX8VbkeeAq
2025-09-17 16:11:19,796 [INFO] Job "main.<locals>.<lambda> (trigger: interval[0:15:00], next run at: 2025-09-17 16:26:19 EDT)" executed successfully
2025-09-17 16:26:19,377 [INFO] Running job "main.<locals>.<lambda> (trigger: interval[0:15:00], next run at: 2025-09-17 16:41:19 EDT)" (scheduled at 2025-09-17 16:26:19.370250-04:00)
2025-09-17 16:26:19,378 [INFO] Fetching trades for ORCL
2025-09-17 16:26:19,501 [ERROR] Error processing symbol ORCL: 404 Client Error: Not Found for url: https://api.polygon.io/v3/trades/options/ORCL?limit=2000&apiKey=yBvjEbOtJIKJghRd76ZFAHPX8VbkeeAq
Traceback (most recent call last):
  File "/Users/saireddykasthuri/options-monitor/options-flow-monitor-e2e.py", line 344, in monitor_once
  File "/Users/saireddykasthuri/options-monitor/options-flow-monitor-e2e.py", line 155, in fetch_trades
  File "/Users/saireddykasthuri/options-monitor/options-flow-monitor-e2e.py", line 97, in fetch_options_trades_polygon
    except (KeyboardInterrupt, SystemExit):
    ^^^^^^^^^^^^^^^^
  File "/Users/saireddykasthuri/options-monitor/venv/lib/python3.13/site-packages/requests/models.py", line 1026, in raise_for_status
    raise HTTPError(http_error_msg, response=self)
requests.exceptions.HTTPError: 404 Client Error: Not Found for url: https://api.polygon.io/v3/trades/options/ORCL?limit=2000&apiKey=yBvjEbOtJIKJghRd76ZFAHPX8VbkeeAq
2025-09-17 16:26:19,505 [INFO] Fetching trades for NBIS
2025-09-17 16:26:19,586 [ERROR] Error processing symbol NBIS: 404 Client Error: Not Found for url: https://api.polygon.io/v3/trades/options/NBIS?limit=2000&apiKey=yBvjEbOtJIKJghRd76ZFAHPX8VbkeeAq
Traceback (most recent call last):
  File "/Users/saireddykasthuri/options-monitor/options-flow-monitor-e2e.py", line 344, in monitor_once
  File "/Users/saireddykasthuri/options-monitor/options-flow-monitor-e2e.py", line 155, in fetch_trades
  File "/Users/saireddykasthuri/options-monitor/options-flow-monitor-e2e.py", line 97, in fetch_options_trades_polygon
    except (KeyboardInterrupt, SystemExit):
    ^^^^^^^^^^^^^^^^
  File "/Users/saireddykasthuri/options-monitor/venv/lib/python3.13/site-packages/requests/models.py", line 1026, in raise_for_status
    raise HTTPError(http_error_msg, response=self)
requests.exceptions.HTTPError: 404 Client Error: Not Found for url: https://api.polygon.io/v3/trades/options/NBIS?limit=2000&apiKey=yBvjEbOtJIKJghRd76ZFAHPX8VbkeeAq
2025-09-17 16:26:19,590 [INFO] Fetching trades for AAPL
2025-09-17 16:26:19,684 [ERROR] Error processing symbol AAPL: 404 Client Error: Not Found for url: https://api.polygon.io/v3/trades/options/AAPL?limit=2000&apiKey=yBvjEbOtJIKJghRd76ZFAHPX8VbkeeAq
Traceback (most recent call last):
  File "/Users/saireddykasthuri/options-monitor/options-flow-monitor-e2e.py", line 344, in monitor_once
  File "/Users/saireddykasthuri/options-monitor/options-flow-monitor-e2e.py", line 155, in fetch_trades
  File "/Users/saireddykasthuri/options-monitor/options-flow-monitor-e2e.py", line 97, in fetch_options_trades_polygon
    except (KeyboardInterrupt, SystemExit):
    ^^^^^^^^^^^^^^^^
  File "/Users/saireddykasthuri/options-monitor/venv/lib/python3.13/site-packages/requests/models.py", line 1026, in raise_for_status
    raise HTTPError(http_error_msg, response=self)
requests.exceptions.HTTPError: 404 Client Error: Not Found for url: https://api.polygon.io/v3/trades/options/AAPL?limit=2000&apiKey=yBvjEbOtJIKJghRd76ZFAHPX8VbkeeAq
2025-09-17 16:26:19,688 [INFO] Fetching trades for TSLA
2025-09-17 16:26:19,778 [ERROR] Error processing symbol TSLA: 404 Client Error: Not Found for url: https://api.polygon.io/v3/trades/options/TSLA?limit=2000&apiKey=yBvjEbOtJIKJghRd76ZFAHPX8VbkeeAq
Traceback (most recent call last):
  File "/Users/saireddykasthuri/options-monitor/options-flow-monitor-e2e.py", line 344, in monitor_once
  File "/Users/saireddykasthuri/options-monitor/options-flow-monitor-e2e.py", line 155, in fetch_trades
  File "/Users/saireddykasthuri/options-monitor/options-flow-monitor-e2e.py", line 97, in fetch_options_trades_polygon
    except (KeyboardInterrupt, SystemExit):
    ^^^^^^^^^^^^^^^^
  File "/Users/saireddykasthuri/options-monitor/venv/lib/python3.13/site-packages/requests/models.py", line 1026, in raise_for_status
    raise HTTPError(http_error_msg, response=self)
requests.exceptions.HTTPError: 404 Client Error: Not Found for url: https://api.polygon.io/v3/trades/options/TSLA?limit=2000&apiKey=yBvjEbOtJIKJghRd76ZFAHPX8VbkeeAq
2025-09-17 16:26:19,782 [INFO] Job "main.<locals>.<lambda> (trigger: interval[0:15:00], next run at: 2025-09-17 16:41:19 EDT)" executed successfully
2025-09-17 16:41:19,372 [INFO] Running job "main.<locals>.<lambda> (trigger: interval[0:15:00], next run at: 2025-09-17 16:56:19 EDT)" (scheduled at 2025-09-17 16:41:19.370250-04:00)
2025-09-17 16:41:19,373 [INFO] Fetching trades for ORCL
2025-09-17 16:41:19,489 [ERROR] Error processing symbol ORCL: 404 Client Error: Not Found for url: https://api.polygon.io/v3/trades/options/ORCL?limit=2000&apiKey=yBvjEbOtJIKJghRd76ZFAHPX8VbkeeAq
Traceback (most recent call last):
  File "/Users/saireddykasthuri/options-monitor/options-flow-monitor-e2e.py", line 344, in monitor_once
  File "/Users/saireddykasthuri/options-monitor/options-flow-monitor-e2e.py", line 155, in fetch_trades
  File "/Users/saireddykasthuri/options-monitor/options-flow-monitor-e2e.py", line 97, in fetch_options_trades_polygon
    except (KeyboardInterrupt, SystemExit):
    ^^^^^^^^^^^^^^^^
  File "/Users/saireddykasthuri/options-monitor/venv/lib/python3.13/site-packages/requests/models.py", line 1026, in raise_for_status
    raise HTTPError(http_error_msg, response=self)
requests.exceptions.HTTPError: 404 Client Error: Not Found for url: https://api.polygon.io/v3/trades/options/ORCL?limit=2000&apiKey=yBvjEbOtJIKJghRd76ZFAHPX8VbkeeAq
2025-09-17 16:41:19,494 [INFO] Fetching trades for NBIS
2025-09-17 16:41:19,589 [ERROR] Error processing symbol NBIS: 404 Client Error: Not Found for url: https://api.polygon.io/v3/trades/options/NBIS?limit=2000&apiKey=yBvjEbOtJIKJghRd76ZFAHPX8VbkeeAq
Traceback (most recent call last):
  File "/Users/saireddykasthuri/options-monitor/options-flow-monitor-e2e.py", line 344, in monitor_once
  File "/Users/saireddykasthuri/options-monitor/options-flow-monitor-e2e.py", line 155, in fetch_trades
  File "/Users/saireddykasthuri/options-monitor/options-flow-monitor-e2e.py", line 97, in fetch_options_trades_polygon
    except (KeyboardInterrupt, SystemExit):
    ^^^^^^^^^^^^^^^^
  File "/Users/saireddykasthuri/options-monitor/venv/lib/python3.13/site-packages/requests/models.py", line 1026, in raise_for_status
    raise HTTPError(http_error_msg, response=self)
requests.exceptions.HTTPError: 404 Client Error: Not Found for url: https://api.polygon.io/v3/trades/options/NBIS?limit=2000&apiKey=yBvjEbOtJIKJghRd76ZFAHPX8VbkeeAq
2025-09-17 16:41:19,593 [INFO] Fetching trades for AAPL
2025-09-17 16:41:19,691 [ERROR] Error processing symbol AAPL: 404 Client Error: Not Found for url: https://api.polygon.io/v3/trades/options/AAPL?limit=2000&apiKey=yBvjEbOtJIKJghRd76ZFAHPX8VbkeeAq
Traceback (most recent call last):
  File "/Users/saireddykasthuri/options-monitor/options-flow-monitor-e2e.py", line 344, in monitor_once
  File "/Users/saireddykasthuri/options-monitor/options-flow-monitor-e2e.py", line 155, in fetch_trades
  File "/Users/saireddykasthuri/options-monitor/options-flow-monitor-e2e.py", line 97, in fetch_options_trades_polygon
    except (KeyboardInterrupt, SystemExit):
    ^^^^^^^^^^^^^^^^
  File "/Users/saireddykasthuri/options-monitor/venv/lib/python3.13/site-packages/requests/models.py", line 1026, in raise_for_status
    raise HTTPError(http_error_msg, response=self)
requests.exceptions.HTTPError: 404 Client Error: Not Found for url: https://api.polygon.io/v3/trades/options/AAPL?limit=2000&apiKey=yBvjEbOtJIKJghRd76ZFAHPX8VbkeeAq
2025-09-17 16:41:19,695 [INFO] Fetching trades for TSLA
2025-09-17 16:41:19,792 [ERROR] Error processing symbol TSLA: 404 Client Error: Not Found for url: https://api.polygon.io/v3/trades/options/TSLA?limit=2000&apiKey=yBvjEbOtJIKJghRd76ZFAHPX8VbkeeAq
Traceback (most recent call last):
  File "/Users/saireddykasthuri/options-monitor/options-flow-monitor-e2e.py", line 344, in monitor_once
  File "/Users/saireddykasthuri/options-monitor/options-flow-monitor-e2e.py", line 155, in fetch_trades
  File "/Users/saireddykasthuri/options-monitor/options-flow-monitor-e2e.py", line 97, in fetch_options_trades_polygon
    except (KeyboardInterrupt, SystemExit):
    ^^^^^^^^^^^^^^^^
  File "/Users/saireddykasthuri/options-monitor/venv/lib/python3.13/site-packages/requests/models.py", line 1026, in raise_for_status
    raise HTTPError(http_error_msg, response=self)
requests.exceptions.HTTPError: 404 Client Error: Not Found for url: https://api.polygon.io/v3/trades/options/TSLA?limit=2000&apiKey=yBvjEbOtJIKJghRd76ZFAHPX8VbkeeAq
2025-09-17 16:41:19,796 [INFO] Job "main.<locals>.<lambda> (trigger: interval[0:15:00], next run at: 2025-09-17 16:56:19 EDT)" executed successfully
2025-09-17 16:56:19,411 [INFO] Running job "main.<locals>.<lambda> (trigger: interval[0:15:00], next run at: 2025-09-17 17:11:19 EDT)" (scheduled at 2025-09-17 16:56:19.370250-04:00)
2025-09-17 16:56:19,411 [INFO] Fetching trades for ORCL
2025-09-17 16:56:19,524 [ERROR] Error processing symbol ORCL: 404 Client Error: Not Found for url: https://api.polygon.io/v3/trades/options/ORCL?limit=2000&apiKey=yBvjEbOtJIKJghRd76ZFAHPX8VbkeeAq
Traceback (most recent call last):
  File "/Users/saireddykasthuri/options-monitor/options-flow-monitor-e2e.py", line 344, in monitor_once
  File "/Users/saireddykasthuri/options-monitor/options-flow-monitor-e2e.py", line 155, in fetch_trades
  File "/Users/saireddykasthuri/options-monitor/options-flow-monitor-e2e.py", line 97, in fetch_options_trades_polygon
    except (KeyboardInterrupt, SystemExit):
    ^^^^^^^^^^^^^^^^
  File "/Users/saireddykasthuri/options-monitor/venv/lib/python3.13/site-packages/requests/models.py", line 1026, in raise_for_status
    raise HTTPError(http_error_msg, response=self)
requests.exceptions.HTTPError: 404 Client Error: Not Found for url: https://api.polygon.io/v3/trades/options/ORCL?limit=2000&apiKey=yBvjEbOtJIKJghRd76ZFAHPX8VbkeeAq
2025-09-17 16:56:19,529 [INFO] Fetching trades for NBIS
2025-09-17 16:56:19,614 [ERROR] Error processing symbol NBIS: 404 Client Error: Not Found for url: https://api.polygon.io/v3/trades/options/NBIS?limit=2000&apiKey=yBvjEbOtJIKJghRd76ZFAHPX8VbkeeAq
Traceback (most recent call last):
  File "/Users/saireddykasthuri/options-monitor/options-flow-monitor-e2e.py", line 344, in monitor_once
  File "/Users/saireddykasthuri/options-monitor/options-flow-monitor-e2e.py", line 155, in fetch_trades
  File "/Users/saireddykasthuri/options-monitor/options-flow-monitor-e2e.py", line 97, in fetch_options_trades_polygon
    except (KeyboardInterrupt, SystemExit):
    ^^^^^^^^^^^^^^^^
  File "/Users/saireddykasthuri/options-monitor/venv/lib/python3.13/site-packages/requests/models.py", line 1026, in raise_for_status
    raise HTTPError(http_error_msg, response=self)
requests.exceptions.HTTPError: 404 Client Error: Not Found for url: https://api.polygon.io/v3/trades/options/NBIS?limit=2000&apiKey=yBvjEbOtJIKJghRd76ZFAHPX8VbkeeAq
2025-09-17 16:56:19,618 [INFO] Fetching trades for AAPL
2025-09-17 16:56:19,714 [ERROR] Error processing symbol AAPL: 404 Client Error: Not Found for url: https://api.polygon.io/v3/trades/options/AAPL?limit=2000&apiKey=yBvjEbOtJIKJghRd76ZFAHPX8VbkeeAq
Traceback (most recent call last):
  File "/Users/saireddykasthuri/options-monitor/options-flow-monitor-e2e.py", line 344, in monitor_once
  File "/Users/saireddykasthuri/options-monitor/options-flow-monitor-e2e.py", line 155, in fetch_trades
  File "/Users/saireddykasthuri/options-monitor/options-flow-monitor-e2e.py", line 97, in fetch_options_trades_polygon
    except (KeyboardInterrupt, SystemExit):
    ^^^^^^^^^^^^^^^^
  File "/Users/saireddykasthuri/options-monitor/venv/lib/python3.13/site-packages/requests/models.py", line 1026, in raise_for_status
    raise HTTPError(http_error_msg, response=self)
requests.exceptions.HTTPError: 404 Client Error: Not Found for url: https://api.polygon.io/v3/trades/options/AAPL?limit=2000&apiKey=yBvjEbOtJIKJghRd76ZFAHPX8VbkeeAq
2025-09-17 16:56:19,718 [INFO] Fetching trades for TSLA
2025-09-17 16:56:19,804 [ERROR] Error processing symbol TSLA: 404 Client Error: Not Found for url: https://api.polygon.io/v3/trades/options/TSLA?limit=2000&apiKey=yBvjEbOtJIKJghRd76ZFAHPX8VbkeeAq
Traceback (most recent call last):
  File "/Users/saireddykasthuri/options-monitor/options-flow-monitor-e2e.py", line 344, in monitor_once
  File "/Users/saireddykasthuri/options-monitor/options-flow-monitor-e2e.py", line 155, in fetch_trades
  File "/Users/saireddykasthuri/options-monitor/options-flow-monitor-e2e.py", line 97, in fetch_options_trades_polygon
    except (KeyboardInterrupt, SystemExit):
    ^^^^^^^^^^^^^^^^
  File "/Users/saireddykasthuri/options-monitor/venv/lib/python3.13/site-packages/requests/models.py", line 1026, in raise_for_status
    raise HTTPError(http_error_msg, response=self)
requests.exceptions.HTTPError: 404 Client Error: Not Found for url: https://api.polygon.io/v3/trades/options/TSLA?limit=2000&apiKey=yBvjEbOtJIKJghRd76ZFAHPX8VbkeeAq
2025-09-17 16:56:19,809 [INFO] Job "main.<locals>.<lambda> (trigger: interval[0:15:00], next run at: 2025-09-17 17:11:19 EDT)" executed successfully
2025-09-17 17:11:19,379 [INFO] Running job "main.<locals>.<lambda> (trigger: interval[0:15:00], next run at: 2025-09-17 17:26:19 EDT)" (scheduled at 2025-09-17 17:11:19.370250-04:00)
2025-09-17 17:11:19,380 [INFO] Fetching trades for ORCL
2025-09-17 17:11:19,496 [ERROR] Error processing symbol ORCL: 404 Client Error: Not Found for url: https://api.polygon.io/v3/trades/options/ORCL?limit=2000&apiKey=yBvjEbOtJIKJghRd76ZFAHPX8VbkeeAq
Traceback (most recent call last):
  File "/Users/saireddykasthuri/options-monitor/options-flow-monitor-e2e.py", line 344, in monitor_once
  File "/Users/saireddykasthuri/options-monitor/options-flow-monitor-e2e.py", line 155, in fetch_trades
  File "/Users/saireddykasthuri/options-monitor/options-flow-monitor-e2e.py", line 97, in fetch_options_trades_polygon
    except (KeyboardInterrupt, SystemExit):
    ^^^^^^^^^^^^^^^^
  File "/Users/saireddykasthuri/options-monitor/venv/lib/python3.13/site-packages/requests/models.py", line 1026, in raise_for_status
    raise HTTPError(http_error_msg, response=self)
requests.exceptions.HTTPError: 404 Client Error: Not Found for url: https://api.polygon.io/v3/trades/options/ORCL?limit=2000&apiKey=yBvjEbOtJIKJghRd76ZFAHPX8VbkeeAq
2025-09-17 17:11:19,501 [INFO] Fetching trades for NBIS
2025-09-17 17:11:19,590 [ERROR] Error processing symbol NBIS: 404 Client Error: Not Found for url: https://api.polygon.io/v3/trades/options/NBIS?limit=2000&apiKey=yBvjEbOtJIKJghRd76ZFAHPX8VbkeeAq
Traceback (most recent call last):
  File "/Users/saireddykasthuri/options-monitor/options-flow-monitor-e2e.py", line 344, in monitor_once
  File "/Users/saireddykasthuri/options-monitor/options-flow-monitor-e2e.py", line 155, in fetch_trades
  File "/Users/saireddykasthuri/options-monitor/options-flow-monitor-e2e.py", line 97, in fetch_options_trades_polygon
    except (KeyboardInterrupt, SystemExit):
    ^^^^^^^^^^^^^^^^
  File "/Users/saireddykasthuri/options-monitor/venv/lib/python3.13/site-packages/requests/models.py", line 1026, in raise_for_status
    raise HTTPError(http_error_msg, response=self)
requests.exceptions.HTTPError: 404 Client Error: Not Found for url: https://api.polygon.io/v3/trades/options/NBIS?limit=2000&apiKey=yBvjEbOtJIKJghRd76ZFAHPX8VbkeeAq
2025-09-17 17:11:19,594 [INFO] Fetching trades for AAPL
2025-09-17 17:11:19,678 [ERROR] Error processing symbol AAPL: 404 Client Error: Not Found for url: https://api.polygon.io/v3/trades/options/AAPL?limit=2000&apiKey=yBvjEbOtJIKJghRd76ZFAHPX8VbkeeAq
Traceback (most recent call last):
  File "/Users/saireddykasthuri/options-monitor/options-flow-monitor-e2e.py", line 344, in monitor_once
  File "/Users/saireddykasthuri/options-monitor/options-flow-monitor-e2e.py", line 155, in fetch_trades
  File "/Users/saireddykasthuri/options-monitor/options-flow-monitor-e2e.py", line 97, in fetch_options_trades_polygon
    except (KeyboardInterrupt, SystemExit):
    ^^^^^^^^^^^^^^^^
  File "/Users/saireddykasthuri/options-monitor/venv/lib/python3.13/site-packages/requests/models.py", line 1026, in raise_for_status
    raise HTTPError(http_error_msg, response=self)
requests.exceptions.HTTPError: 404 Client Error: Not Found for url: https://api.polygon.io/v3/trades/options/AAPL?limit=2000&apiKey=yBvjEbOtJIKJghRd76ZFAHPX8VbkeeAq
2025-09-17 17:11:19,682 [INFO] Fetching trades for TSLA
2025-09-17 17:11:19,770 [ERROR] Error processing symbol TSLA: 404 Client Error: Not Found for url: https://api.polygon.io/v3/trades/options/TSLA?limit=2000&apiKey=yBvjEbOtJIKJghRd76ZFAHPX8VbkeeAq
Traceback (most recent call last):
  File "/Users/saireddykasthuri/options-monitor/options-flow-monitor-e2e.py", line 344, in monitor_once
  File "/Users/saireddykasthuri/options-monitor/options-flow-monitor-e2e.py", line 155, in fetch_trades
  File "/Users/saireddykasthuri/options-monitor/options-flow-monitor-e2e.py", line 97, in fetch_options_trades_polygon
    except (KeyboardInterrupt, SystemExit):
    ^^^^^^^^^^^^^^^^
  File "/Users/saireddykasthuri/options-monitor/venv/lib/python3.13/site-packages/requests/models.py", line 1026, in raise_for_status
    raise HTTPError(http_error_msg, response=self)
requests.exceptions.HTTPError: 404 Client Error: Not Found for url: https://api.polygon.io/v3/trades/options/TSLA?limit=2000&apiKey=yBvjEbOtJIKJghRd76ZFAHPX8VbkeeAq
2025-09-17 17:11:19,774 [INFO] Job "main.<locals>.<lambda> (trigger: interval[0:15:00], next run at: 2025-09-17 17:26:19 EDT)" executed successfully
2025-09-17 17:26:19,380 [INFO] Running job "main.<locals>.<lambda> (trigger: interval[0:15:00], next run at: 2025-09-17 17:41:19 EDT)" (scheduled at 2025-09-17 17:26:19.370250-04:00)
2025-09-17 17:26:19,381 [INFO] Fetching trades for ORCL
2025-09-17 17:26:19,490 [ERROR] Error processing symbol ORCL: 404 Client Error: Not Found for url: https://api.polygon.io/v3/trades/options/ORCL?limit=2000&apiKey=yBvjEbOtJIKJghRd76ZFAHPX8VbkeeAq
Traceback (most recent call last):
  File "/Users/saireddykasthuri/options-monitor/options-flow-monitor-e2e.py", line 344, in monitor_once
  File "/Users/saireddykasthuri/options-monitor/options-flow-monitor-e2e.py", line 155, in fetch_trades
  File "/Users/saireddykasthuri/options-monitor/options-flow-monitor-e2e.py", line 97, in fetch_options_trades_polygon
    except (KeyboardInterrupt, SystemExit):
    ^^^^^^^^^^^^^^^^
  File "/Users/saireddykasthuri/options-monitor/venv/lib/python3.13/site-packages/requests/models.py", line 1026, in raise_for_status
    raise HTTPError(http_error_msg, response=self)
requests.exceptions.HTTPError: 404 Client Error: Not Found for url: https://api.polygon.io/v3/trades/options/ORCL?limit=2000&apiKey=yBvjEbOtJIKJghRd76ZFAHPX8VbkeeAq
2025-09-17 17:26:19,494 [INFO] Fetching trades for NBIS
2025-09-17 17:26:19,590 [ERROR] Error processing symbol NBIS: 404 Client Error: Not Found for url: https://api.polygon.io/v3/trades/options/NBIS?limit=2000&apiKey=yBvjEbOtJIKJghRd76ZFAHPX8VbkeeAq
Traceback (most recent call last):
  File "/Users/saireddykasthuri/options-monitor/options-flow-monitor-e2e.py", line 344, in monitor_once
  File "/Users/saireddykasthuri/options-monitor/options-flow-monitor-e2e.py", line 155, in fetch_trades
  File "/Users/saireddykasthuri/options-monitor/options-flow-monitor-e2e.py", line 97, in fetch_options_trades_polygon
    except (KeyboardInterrupt, SystemExit):
    ^^^^^^^^^^^^^^^^
  File "/Users/saireddykasthuri/options-monitor/venv/lib/python3.13/site-packages/requests/models.py", line 1026, in raise_for_status
    raise HTTPError(http_error_msg, response=self)
requests.exceptions.HTTPError: 404 Client Error: Not Found for url: https://api.polygon.io/v3/trades/options/NBIS?limit=2000&apiKey=yBvjEbOtJIKJghRd76ZFAHPX8VbkeeAq
2025-09-17 17:26:19,594 [INFO] Fetching trades for AAPL
2025-09-17 17:26:19,678 [ERROR] Error processing symbol AAPL: 404 Client Error: Not Found for url: https://api.polygon.io/v3/trades/options/AAPL?limit=2000&apiKey=yBvjEbOtJIKJghRd76ZFAHPX8VbkeeAq
Traceback (most recent call last):
  File "/Users/saireddykasthuri/options-monitor/options-flow-monitor-e2e.py", line 344, in monitor_once
  File "/Users/saireddykasthuri/options-monitor/options-flow-monitor-e2e.py", line 155, in fetch_trades
  File "/Users/saireddykasthuri/options-monitor/options-flow-monitor-e2e.py", line 97, in fetch_options_trades_polygon
    except (KeyboardInterrupt, SystemExit):
    ^^^^^^^^^^^^^^^^
  File "/Users/saireddykasthuri/options-monitor/venv/lib/python3.13/site-packages/requests/models.py", line 1026, in raise_for_status
    raise HTTPError(http_error_msg, response=self)
requests.exceptions.HTTPError: 404 Client Error: Not Found for url: https://api.polygon.io/v3/trades/options/AAPL?limit=2000&apiKey=yBvjEbOtJIKJghRd76ZFAHPX8VbkeeAq
2025-09-17 17:26:19,682 [INFO] Fetching trades for TSLA
2025-09-17 17:26:19,769 [ERROR] Error processing symbol TSLA: 404 Client Error: Not Found for url: https://api.polygon.io/v3/trades/options/TSLA?limit=2000&apiKey=yBvjEbOtJIKJghRd76ZFAHPX8VbkeeAq
Traceback (most recent call last):
  File "/Users/saireddykasthuri/options-monitor/options-flow-monitor-e2e.py", line 344, in monitor_once
  File "/Users/saireddykasthuri/options-monitor/options-flow-monitor-e2e.py", line 155, in fetch_trades
  File "/Users/saireddykasthuri/options-monitor/options-flow-monitor-e2e.py", line 97, in fetch_options_trades_polygon
    except (KeyboardInterrupt, SystemExit):
    ^^^^^^^^^^^^^^^^
  File "/Users/saireddykasthuri/options-monitor/venv/lib/python3.13/site-packages/requests/models.py", line 1026, in raise_for_status
    raise HTTPError(http_error_msg, response=self)
requests.exceptions.HTTPError: 404 Client Error: Not Found for url: https://api.polygon.io/v3/trades/options/TSLA?limit=2000&apiKey=yBvjEbOtJIKJghRd76ZFAHPX8VbkeeAq
2025-09-17 17:26:19,773 [INFO] Job "main.<locals>.<lambda> (trigger: interval[0:15:00], next run at: 2025-09-17 17:41:19 EDT)" executed successfully
2025-09-17 17:41:19,378 [INFO] Running job "main.<locals>.<lambda> (trigger: interval[0:15:00], next run at: 2025-09-17 17:56:19 EDT)" (scheduled at 2025-09-17 17:41:19.370250-04:00)
2025-09-17 17:41:19,379 [INFO] Fetching trades for ORCL
2025-09-17 17:41:19,483 [ERROR] Error processing symbol ORCL: 404 Client Error: Not Found for url: https://api.polygon.io/v3/trades/options/ORCL?limit=2000&apiKey=yBvjEbOtJIKJghRd76ZFAHPX8VbkeeAq
Traceback (most recent call last):
  File "/Users/saireddykasthuri/options-monitor/options-flow-monitor-e2e.py", line 344, in monitor_once
  File "/Users/saireddykasthuri/options-monitor/options-flow-monitor-e2e.py", line 155, in fetch_trades
  File "/Users/saireddykasthuri/options-monitor/options-flow-monitor-e2e.py", line 97, in fetch_options_trades_polygon
    except (KeyboardInterrupt, SystemExit):
    ^^^^^^^^^^^^^^^^
  File "/Users/saireddykasthuri/options-monitor/venv/lib/python3.13/site-packages/requests/models.py", line 1026, in raise_for_status
    raise HTTPError(http_error_msg, response=self)
requests.exceptions.HTTPError: 404 Client Error: Not Found for url: https://api.polygon.io/v3/trades/options/ORCL?limit=2000&apiKey=yBvjEbOtJIKJghRd76ZFAHPX8VbkeeAq
2025-09-17 17:41:19,487 [INFO] Fetching trades for NBIS
2025-09-17 17:41:19,583 [ERROR] Error processing symbol NBIS: 404 Client Error: Not Found for url: https://api.polygon.io/v3/trades/options/NBIS?limit=2000&apiKey=yBvjEbOtJIKJghRd76ZFAHPX8VbkeeAq
Traceback (most recent call last):
  File "/Users/saireddykasthuri/options-monitor/options-flow-monitor-e2e.py", line 344, in monitor_once
  File "/Users/saireddykasthuri/options-monitor/options-flow-monitor-e2e.py", line 155, in fetch_trades
  File "/Users/saireddykasthuri/options-monitor/options-flow-monitor-e2e.py", line 97, in fetch_options_trades_polygon
    except (KeyboardInterrupt, SystemExit):
    ^^^^^^^^^^^^^^^^
  File "/Users/saireddykasthuri/options-monitor/venv/lib/python3.13/site-packages/requests/models.py", line 1026, in raise_for_status
    raise HTTPError(http_error_msg, response=self)
requests.exceptions.HTTPError: 404 Client Error: Not Found for url: https://api.polygon.io/v3/trades/options/NBIS?limit=2000&apiKey=yBvjEbOtJIKJghRd76ZFAHPX8VbkeeAq
2025-09-17 17:41:19,587 [INFO] Fetching trades for AAPL
2025-09-17 17:41:19,673 [ERROR] Error processing symbol AAPL: 404 Client Error: Not Found for url: https://api.polygon.io/v3/trades/options/AAPL?limit=2000&apiKey=yBvjEbOtJIKJghRd76ZFAHPX8VbkeeAq
Traceback (most recent call last):
  File "/Users/saireddykasthuri/options-monitor/options-flow-monitor-e2e.py", line 344, in monitor_once
  File "/Users/saireddykasthuri/options-monitor/options-flow-monitor-e2e.py", line 155, in fetch_trades
  File "/Users/saireddykasthuri/options-monitor/options-flow-monitor-e2e.py", line 97, in fetch_options_trades_polygon
    except (KeyboardInterrupt, SystemExit):
    ^^^^^^^^^^^^^^^^
  File "/Users/saireddykasthuri/options-monitor/venv/lib/python3.13/site-packages/requests/models.py", line 1026, in raise_for_status
    raise HTTPError(http_error_msg, response=self)
requests.exceptions.HTTPError: 404 Client Error: Not Found for url: https://api.polygon.io/v3/trades/options/AAPL?limit=2000&apiKey=yBvjEbOtJIKJghRd76ZFAHPX8VbkeeAq
2025-09-17 17:41:19,679 [INFO] Fetching trades for TSLA
2025-09-17 17:41:19,763 [ERROR] Error processing symbol TSLA: 404 Client Error: Not Found for url: https://api.polygon.io/v3/trades/options/TSLA?limit=2000&apiKey=yBvjEbOtJIKJghRd76ZFAHPX8VbkeeAq
Traceback (most recent call last):
  File "/Users/saireddykasthuri/options-monitor/options-flow-monitor-e2e.py", line 344, in monitor_once
  File "/Users/saireddykasthuri/options-monitor/options-flow-monitor-e2e.py", line 155, in fetch_trades
  File "/Users/saireddykasthuri/options-monitor/options-flow-monitor-e2e.py", line 97, in fetch_options_trades_polygon
    except (KeyboardInterrupt, SystemExit):
    ^^^^^^^^^^^^^^^^
  File "/Users/saireddykasthuri/options-monitor/venv/lib/python3.13/site-packages/requests/models.py", line 1026, in raise_for_status
    raise HTTPError(http_error_msg, response=self)
requests.exceptions.HTTPError: 404 Client Error: Not Found for url: https://api.polygon.io/v3/trades/options/TSLA?limit=2000&apiKey=yBvjEbOtJIKJghRd76ZFAHPX8VbkeeAq
2025-09-17 17:41:19,767 [INFO] Job "main.<locals>.<lambda> (trigger: interval[0:15:00], next run at: 2025-09-17 17:56:19 EDT)" executed successfully
2025-09-17 17:56:19,375 [INFO] Running job "main.<locals>.<lambda> (trigger: interval[0:15:00], next run at: 2025-09-17 18:11:19 EDT)" (scheduled at 2025-09-17 17:56:19.370250-04:00)
2025-09-17 17:56:19,377 [INFO] Fetching trades for ORCL
2025-09-17 17:56:19,488 [ERROR] Error processing symbol ORCL: 404 Client Error: Not Found for url: https://api.polygon.io/v3/trades/options/ORCL?limit=2000&apiKey=yBvjEbOtJIKJghRd76ZFAHPX8VbkeeAq
Traceback (most recent call last):
  File "/Users/saireddykasthuri/options-monitor/options-flow-monitor-e2e.py", line 344, in monitor_once
  File "/Users/saireddykasthuri/options-monitor/options-flow-monitor-e2e.py", line 155, in fetch_trades
  File "/Users/saireddykasthuri/options-monitor/options-flow-monitor-e2e.py", line 97, in fetch_options_trades_polygon
    except (KeyboardInterrupt, SystemExit):
    ^^^^^^^^^^^^^^^^
  File "/Users/saireddykasthuri/options-monitor/venv/lib/python3.13/site-packages/requests/models.py", line 1026, in raise_for_status
    raise HTTPError(http_error_msg, response=self)
requests.exceptions.HTTPError: 404 Client Error: Not Found for url: https://api.polygon.io/v3/trades/options/ORCL?limit=2000&apiKey=yBvjEbOtJIKJghRd76ZFAHPX8VbkeeAq
2025-09-17 17:56:19,492 [INFO] Fetching trades for NBIS
2025-09-17 17:56:19,586 [ERROR] Error processing symbol NBIS: 404 Client Error: Not Found for url: https://api.polygon.io/v3/trades/options/NBIS?limit=2000&apiKey=yBvjEbOtJIKJghRd76ZFAHPX8VbkeeAq
Traceback (most recent call last):
  File "/Users/saireddykasthuri/options-monitor/options-flow-monitor-e2e.py", line 344, in monitor_once
  File "/Users/saireddykasthuri/options-monitor/options-flow-monitor-e2e.py", line 155, in fetch_trades
  File "/Users/saireddykasthuri/options-monitor/options-flow-monitor-e2e.py", line 97, in fetch_options_trades_polygon
    except (KeyboardInterrupt, SystemExit):
    ^^^^^^^^^^^^^^^^
  File "/Users/saireddykasthuri/options-monitor/venv/lib/python3.13/site-packages/requests/models.py", line 1026, in raise_for_status
    raise HTTPError(http_error_msg, response=self)
requests.exceptions.HTTPError: 404 Client Error: Not Found for url: https://api.polygon.io/v3/trades/options/NBIS?limit=2000&apiKey=yBvjEbOtJIKJghRd76ZFAHPX8VbkeeAq
2025-09-17 17:56:19,590 [INFO] Fetching trades for AAPL
2025-09-17 17:56:19,675 [ERROR] Error processing symbol AAPL: 404 Client Error: Not Found for url: https://api.polygon.io/v3/trades/options/AAPL?limit=2000&apiKey=yBvjEbOtJIKJghRd76ZFAHPX8VbkeeAq
Traceback (most recent call last):
  File "/Users/saireddykasthuri/options-monitor/options-flow-monitor-e2e.py", line 344, in monitor_once
  File "/Users/saireddykasthuri/options-monitor/options-flow-monitor-e2e.py", line 155, in fetch_trades
  File "/Users/saireddykasthuri/options-monitor/options-flow-monitor-e2e.py", line 97, in fetch_options_trades_polygon
    except (KeyboardInterrupt, SystemExit):
    ^^^^^^^^^^^^^^^^
  File "/Users/saireddykasthuri/options-monitor/venv/lib/python3.13/site-packages/requests/models.py", line 1026, in raise_for_status
    raise HTTPError(http_error_msg, response=self)
requests.exceptions.HTTPError: 404 Client Error: Not Found for url: https://api.polygon.io/v3/trades/options/AAPL?limit=2000&apiKey=yBvjEbOtJIKJghRd76ZFAHPX8VbkeeAq
2025-09-17 17:56:19,679 [INFO] Fetching trades for TSLA
2025-09-17 17:56:19,773 [ERROR] Error processing symbol TSLA: 404 Client Error: Not Found for url: https://api.polygon.io/v3/trades/options/TSLA?limit=2000&apiKey=yBvjEbOtJIKJghRd76ZFAHPX8VbkeeAq
Traceback (most recent call last):
  File "/Users/saireddykasthuri/options-monitor/options-flow-monitor-e2e.py", line 344, in monitor_once
  File "/Users/saireddykasthuri/options-monitor/options-flow-monitor-e2e.py", line 155, in fetch_trades
  File "/Users/saireddykasthuri/options-monitor/options-flow-monitor-e2e.py", line 97, in fetch_options_trades_polygon
    except (KeyboardInterrupt, SystemExit):
    ^^^^^^^^^^^^^^^^
  File "/Users/saireddykasthuri/options-monitor/venv/lib/python3.13/site-packages/requests/models.py", line 1026, in raise_for_status
    raise HTTPError(http_error_msg, response=self)
requests.exceptions.HTTPError: 404 Client Error: Not Found for url: https://api.polygon.io/v3/trades/options/TSLA?limit=2000&apiKey=yBvjEbOtJIKJghRd76ZFAHPX8VbkeeAq
2025-09-17 17:56:19,777 [INFO] Job "main.<locals>.<lambda> (trigger: interval[0:15:00], next run at: 2025-09-17 18:11:19 EDT)" executed successfully
2025-09-17 18:11:19,382 [INFO] Running job "main.<locals>.<lambda> (trigger: interval[0:15:00], next run at: 2025-09-17 18:26:19 EDT)" (scheduled at 2025-09-17 18:11:19.370250-04:00)
2025-09-17 18:11:19,383 [INFO] Fetching trades for ORCL
2025-09-17 18:11:19,494 [ERROR] Error processing symbol ORCL: 404 Client Error: Not Found for url: https://api.polygon.io/v3/trades/options/ORCL?limit=2000&apiKey=yBvjEbOtJIKJghRd76ZFAHPX8VbkeeAq
Traceback (most recent call last):
  File "/Users/saireddykasthuri/options-monitor/options-flow-monitor-e2e.py", line 344, in monitor_once
  File "/Users/saireddykasthuri/options-monitor/options-flow-monitor-e2e.py", line 155, in fetch_trades
  File "/Users/saireddykasthuri/options-monitor/options-flow-monitor-e2e.py", line 97, in fetch_options_trades_polygon
    except (KeyboardInterrupt, SystemExit):
    ^^^^^^^^^^^^^^^^
  File "/Users/saireddykasthuri/options-monitor/venv/lib/python3.13/site-packages/requests/models.py", line 1026, in raise_for_status
    raise HTTPError(http_error_msg, response=self)
requests.exceptions.HTTPError: 404 Client Error: Not Found for url: https://api.polygon.io/v3/trades/options/ORCL?limit=2000&apiKey=yBvjEbOtJIKJghRd76ZFAHPX8VbkeeAq
2025-09-17 18:11:19,499 [INFO] Fetching trades for NBIS
2025-09-17 18:11:19,580 [ERROR] Error processing symbol NBIS: 404 Client Error: Not Found for url: https://api.polygon.io/v3/trades/options/NBIS?limit=2000&apiKey=yBvjEbOtJIKJghRd76ZFAHPX8VbkeeAq
Traceback (most recent call last):
  File "/Users/saireddykasthuri/options-monitor/options-flow-monitor-e2e.py", line 344, in monitor_once
  File "/Users/saireddykasthuri/options-monitor/options-flow-monitor-e2e.py", line 155, in fetch_trades
  File "/Users/saireddykasthuri/options-monitor/options-flow-monitor-e2e.py", line 97, in fetch_options_trades_polygon
    except (KeyboardInterrupt, SystemExit):
    ^^^^^^^^^^^^^^^^
  File "/Users/saireddykasthuri/options-monitor/venv/lib/python3.13/site-packages/requests/models.py", line 1026, in raise_for_status
    raise HTTPError(http_error_msg, response=self)
requests.exceptions.HTTPError: 404 Client Error: Not Found for url: https://api.polygon.io/v3/trades/options/NBIS?limit=2000&apiKey=yBvjEbOtJIKJghRd76ZFAHPX8VbkeeAq
2025-09-17 18:11:19,584 [INFO] Fetching trades for AAPL
2025-09-17 18:11:19,677 [ERROR] Error processing symbol AAPL: 404 Client Error: Not Found for url: https://api.polygon.io/v3/trades/options/AAPL?limit=2000&apiKey=yBvjEbOtJIKJghRd76ZFAHPX8VbkeeAq
Traceback (most recent call last):
  File "/Users/saireddykasthuri/options-monitor/options-flow-monitor-e2e.py", line 344, in monitor_once
  File "/Users/saireddykasthuri/options-monitor/options-flow-monitor-e2e.py", line 155, in fetch_trades
  File "/Users/saireddykasthuri/options-monitor/options-flow-monitor-e2e.py", line 97, in fetch_options_trades_polygon
    except (KeyboardInterrupt, SystemExit):
    ^^^^^^^^^^^^^^^^
  File "/Users/saireddykasthuri/options-monitor/venv/lib/python3.13/site-packages/requests/models.py", line 1026, in raise_for_status
    raise HTTPError(http_error_msg, response=self)
requests.exceptions.HTTPError: 404 Client Error: Not Found for url: https://api.polygon.io/v3/trades/options/AAPL?limit=2000&apiKey=yBvjEbOtJIKJghRd76ZFAHPX8VbkeeAq
2025-09-17 18:11:19,681 [INFO] Fetching trades for TSLA
2025-09-17 18:11:19,766 [ERROR] Error processing symbol TSLA: 404 Client Error: Not Found for url: https://api.polygon.io/v3/trades/options/TSLA?limit=2000&apiKey=yBvjEbOtJIKJghRd76ZFAHPX8VbkeeAq
Traceback (most recent call last):
  File "/Users/saireddykasthuri/options-monitor/options-flow-monitor-e2e.py", line 344, in monitor_once
  File "/Users/saireddykasthuri/options-monitor/options-flow-monitor-e2e.py", line 155, in fetch_trades
  File "/Users/saireddykasthuri/options-monitor/options-flow-monitor-e2e.py", line 97, in fetch_options_trades_polygon
    except (KeyboardInterrupt, SystemExit):
    ^^^^^^^^^^^^^^^^
  File "/Users/saireddykasthuri/options-monitor/venv/lib/python3.13/site-packages/requests/models.py", line 1026, in raise_for_status
    raise HTTPError(http_error_msg, response=self)
requests.exceptions.HTTPError: 404 Client Error: Not Found for url: https://api.polygon.io/v3/trades/options/TSLA?limit=2000&apiKey=yBvjEbOtJIKJghRd76ZFAHPX8VbkeeAq
2025-09-17 18:11:19,770 [INFO] Job "main.<locals>.<lambda> (trigger: interval[0:15:00], next run at: 2025-09-17 18:26:19 EDT)" executed successfully
2025-09-17 18:26:19,382 [INFO] Running job "main.<locals>.<lambda> (trigger: interval[0:15:00], next run at: 2025-09-17 18:41:19 EDT)" (scheduled at 2025-09-17 18:26:19.370250-04:00)
2025-09-17 18:26:19,382 [INFO] Fetching trades for ORCL
2025-09-17 18:26:19,499 [ERROR] Error processing symbol ORCL: 404 Client Error: Not Found for url: https://api.polygon.io/v3/trades/options/ORCL?limit=2000&apiKey=yBvjEbOtJIKJghRd76ZFAHPX8VbkeeAq
Traceback (most recent call last):
  File "/Users/saireddykasthuri/options-monitor/options-flow-monitor-e2e.py", line 344, in monitor_once
  File "/Users/saireddykasthuri/options-monitor/options-flow-monitor-e2e.py", line 155, in fetch_trades
  File "/Users/saireddykasthuri/options-monitor/options-flow-monitor-e2e.py", line 97, in fetch_options_trades_polygon
    except (KeyboardInterrupt, SystemExit):
    ^^^^^^^^^^^^^^^^
  File "/Users/saireddykasthuri/options-monitor/venv/lib/python3.13/site-packages/requests/models.py", line 1026, in raise_for_status
    raise HTTPError(http_error_msg, response=self)
requests.exceptions.HTTPError: 404 Client Error: Not Found for url: https://api.polygon.io/v3/trades/options/ORCL?limit=2000&apiKey=yBvjEbOtJIKJghRd76ZFAHPX8VbkeeAq
2025-09-17 18:26:19,504 [INFO] Fetching trades for NBIS
2025-09-17 18:26:19,592 [ERROR] Error processing symbol NBIS: 404 Client Error: Not Found for url: https://api.polygon.io/v3/trades/options/NBIS?limit=2000&apiKey=yBvjEbOtJIKJghRd76ZFAHPX8VbkeeAq
Traceback (most recent call last):
  File "/Users/saireddykasthuri/options-monitor/options-flow-monitor-e2e.py", line 344, in monitor_once
  File "/Users/saireddykasthuri/options-monitor/options-flow-monitor-e2e.py", line 155, in fetch_trades
  File "/Users/saireddykasthuri/options-monitor/options-flow-monitor-e2e.py", line 97, in fetch_options_trades_polygon
    except (KeyboardInterrupt, SystemExit):
    ^^^^^^^^^^^^^^^^
  File "/Users/saireddykasthuri/options-monitor/venv/lib/python3.13/site-packages/requests/models.py", line 1026, in raise_for_status
    raise HTTPError(http_error_msg, response=self)
requests.exceptions.HTTPError: 404 Client Error: Not Found for url: https://api.polygon.io/v3/trades/options/NBIS?limit=2000&apiKey=yBvjEbOtJIKJghRd76ZFAHPX8VbkeeAq
2025-09-17 18:26:19,596 [INFO] Fetching trades for AAPL
2025-09-17 18:26:19,684 [ERROR] Error processing symbol AAPL: 404 Client Error: Not Found for url: https://api.polygon.io/v3/trades/options/AAPL?limit=2000&apiKey=yBvjEbOtJIKJghRd76ZFAHPX8VbkeeAq
Traceback (most recent call last):
  File "/Users/saireddykasthuri/options-monitor/options-flow-monitor-e2e.py", line 344, in monitor_once
  File "/Users/saireddykasthuri/options-monitor/options-flow-monitor-e2e.py", line 155, in fetch_trades
  File "/Users/saireddykasthuri/options-monitor/options-flow-monitor-e2e.py", line 97, in fetch_options_trades_polygon
    except (KeyboardInterrupt, SystemExit):
    ^^^^^^^^^^^^^^^^
  File "/Users/saireddykasthuri/options-monitor/venv/lib/python3.13/site-packages/requests/models.py", line 1026, in raise_for_status
    raise HTTPError(http_error_msg, response=self)
requests.exceptions.HTTPError: 404 Client Error: Not Found for url: https://api.polygon.io/v3/trades/options/AAPL?limit=2000&apiKey=yBvjEbOtJIKJghRd76ZFAHPX8VbkeeAq
2025-09-17 18:26:19,688 [INFO] Fetching trades for TSLA
2025-09-17 18:26:19,772 [ERROR] Error processing symbol TSLA: 404 Client Error: Not Found for url: https://api.polygon.io/v3/trades/options/TSLA?limit=2000&apiKey=yBvjEbOtJIKJghRd76ZFAHPX8VbkeeAq
Traceback (most recent call last):
  File "/Users/saireddykasthuri/options-monitor/options-flow-monitor-e2e.py", line 344, in monitor_once
  File "/Users/saireddykasthuri/options-monitor/options-flow-monitor-e2e.py", line 155, in fetch_trades
  File "/Users/saireddykasthuri/options-monitor/options-flow-monitor-e2e.py", line 97, in fetch_options_trades_polygon
    except (KeyboardInterrupt, SystemExit):
    ^^^^^^^^^^^^^^^^
  File "/Users/saireddykasthuri/options-monitor/venv/lib/python3.13/site-packages/requests/models.py", line 1026, in raise_for_status
    raise HTTPError(http_error_msg, response=self)
requests.exceptions.HTTPError: 404 Client Error: Not Found for url: https://api.polygon.io/v3/trades/options/TSLA?limit=2000&apiKey=yBvjEbOtJIKJghRd76ZFAHPX8VbkeeAq
2025-09-17 18:26:19,777 [INFO] Job "main.<locals>.<lambda> (trigger: interval[0:15:00], next run at: 2025-09-17 18:41:19 EDT)" executed successfully
2025-09-17 18:41:19,374 [INFO] Running job "main.<locals>.<lambda> (trigger: interval[0:15:00], next run at: 2025-09-17 18:56:19 EDT)" (scheduled at 2025-09-17 18:41:19.370250-04:00)
2025-09-17 18:41:19,375 [INFO] Fetching trades for ORCL
2025-09-17 18:41:19,488 [ERROR] Error processing symbol ORCL: 404 Client Error: Not Found for url: https://api.polygon.io/v3/trades/options/ORCL?limit=2000&apiKey=yBvjEbOtJIKJghRd76ZFAHPX8VbkeeAq
Traceback (most recent call last):
  File "/Users/saireddykasthuri/options-monitor/options-flow-monitor-e2e.py", line 344, in monitor_once
  File "/Users/saireddykasthuri/options-monitor/options-flow-monitor-e2e.py", line 155, in fetch_trades
  File "/Users/saireddykasthuri/options-monitor/options-flow-monitor-e2e.py", line 97, in fetch_options_trades_polygon
    except (KeyboardInterrupt, SystemExit):
    ^^^^^^^^^^^^^^^^
  File "/Users/saireddykasthuri/options-monitor/venv/lib/python3.13/site-packages/requests/models.py", line 1026, in raise_for_status
    raise HTTPError(http_error_msg, response=self)
requests.exceptions.HTTPError: 404 Client Error: Not Found for url: https://api.polygon.io/v3/trades/options/ORCL?limit=2000&apiKey=yBvjEbOtJIKJghRd76ZFAHPX8VbkeeAq
2025-09-17 18:41:19,492 [INFO] Fetching trades for NBIS
2025-09-17 18:41:19,586 [ERROR] Error processing symbol NBIS: 404 Client Error: Not Found for url: https://api.polygon.io/v3/trades/options/NBIS?limit=2000&apiKey=yBvjEbOtJIKJghRd76ZFAHPX8VbkeeAq
Traceback (most recent call last):
  File "/Users/saireddykasthuri/options-monitor/options-flow-monitor-e2e.py", line 344, in monitor_once
  File "/Users/saireddykasthuri/options-monitor/options-flow-monitor-e2e.py", line 155, in fetch_trades
  File "/Users/saireddykasthuri/options-monitor/options-flow-monitor-e2e.py", line 97, in fetch_options_trades_polygon
    except (KeyboardInterrupt, SystemExit):
    ^^^^^^^^^^^^^^^^
  File "/Users/saireddykasthuri/options-monitor/venv/lib/python3.13/site-packages/requests/models.py", line 1026, in raise_for_status
    raise HTTPError(http_error_msg, response=self)
requests.exceptions.HTTPError: 404 Client Error: Not Found for url: https://api.polygon.io/v3/trades/options/NBIS?limit=2000&apiKey=yBvjEbOtJIKJghRd76ZFAHPX8VbkeeAq
2025-09-17 18:41:19,590 [INFO] Fetching trades for AAPL
2025-09-17 18:41:19,681 [ERROR] Error processing symbol AAPL: 404 Client Error: Not Found for url: https://api.polygon.io/v3/trades/options/AAPL?limit=2000&apiKey=yBvjEbOtJIKJghRd76ZFAHPX8VbkeeAq
Traceback (most recent call last):
  File "/Users/saireddykasthuri/options-monitor/options-flow-monitor-e2e.py", line 344, in monitor_once
  File "/Users/saireddykasthuri/options-monitor/options-flow-monitor-e2e.py", line 155, in fetch_trades
  File "/Users/saireddykasthuri/options-monitor/options-flow-monitor-e2e.py", line 97, in fetch_options_trades_polygon
    except (KeyboardInterrupt, SystemExit):
    ^^^^^^^^^^^^^^^^
  File "/Users/saireddykasthuri/options-monitor/venv/lib/python3.13/site-packages/requests/models.py", line 1026, in raise_for_status
    raise HTTPError(http_error_msg, response=self)
requests.exceptions.HTTPError: 404 Client Error: Not Found for url: https://api.polygon.io/v3/trades/options/AAPL?limit=2000&apiKey=yBvjEbOtJIKJghRd76ZFAHPX8VbkeeAq
2025-09-17 18:41:19,685 [INFO] Fetching trades for TSLA
2025-09-17 18:41:19,784 [ERROR] Error processing symbol TSLA: 404 Client Error: Not Found for url: https://api.polygon.io/v3/trades/options/TSLA?limit=2000&apiKey=yBvjEbOtJIKJghRd76ZFAHPX8VbkeeAq
Traceback (most recent call last):
  File "/Users/saireddykasthuri/options-monitor/options-flow-monitor-e2e.py", line 344, in monitor_once
  File "/Users/saireddykasthuri/options-monitor/options-flow-monitor-e2e.py", line 155, in fetch_trades
  File "/Users/saireddykasthuri/options-monitor/options-flow-monitor-e2e.py", line 97, in fetch_options_trades_polygon
    except (KeyboardInterrupt, SystemExit):
    ^^^^^^^^^^^^^^^^
  File "/Users/saireddykasthuri/options-monitor/venv/lib/python3.13/site-packages/requests/models.py", line 1026, in raise_for_status
    raise HTTPError(http_error_msg, response=self)
requests.exceptions.HTTPError: 404 Client Error: Not Found for url: https://api.polygon.io/v3/trades/options/TSLA?limit=2000&apiKey=yBvjEbOtJIKJghRd76ZFAHPX8VbkeeAq
2025-09-17 18:41:19,789 [INFO] Job "main.<locals>.<lambda> (trigger: interval[0:15:00], next run at: 2025-09-17 18:56:19 EDT)" executed successfully
2025-09-17 18:56:19,373 [INFO] Running job "main.<locals>.<lambda> (trigger: interval[0:15:00], next run at: 2025-09-17 19:11:19 EDT)" (scheduled at 2025-09-17 18:56:19.370250-04:00)
2025-09-17 18:56:19,376 [INFO] Fetching trades for ORCL
2025-09-17 18:56:19,480 [ERROR] Error processing symbol ORCL: 404 Client Error: Not Found for url: https://api.polygon.io/v3/trades/options/ORCL?limit=2000&apiKey=yBvjEbOtJIKJghRd76ZFAHPX8VbkeeAq
Traceback (most recent call last):
  File "/Users/saireddykasthuri/options-monitor/options-flow-monitor-e2e.py", line 344, in monitor_once
  File "/Users/saireddykasthuri/options-monitor/options-flow-monitor-e2e.py", line 155, in fetch_trades
  File "/Users/saireddykasthuri/options-monitor/options-flow-monitor-e2e.py", line 97, in fetch_options_trades_polygon
    except (KeyboardInterrupt, SystemExit):
    ^^^^^^^^^^^^^^^^
  File "/Users/saireddykasthuri/options-monitor/venv/lib/python3.13/site-packages/requests/models.py", line 1026, in raise_for_status
    raise HTTPError(http_error_msg, response=self)
requests.exceptions.HTTPError: 404 Client Error: Not Found for url: https://api.polygon.io/v3/trades/options/ORCL?limit=2000&apiKey=yBvjEbOtJIKJghRd76ZFAHPX8VbkeeAq
2025-09-17 18:56:19,484 [INFO] Fetching trades for NBIS
2025-09-17 18:56:19,561 [ERROR] Error processing symbol NBIS: 404 Client Error: Not Found for url: https://api.polygon.io/v3/trades/options/NBIS?limit=2000&apiKey=yBvjEbOtJIKJghRd76ZFAHPX8VbkeeAq
Traceback (most recent call last):
  File "/Users/saireddykasthuri/options-monitor/options-flow-monitor-e2e.py", line 344, in monitor_once
  File "/Users/saireddykasthuri/options-monitor/options-flow-monitor-e2e.py", line 155, in fetch_trades
  File "/Users/saireddykasthuri/options-monitor/options-flow-monitor-e2e.py", line 97, in fetch_options_trades_polygon
    except (KeyboardInterrupt, SystemExit):
    ^^^^^^^^^^^^^^^^
  File "/Users/saireddykasthuri/options-monitor/venv/lib/python3.13/site-packages/requests/models.py", line 1026, in raise_for_status
    raise HTTPError(http_error_msg, response=self)
requests.exceptions.HTTPError: 404 Client Error: Not Found for url: https://api.polygon.io/v3/trades/options/NBIS?limit=2000&apiKey=yBvjEbOtJIKJghRd76ZFAHPX8VbkeeAq
2025-09-17 18:56:19,566 [INFO] Fetching trades for AAPL
2025-09-17 18:56:19,653 [ERROR] Error processing symbol AAPL: 404 Client Error: Not Found for url: https://api.polygon.io/v3/trades/options/AAPL?limit=2000&apiKey=yBvjEbOtJIKJghRd76ZFAHPX8VbkeeAq
Traceback (most recent call last):
  File "/Users/saireddykasthuri/options-monitor/options-flow-monitor-e2e.py", line 344, in monitor_once
  File "/Users/saireddykasthuri/options-monitor/options-flow-monitor-e2e.py", line 155, in fetch_trades
  File "/Users/saireddykasthuri/options-monitor/options-flow-monitor-e2e.py", line 97, in fetch_options_trades_polygon
    except (KeyboardInterrupt, SystemExit):
    ^^^^^^^^^^^^^^^^
  File "/Users/saireddykasthuri/options-monitor/venv/lib/python3.13/site-packages/requests/models.py", line 1026, in raise_for_status
    raise HTTPError(http_error_msg, response=self)
requests.exceptions.HTTPError: 404 Client Error: Not Found for url: https://api.polygon.io/v3/trades/options/AAPL?limit=2000&apiKey=yBvjEbOtJIKJghRd76ZFAHPX8VbkeeAq
2025-09-17 18:56:19,657 [INFO] Fetching trades for TSLA
2025-09-17 18:56:19,749 [ERROR] Error processing symbol TSLA: 404 Client Error: Not Found for url: https://api.polygon.io/v3/trades/options/TSLA?limit=2000&apiKey=yBvjEbOtJIKJghRd76ZFAHPX8VbkeeAq
Traceback (most recent call last):
  File "/Users/saireddykasthuri/options-monitor/options-flow-monitor-e2e.py", line 344, in monitor_once
  File "/Users/saireddykasthuri/options-monitor/options-flow-monitor-e2e.py", line 155, in fetch_trades
  File "/Users/saireddykasthuri/options-monitor/options-flow-monitor-e2e.py", line 97, in fetch_options_trades_polygon
    except (KeyboardInterrupt, SystemExit):
    ^^^^^^^^^^^^^^^^
  File "/Users/saireddykasthuri/options-monitor/venv/lib/python3.13/site-packages/requests/models.py", line 1026, in raise_for_status
    raise HTTPError(http_error_msg, response=self)
requests.exceptions.HTTPError: 404 Client Error: Not Found for url: https://api.polygon.io/v3/trades/options/TSLA?limit=2000&apiKey=yBvjEbOtJIKJghRd76ZFAHPX8VbkeeAq
2025-09-17 18:56:19,753 [INFO] Job "main.<locals>.<lambda> (trigger: interval[0:15:00], next run at: 2025-09-17 19:11:19 EDT)" executed successfully
2025-09-17 19:11:19,380 [INFO] Running job "main.<locals>.<lambda> (trigger: interval[0:15:00], next run at: 2025-09-17 19:26:19 EDT)" (scheduled at 2025-09-17 19:11:19.370250-04:00)
2025-09-17 19:11:19,381 [INFO] Fetching trades for ORCL
2025-09-17 19:11:19,492 [ERROR] Error processing symbol ORCL: 404 Client Error: Not Found for url: https://api.polygon.io/v3/trades/options/ORCL?limit=2000&apiKey=yBvjEbOtJIKJghRd76ZFAHPX8VbkeeAq
Traceback (most recent call last):
  File "/Users/saireddykasthuri/options-monitor/options-flow-monitor-e2e.py", line 344, in monitor_once
  File "/Users/saireddykasthuri/options-monitor/options-flow-monitor-e2e.py", line 155, in fetch_trades
  File "/Users/saireddykasthuri/options-monitor/options-flow-monitor-e2e.py", line 97, in fetch_options_trades_polygon
    except (KeyboardInterrupt, SystemExit):
    ^^^^^^^^^^^^^^^^
  File "/Users/saireddykasthuri/options-monitor/venv/lib/python3.13/site-packages/requests/models.py", line 1026, in raise_for_status
    raise HTTPError(http_error_msg, response=self)
requests.exceptions.HTTPError: 404 Client Error: Not Found for url: https://api.polygon.io/v3/trades/options/ORCL?limit=2000&apiKey=yBvjEbOtJIKJghRd76ZFAHPX8VbkeeAq
2025-09-17 19:11:19,496 [INFO] Fetching trades for NBIS
2025-09-17 19:11:19,584 [ERROR] Error processing symbol NBIS: 404 Client Error: Not Found for url: https://api.polygon.io/v3/trades/options/NBIS?limit=2000&apiKey=yBvjEbOtJIKJghRd76ZFAHPX8VbkeeAq
Traceback (most recent call last):
  File "/Users/saireddykasthuri/options-monitor/options-flow-monitor-e2e.py", line 344, in monitor_once
  File "/Users/saireddykasthuri/options-monitor/options-flow-monitor-e2e.py", line 155, in fetch_trades
  File "/Users/saireddykasthuri/options-monitor/options-flow-monitor-e2e.py", line 97, in fetch_options_trades_polygon
    except (KeyboardInterrupt, SystemExit):
    ^^^^^^^^^^^^^^^^
  File "/Users/saireddykasthuri/options-monitor/venv/lib/python3.13/site-packages/requests/models.py", line 1026, in raise_for_status
    raise HTTPError(http_error_msg, response=self)
requests.exceptions.HTTPError: 404 Client Error: Not Found for url: https://api.polygon.io/v3/trades/options/NBIS?limit=2000&apiKey=yBvjEbOtJIKJghRd76ZFAHPX8VbkeeAq
2025-09-17 19:11:19,588 [INFO] Fetching trades for AAPL
2025-09-17 19:11:19,669 [ERROR] Error processing symbol AAPL: 404 Client Error: Not Found for url: https://api.polygon.io/v3/trades/options/AAPL?limit=2000&apiKey=yBvjEbOtJIKJghRd76ZFAHPX8VbkeeAq
Traceback (most recent call last):
  File "/Users/saireddykasthuri/options-monitor/options-flow-monitor-e2e.py", line 344, in monitor_once
  File "/Users/saireddykasthuri/options-monitor/options-flow-monitor-e2e.py", line 155, in fetch_trades
  File "/Users/saireddykasthuri/options-monitor/options-flow-monitor-e2e.py", line 97, in fetch_options_trades_polygon
    except (KeyboardInterrupt, SystemExit):
    ^^^^^^^^^^^^^^^^
  File "/Users/saireddykasthuri/options-monitor/venv/lib/python3.13/site-packages/requests/models.py", line 1026, in raise_for_status
    raise HTTPError(http_error_msg, response=self)
requests.exceptions.HTTPError: 404 Client Error: Not Found for url: https://api.polygon.io/v3/trades/options/AAPL?limit=2000&apiKey=yBvjEbOtJIKJghRd76ZFAHPX8VbkeeAq
2025-09-17 19:11:19,674 [INFO] Fetching trades for TSLA
2025-09-17 19:11:19,758 [ERROR] Error processing symbol TSLA: 404 Client Error: Not Found for url: https://api.polygon.io/v3/trades/options/TSLA?limit=2000&apiKey=yBvjEbOtJIKJghRd76ZFAHPX8VbkeeAq
Traceback (most recent call last):
  File "/Users/saireddykasthuri/options-monitor/options-flow-monitor-e2e.py", line 344, in monitor_once
  File "/Users/saireddykasthuri/options-monitor/options-flow-monitor-e2e.py", line 155, in fetch_trades
  File "/Users/saireddykasthuri/options-monitor/options-flow-monitor-e2e.py", line 97, in fetch_options_trades_polygon
    except (KeyboardInterrupt, SystemExit):
    ^^^^^^^^^^^^^^^^
  File "/Users/saireddykasthuri/options-monitor/venv/lib/python3.13/site-packages/requests/models.py", line 1026, in raise_for_status
    raise HTTPError(http_error_msg, response=self)
requests.exceptions.HTTPError: 404 Client Error: Not Found for url: https://api.polygon.io/v3/trades/options/TSLA?limit=2000&apiKey=yBvjEbOtJIKJghRd76ZFAHPX8VbkeeAq
2025-09-17 19:11:19,764 [INFO] Job "main.<locals>.<lambda> (trigger: interval[0:15:00], next run at: 2025-09-17 19:26:19 EDT)" executed successfully
2025-09-17 19:26:19,378 [INFO] Running job "main.<locals>.<lambda> (trigger: interval[0:15:00], next run at: 2025-09-17 19:41:19 EDT)" (scheduled at 2025-09-17 19:26:19.370250-04:00)
2025-09-17 19:26:19,378 [INFO] Fetching trades for ORCL
2025-09-17 19:26:19,494 [ERROR] Error processing symbol ORCL: 404 Client Error: Not Found for url: https://api.polygon.io/v3/trades/options/ORCL?limit=2000&apiKey=yBvjEbOtJIKJghRd76ZFAHPX8VbkeeAq
Traceback (most recent call last):
  File "/Users/saireddykasthuri/options-monitor/options-flow-monitor-e2e.py", line 344, in monitor_once
  File "/Users/saireddykasthuri/options-monitor/options-flow-monitor-e2e.py", line 155, in fetch_trades
  File "/Users/saireddykasthuri/options-monitor/options-flow-monitor-e2e.py", line 97, in fetch_options_trades_polygon
    except (KeyboardInterrupt, SystemExit):
    ^^^^^^^^^^^^^^^^
  File "/Users/saireddykasthuri/options-monitor/venv/lib/python3.13/site-packages/requests/models.py", line 1026, in raise_for_status
    raise HTTPError(http_error_msg, response=self)
requests.exceptions.HTTPError: 404 Client Error: Not Found for url: https://api.polygon.io/v3/trades/options/ORCL?limit=2000&apiKey=yBvjEbOtJIKJghRd76ZFAHPX8VbkeeAq
2025-09-17 19:26:19,498 [INFO] Fetching trades for NBIS
2025-09-17 19:26:19,580 [ERROR] Error processing symbol NBIS: 404 Client Error: Not Found for url: https://api.polygon.io/v3/trades/options/NBIS?limit=2000&apiKey=yBvjEbOtJIKJghRd76ZFAHPX8VbkeeAq
Traceback (most recent call last):
  File "/Users/saireddykasthuri/options-monitor/options-flow-monitor-e2e.py", line 344, in monitor_once
  File "/Users/saireddykasthuri/options-monitor/options-flow-monitor-e2e.py", line 155, in fetch_trades
  File "/Users/saireddykasthuri/options-monitor/options-flow-monitor-e2e.py", line 97, in fetch_options_trades_polygon
    except (KeyboardInterrupt, SystemExit):
    ^^^^^^^^^^^^^^^^
  File "/Users/saireddykasthuri/options-monitor/venv/lib/python3.13/site-packages/requests/models.py", line 1026, in raise_for_status
    raise HTTPError(http_error_msg, response=self)
requests.exceptions.HTTPError: 404 Client Error: Not Found for url: https://api.polygon.io/v3/trades/options/NBIS?limit=2000&apiKey=yBvjEbOtJIKJghRd76ZFAHPX8VbkeeAq
2025-09-17 19:26:19,584 [INFO] Fetching trades for AAPL
2025-09-17 19:26:19,677 [ERROR] Error processing symbol AAPL: 404 Client Error: Not Found for url: https://api.polygon.io/v3/trades/options/AAPL?limit=2000&apiKey=yBvjEbOtJIKJghRd76ZFAHPX8VbkeeAq
Traceback (most recent call last):
  File "/Users/saireddykasthuri/options-monitor/options-flow-monitor-e2e.py", line 344, in monitor_once
  File "/Users/saireddykasthuri/options-monitor/options-flow-monitor-e2e.py", line 155, in fetch_trades
  File "/Users/saireddykasthuri/options-monitor/options-flow-monitor-e2e.py", line 97, in fetch_options_trades_polygon
    except (KeyboardInterrupt, SystemExit):
    ^^^^^^^^^^^^^^^^
  File "/Users/saireddykasthuri/options-monitor/venv/lib/python3.13/site-packages/requests/models.py", line 1026, in raise_for_status
    raise HTTPError(http_error_msg, response=self)
requests.exceptions.HTTPError: 404 Client Error: Not Found for url: https://api.polygon.io/v3/trades/options/AAPL?limit=2000&apiKey=yBvjEbOtJIKJghRd76ZFAHPX8VbkeeAq
2025-09-17 19:26:19,681 [INFO] Fetching trades for TSLA
2025-09-17 19:26:19,778 [ERROR] Error processing symbol TSLA: 404 Client Error: Not Found for url: https://api.polygon.io/v3/trades/options/TSLA?limit=2000&apiKey=yBvjEbOtJIKJghRd76ZFAHPX8VbkeeAq
Traceback (most recent call last):
  File "/Users/saireddykasthuri/options-monitor/options-flow-monitor-e2e.py", line 344, in monitor_once
  File "/Users/saireddykasthuri/options-monitor/options-flow-monitor-e2e.py", line 155, in fetch_trades
  File "/Users/saireddykasthuri/options-monitor/options-flow-monitor-e2e.py", line 97, in fetch_options_trades_polygon
    except (KeyboardInterrupt, SystemExit):
    ^^^^^^^^^^^^^^^^
  File "/Users/saireddykasthuri/options-monitor/venv/lib/python3.13/site-packages/requests/models.py", line 1026, in raise_for_status
    raise HTTPError(http_error_msg, response=self)
requests.exceptions.HTTPError: 404 Client Error: Not Found for url: https://api.polygon.io/v3/trades/options/TSLA?limit=2000&apiKey=yBvjEbOtJIKJghRd76ZFAHPX8VbkeeAq
2025-09-17 19:26:19,783 [INFO] Job "main.<locals>.<lambda> (trigger: interval[0:15:00], next run at: 2025-09-17 19:41:19 EDT)" executed successfully
2025-09-17 19:41:19,376 [INFO] Running job "main.<locals>.<lambda> (trigger: interval[0:15:00], next run at: 2025-09-17 19:56:19 EDT)" (scheduled at 2025-09-17 19:41:19.370250-04:00)
2025-09-17 19:41:19,378 [INFO] Fetching trades for ORCL
2025-09-17 19:41:19,483 [ERROR] Error processing symbol ORCL: 404 Client Error: Not Found for url: https://api.polygon.io/v3/trades/options/ORCL?limit=2000&apiKey=yBvjEbOtJIKJghRd76ZFAHPX8VbkeeAq
Traceback (most recent call last):
  File "/Users/saireddykasthuri/options-monitor/options-flow-monitor-e2e.py", line 344, in monitor_once
  File "/Users/saireddykasthuri/options-monitor/options-flow-monitor-e2e.py", line 155, in fetch_trades
  File "/Users/saireddykasthuri/options-monitor/options-flow-monitor-e2e.py", line 97, in fetch_options_trades_polygon
    except (KeyboardInterrupt, SystemExit):
    ^^^^^^^^^^^^^^^^
  File "/Users/saireddykasthuri/options-monitor/venv/lib/python3.13/site-packages/requests/models.py", line 1026, in raise_for_status
    raise HTTPError(http_error_msg, response=self)
requests.exceptions.HTTPError: 404 Client Error: Not Found for url: https://api.polygon.io/v3/trades/options/ORCL?limit=2000&apiKey=yBvjEbOtJIKJghRd76ZFAHPX8VbkeeAq
2025-09-17 19:41:19,487 [INFO] Fetching trades for NBIS
2025-09-17 19:41:19,572 [ERROR] Error processing symbol NBIS: 404 Client Error: Not Found for url: https://api.polygon.io/v3/trades/options/NBIS?limit=2000&apiKey=yBvjEbOtJIKJghRd76ZFAHPX8VbkeeAq
Traceback (most recent call last):
  File "/Users/saireddykasthuri/options-monitor/options-flow-monitor-e2e.py", line 344, in monitor_once
  File "/Users/saireddykasthuri/options-monitor/options-flow-monitor-e2e.py", line 155, in fetch_trades
  File "/Users/saireddykasthuri/options-monitor/options-flow-monitor-e2e.py", line 97, in fetch_options_trades_polygon
    except (KeyboardInterrupt, SystemExit):
    ^^^^^^^^^^^^^^^^
  File "/Users/saireddykasthuri/options-monitor/venv/lib/python3.13/site-packages/requests/models.py", line 1026, in raise_for_status
    raise HTTPError(http_error_msg, response=self)
requests.exceptions.HTTPError: 404 Client Error: Not Found for url: https://api.polygon.io/v3/trades/options/NBIS?limit=2000&apiKey=yBvjEbOtJIKJghRd76ZFAHPX8VbkeeAq
2025-09-17 19:41:19,575 [INFO] Fetching trades for AAPL
2025-09-17 19:41:19,658 [ERROR] Error processing symbol AAPL: 404 Client Error: Not Found for url: https://api.polygon.io/v3/trades/options/AAPL?limit=2000&apiKey=yBvjEbOtJIKJghRd76ZFAHPX8VbkeeAq
Traceback (most recent call last):
  File "/Users/saireddykasthuri/options-monitor/options-flow-monitor-e2e.py", line 344, in monitor_once
  File "/Users/saireddykasthuri/options-monitor/options-flow-monitor-e2e.py", line 155, in fetch_trades
  File "/Users/saireddykasthuri/options-monitor/options-flow-monitor-e2e.py", line 97, in fetch_options_trades_polygon
    except (KeyboardInterrupt, SystemExit):
    ^^^^^^^^^^^^^^^^
  File "/Users/saireddykasthuri/options-monitor/venv/lib/python3.13/site-packages/requests/models.py", line 1026, in raise_for_status
    raise HTTPError(http_error_msg, response=self)
requests.exceptions.HTTPError: 404 Client Error: Not Found for url: https://api.polygon.io/v3/trades/options/AAPL?limit=2000&apiKey=yBvjEbOtJIKJghRd76ZFAHPX8VbkeeAq
2025-09-17 19:41:19,661 [INFO] Fetching trades for TSLA
2025-09-17 19:41:19,747 [ERROR] Error processing symbol TSLA: 404 Client Error: Not Found for url: https://api.polygon.io/v3/trades/options/TSLA?limit=2000&apiKey=yBvjEbOtJIKJghRd76ZFAHPX8VbkeeAq
Traceback (most recent call last):
  File "/Users/saireddykasthuri/options-monitor/options-flow-monitor-e2e.py", line 344, in monitor_once
  File "/Users/saireddykasthuri/options-monitor/options-flow-monitor-e2e.py", line 155, in fetch_trades
  File "/Users/saireddykasthuri/options-monitor/options-flow-monitor-e2e.py", line 97, in fetch_options_trades_polygon
    except (KeyboardInterrupt, SystemExit):
    ^^^^^^^^^^^^^^^^
  File "/Users/saireddykasthuri/options-monitor/venv/lib/python3.13/site-packages/requests/models.py", line 1026, in raise_for_status
    raise HTTPError(http_error_msg, response=self)
requests.exceptions.HTTPError: 404 Client Error: Not Found for url: https://api.polygon.io/v3/trades/options/TSLA?limit=2000&apiKey=yBvjEbOtJIKJghRd76ZFAHPX8VbkeeAq
2025-09-17 19:41:19,753 [INFO] Job "main.<locals>.<lambda> (trigger: interval[0:15:00], next run at: 2025-09-17 19:56:19 EDT)" executed successfully
2025-09-17 20:57:47,016 [WARNING] Run time of job "main.<locals>.<lambda> (trigger: interval[0:15:00], next run at: 2025-09-17 21:11:19 EDT)" was missed by 0:01:27.646617
2025-09-17 21:18:31,864 [WARNING] Run time of job "main.<locals>.<lambda> (trigger: interval[0:15:00], next run at: 2025-09-17 21:26:19 EDT)" was missed by 0:07:12.494161
2025-09-17 21:26:19,374 [INFO] Running job "main.<locals>.<lambda> (trigger: interval[0:15:00], next run at: 2025-09-17 21:41:19 EDT)" (scheduled at 2025-09-17 21:26:19.370250-04:00)
2025-09-17 21:26:19,377 [INFO] Fetching trades for ORCL
2025-09-17 21:26:19,544 [ERROR] Error processing symbol ORCL: 404 Client Error: Not Found for url: https://api.polygon.io/v3/trades/options/ORCL?limit=2000&apiKey=yBvjEbOtJIKJghRd76ZFAHPX8VbkeeAq
Traceback (most recent call last):
  File "/Users/saireddykasthuri/options-monitor/options-flow-monitor-e2e.py", line 344, in monitor_once
  File "/Users/saireddykasthuri/options-monitor/options-flow-monitor-e2e.py", line 155, in fetch_trades
  File "/Users/saireddykasthuri/options-monitor/options-flow-monitor-e2e.py", line 97, in fetch_options_trades_polygon
    except (KeyboardInterrupt, SystemExit):
    ^^^^^^^^^^^^^^^^
  File "/Users/saireddykasthuri/options-monitor/venv/lib/python3.13/site-packages/requests/models.py", line 1026, in raise_for_status
    raise HTTPError(http_error_msg, response=self)
requests.exceptions.HTTPError: 404 Client Error: Not Found for url: https://api.polygon.io/v3/trades/options/ORCL?limit=2000&apiKey=yBvjEbOtJIKJghRd76ZFAHPX8VbkeeAq
2025-09-17 21:26:19,550 [INFO] Fetching trades for NBIS
2025-09-17 21:26:19,665 [ERROR] Error processing symbol NBIS: 404 Client Error: Not Found for url: https://api.polygon.io/v3/trades/options/NBIS?limit=2000&apiKey=yBvjEbOtJIKJghRd76ZFAHPX8VbkeeAq
Traceback (most recent call last):
  File "/Users/saireddykasthuri/options-monitor/options-flow-monitor-e2e.py", line 344, in monitor_once
  File "/Users/saireddykasthuri/options-monitor/options-flow-monitor-e2e.py", line 155, in fetch_trades
  File "/Users/saireddykasthuri/options-monitor/options-flow-monitor-e2e.py", line 97, in fetch_options_trades_polygon
    except (KeyboardInterrupt, SystemExit):
    ^^^^^^^^^^^^^^^^
  File "/Users/saireddykasthuri/options-monitor/venv/lib/python3.13/site-packages/requests/models.py", line 1026, in raise_for_status
    raise HTTPError(http_error_msg, response=self)
requests.exceptions.HTTPError: 404 Client Error: Not Found for url: https://api.polygon.io/v3/trades/options/NBIS?limit=2000&apiKey=yBvjEbOtJIKJghRd76ZFAHPX8VbkeeAq
2025-09-17 21:26:19,670 [INFO] Fetching trades for AAPL
2025-09-17 21:26:19,789 [ERROR] Error processing symbol AAPL: 404 Client Error: Not Found for url: https://api.polygon.io/v3/trades/options/AAPL?limit=2000&apiKey=yBvjEbOtJIKJghRd76ZFAHPX8VbkeeAq
Traceback (most recent call last):
  File "/Users/saireddykasthuri/options-monitor/options-flow-monitor-e2e.py", line 344, in monitor_once
  File "/Users/saireddykasthuri/options-monitor/options-flow-monitor-e2e.py", line 155, in fetch_trades
  File "/Users/saireddykasthuri/options-monitor/options-flow-monitor-e2e.py", line 97, in fetch_options_trades_polygon
    except (KeyboardInterrupt, SystemExit):
    ^^^^^^^^^^^^^^^^
  File "/Users/saireddykasthuri/options-monitor/venv/lib/python3.13/site-packages/requests/models.py", line 1026, in raise_for_status
    raise HTTPError(http_error_msg, response=self)
requests.exceptions.HTTPError: 404 Client Error: Not Found for url: https://api.polygon.io/v3/trades/options/AAPL?limit=2000&apiKey=yBvjEbOtJIKJghRd76ZFAHPX8VbkeeAq
2025-09-17 21:26:19,793 [INFO] Fetching trades for TSLA
2025-09-17 21:26:19,926 [ERROR] Error processing symbol TSLA: 404 Client Error: Not Found for url: https://api.polygon.io/v3/trades/options/TSLA?limit=2000&apiKey=yBvjEbOtJIKJghRd76ZFAHPX8VbkeeAq
Traceback (most recent call last):
  File "/Users/saireddykasthuri/options-monitor/options-flow-monitor-e2e.py", line 344, in monitor_once
  File "/Users/saireddykasthuri/options-monitor/options-flow-monitor-e2e.py", line 155, in fetch_trades
  File "/Users/saireddykasthuri/options-monitor/options-flow-monitor-e2e.py", line 97, in fetch_options_trades_polygon
    except (KeyboardInterrupt, SystemExit):
    ^^^^^^^^^^^^^^^^
  File "/Users/saireddykasthuri/options-monitor/venv/lib/python3.13/site-packages/requests/models.py", line 1026, in raise_for_status
    raise HTTPError(http_error_msg, response=self)
requests.exceptions.HTTPError: 404 Client Error: Not Found for url: https://api.polygon.io/v3/trades/options/TSLA?limit=2000&apiKey=yBvjEbOtJIKJghRd76ZFAHPX8VbkeeAq
2025-09-17 21:26:19,929 [INFO] Job "main.<locals>.<lambda> (trigger: interval[0:15:00], next run at: 2025-09-17 21:41:19 EDT)" executed successfully
2025-09-17 21:41:19,379 [INFO] Running job "main.<locals>.<lambda> (trigger: interval[0:15:00], next run at: 2025-09-17 21:56:19 EDT)" (scheduled at 2025-09-17 21:41:19.370250-04:00)
2025-09-17 21:41:19,382 [INFO] Fetching trades for ORCL
2025-09-17 21:41:19,513 [ERROR] Error processing symbol ORCL: 404 Client Error: Not Found for url: https://api.polygon.io/v3/trades/options/ORCL?limit=2000&apiKey=yBvjEbOtJIKJghRd76ZFAHPX8VbkeeAq
Traceback (most recent call last):
  File "/Users/saireddykasthuri/options-monitor/options-flow-monitor-e2e.py", line 344, in monitor_once
  File "/Users/saireddykasthuri/options-monitor/options-flow-monitor-e2e.py", line 155, in fetch_trades
  File "/Users/saireddykasthuri/options-monitor/options-flow-monitor-e2e.py", line 97, in fetch_options_trades_polygon
    except (KeyboardInterrupt, SystemExit):
    ^^^^^^^^^^^^^^^^
  File "/Users/saireddykasthuri/options-monitor/venv/lib/python3.13/site-packages/requests/models.py", line 1026, in raise_for_status
    raise HTTPError(http_error_msg, response=self)
requests.exceptions.HTTPError: 404 Client Error: Not Found for url: https://api.polygon.io/v3/trades/options/ORCL?limit=2000&apiKey=yBvjEbOtJIKJghRd76ZFAHPX8VbkeeAq
2025-09-17 21:41:19,522 [INFO] Fetching trades for NBIS
2025-09-17 21:41:19,606 [ERROR] Error processing symbol NBIS: 404 Client Error: Not Found for url: https://api.polygon.io/v3/trades/options/NBIS?limit=2000&apiKey=yBvjEbOtJIKJghRd76ZFAHPX8VbkeeAq
Traceback (most recent call last):
  File "/Users/saireddykasthuri/options-monitor/options-flow-monitor-e2e.py", line 344, in monitor_once
  File "/Users/saireddykasthuri/options-monitor/options-flow-monitor-e2e.py", line 155, in fetch_trades
  File "/Users/saireddykasthuri/options-monitor/options-flow-monitor-e2e.py", line 97, in fetch_options_trades_polygon
    except (KeyboardInterrupt, SystemExit):
    ^^^^^^^^^^^^^^^^
  File "/Users/saireddykasthuri/options-monitor/venv/lib/python3.13/site-packages/requests/models.py", line 1026, in raise_for_status
    raise HTTPError(http_error_msg, response=self)
requests.exceptions.HTTPError: 404 Client Error: Not Found for url: https://api.polygon.io/v3/trades/options/NBIS?limit=2000&apiKey=yBvjEbOtJIKJghRd76ZFAHPX8VbkeeAq
2025-09-17 21:41:19,612 [INFO] Fetching trades for AAPL
2025-09-17 21:41:19,696 [ERROR] Error processing symbol AAPL: 404 Client Error: Not Found for url: https://api.polygon.io/v3/trades/options/AAPL?limit=2000&apiKey=yBvjEbOtJIKJghRd76ZFAHPX8VbkeeAq
Traceback (most recent call last):
  File "/Users/saireddykasthuri/options-monitor/options-flow-monitor-e2e.py", line 344, in monitor_once
  File "/Users/saireddykasthuri/options-monitor/options-flow-monitor-e2e.py", line 155, in fetch_trades
  File "/Users/saireddykasthuri/options-monitor/options-flow-monitor-e2e.py", line 97, in fetch_options_trades_polygon
    except (KeyboardInterrupt, SystemExit):
    ^^^^^^^^^^^^^^^^
  File "/Users/saireddykasthuri/options-monitor/venv/lib/python3.13/site-packages/requests/models.py", line 1026, in raise_for_status
    raise HTTPError(http_error_msg, response=self)
requests.exceptions.HTTPError: 404 Client Error: Not Found for url: https://api.polygon.io/v3/trades/options/AAPL?limit=2000&apiKey=yBvjEbOtJIKJghRd76ZFAHPX8VbkeeAq
2025-09-17 21:41:19,703 [INFO] Fetching trades for TSLA
2025-09-17 21:41:19,796 [ERROR] Error processing symbol TSLA: 404 Client Error: Not Found for url: https://api.polygon.io/v3/trades/options/TSLA?limit=2000&apiKey=yBvjEbOtJIKJghRd76ZFAHPX8VbkeeAq
Traceback (most recent call last):
  File "/Users/saireddykasthuri/options-monitor/options-flow-monitor-e2e.py", line 344, in monitor_once
  File "/Users/saireddykasthuri/options-monitor/options-flow-monitor-e2e.py", line 155, in fetch_trades
  File "/Users/saireddykasthuri/options-monitor/options-flow-monitor-e2e.py", line 97, in fetch_options_trades_polygon
    except (KeyboardInterrupt, SystemExit):
    ^^^^^^^^^^^^^^^^
  File "/Users/saireddykasthuri/options-monitor/venv/lib/python3.13/site-packages/requests/models.py", line 1026, in raise_for_status
    raise HTTPError(http_error_msg, response=self)
requests.exceptions.HTTPError: 404 Client Error: Not Found for url: https://api.polygon.io/v3/trades/options/TSLA?limit=2000&apiKey=yBvjEbOtJIKJghRd76ZFAHPX8VbkeeAq
2025-09-17 21:41:19,802 [INFO] Job "main.<locals>.<lambda> (trigger: interval[0:15:00], next run at: 2025-09-17 21:56:19 EDT)" executed successfully
2025-09-17 21:56:19,373 [INFO] Running job "main.<locals>.<lambda> (trigger: interval[0:15:00], next run at: 2025-09-17 22:11:19 EDT)" (scheduled at 2025-09-17 21:56:19.370250-04:00)
2025-09-17 21:56:19,377 [INFO] Fetching trades for ORCL
2025-09-17 21:56:19,491 [ERROR] Error processing symbol ORCL: 404 Client Error: Not Found for url: https://api.polygon.io/v3/trades/options/ORCL?limit=2000&apiKey=yBvjEbOtJIKJghRd76ZFAHPX8VbkeeAq
Traceback (most recent call last):
  File "/Users/saireddykasthuri/options-monitor/options-flow-monitor-e2e.py", line 344, in monitor_once
  File "/Users/saireddykasthuri/options-monitor/options-flow-monitor-e2e.py", line 155, in fetch_trades
  File "/Users/saireddykasthuri/options-monitor/options-flow-monitor-e2e.py", line 97, in fetch_options_trades_polygon
    except (KeyboardInterrupt, SystemExit):
    ^^^^^^^^^^^^^^^^
  File "/Users/saireddykasthuri/options-monitor/venv/lib/python3.13/site-packages/requests/models.py", line 1026, in raise_for_status
    raise HTTPError(http_error_msg, response=self)
requests.exceptions.HTTPError: 404 Client Error: Not Found for url: https://api.polygon.io/v3/trades/options/ORCL?limit=2000&apiKey=yBvjEbOtJIKJghRd76ZFAHPX8VbkeeAq
2025-09-17 21:56:19,496 [INFO] Fetching trades for NBIS
2025-09-17 21:56:19,587 [ERROR] Error processing symbol NBIS: 404 Client Error: Not Found for url: https://api.polygon.io/v3/trades/options/NBIS?limit=2000&apiKey=yBvjEbOtJIKJghRd76ZFAHPX8VbkeeAq
Traceback (most recent call last):
  File "/Users/saireddykasthuri/options-monitor/options-flow-monitor-e2e.py", line 344, in monitor_once
  File "/Users/saireddykasthuri/options-monitor/options-flow-monitor-e2e.py", line 155, in fetch_trades
  File "/Users/saireddykasthuri/options-monitor/options-flow-monitor-e2e.py", line 97, in fetch_options_trades_polygon
    except (KeyboardInterrupt, SystemExit):
    ^^^^^^^^^^^^^^^^
  File "/Users/saireddykasthuri/options-monitor/venv/lib/python3.13/site-packages/requests/models.py", line 1026, in raise_for_status
    raise HTTPError(http_error_msg, response=self)
requests.exceptions.HTTPError: 404 Client Error: Not Found for url: https://api.polygon.io/v3/trades/options/NBIS?limit=2000&apiKey=yBvjEbOtJIKJghRd76ZFAHPX8VbkeeAq
2025-09-17 21:56:19,591 [INFO] Fetching trades for AAPL
2025-09-17 21:56:19,686 [ERROR] Error processing symbol AAPL: 404 Client Error: Not Found for url: https://api.polygon.io/v3/trades/options/AAPL?limit=2000&apiKey=yBvjEbOtJIKJghRd76ZFAHPX8VbkeeAq
Traceback (most recent call last):
  File "/Users/saireddykasthuri/options-monitor/options-flow-monitor-e2e.py", line 344, in monitor_once
  File "/Users/saireddykasthuri/options-monitor/options-flow-monitor-e2e.py", line 155, in fetch_trades
  File "/Users/saireddykasthuri/options-monitor/options-flow-monitor-e2e.py", line 97, in fetch_options_trades_polygon
    except (KeyboardInterrupt, SystemExit):
    ^^^^^^^^^^^^^^^^
  File "/Users/saireddykasthuri/options-monitor/venv/lib/python3.13/site-packages/requests/models.py", line 1026, in raise_for_status
    raise HTTPError(http_error_msg, response=self)
requests.exceptions.HTTPError: 404 Client Error: Not Found for url: https://api.polygon.io/v3/trades/options/AAPL?limit=2000&apiKey=yBvjEbOtJIKJghRd76ZFAHPX8VbkeeAq
2025-09-17 21:56:19,690 [INFO] Fetching trades for TSLA
2025-09-17 21:56:19,774 [ERROR] Error processing symbol TSLA: 404 Client Error: Not Found for url: https://api.polygon.io/v3/trades/options/TSLA?limit=2000&apiKey=yBvjEbOtJIKJghRd76ZFAHPX8VbkeeAq
Traceback (most recent call last):
  File "/Users/saireddykasthuri/options-monitor/options-flow-monitor-e2e.py", line 344, in monitor_once
  File "/Users/saireddykasthuri/options-monitor/options-flow-monitor-e2e.py", line 155, in fetch_trades
  File "/Users/saireddykasthuri/options-monitor/options-flow-monitor-e2e.py", line 97, in fetch_options_trades_polygon
    except (KeyboardInterrupt, SystemExit):
    ^^^^^^^^^^^^^^^^
  File "/Users/saireddykasthuri/options-monitor/venv/lib/python3.13/site-packages/requests/models.py", line 1026, in raise_for_status
    raise HTTPError(http_error_msg, response=self)
requests.exceptions.HTTPError: 404 Client Error: Not Found for url: https://api.polygon.io/v3/trades/options/TSLA?limit=2000&apiKey=yBvjEbOtJIKJghRd76ZFAHPX8VbkeeAq
2025-09-17 21:56:19,778 [INFO] Job "main.<locals>.<lambda> (trigger: interval[0:15:00], next run at: 2025-09-17 22:11:19 EDT)" executed successfully
2025-09-17 22:11:19,373 [INFO] Running job "main.<locals>.<lambda> (trigger: interval[0:15:00], next run at: 2025-09-17 22:26:19 EDT)" (scheduled at 2025-09-17 22:11:19.370250-04:00)
2025-09-17 22:11:19,376 [INFO] Fetching trades for ORCL
2025-09-17 22:11:19,483 [ERROR] Error processing symbol ORCL: 404 Client Error: Not Found for url: https://api.polygon.io/v3/trades/options/ORCL?limit=2000&apiKey=yBvjEbOtJIKJghRd76ZFAHPX8VbkeeAq
Traceback (most recent call last):
  File "/Users/saireddykasthuri/options-monitor/options-flow-monitor-e2e.py", line 344, in monitor_once
  File "/Users/saireddykasthuri/options-monitor/options-flow-monitor-e2e.py", line 155, in fetch_trades
  File "/Users/saireddykasthuri/options-monitor/options-flow-monitor-e2e.py", line 97, in fetch_options_trades_polygon
    except (KeyboardInterrupt, SystemExit):
    ^^^^^^^^^^^^^^^^
  File "/Users/saireddykasthuri/options-monitor/venv/lib/python3.13/site-packages/requests/models.py", line 1026, in raise_for_status
    raise HTTPError(http_error_msg, response=self)
requests.exceptions.HTTPError: 404 Client Error: Not Found for url: https://api.polygon.io/v3/trades/options/ORCL?limit=2000&apiKey=yBvjEbOtJIKJghRd76ZFAHPX8VbkeeAq
2025-09-17 22:11:19,488 [INFO] Fetching trades for NBIS
2025-09-17 22:11:19,577 [ERROR] Error processing symbol NBIS: 404 Client Error: Not Found for url: https://api.polygon.io/v3/trades/options/NBIS?limit=2000&apiKey=yBvjEbOtJIKJghRd76ZFAHPX8VbkeeAq
Traceback (most recent call last):
  File "/Users/saireddykasthuri/options-monitor/options-flow-monitor-e2e.py", line 344, in monitor_once
  File "/Users/saireddykasthuri/options-monitor/options-flow-monitor-e2e.py", line 155, in fetch_trades
  File "/Users/saireddykasthuri/options-monitor/options-flow-monitor-e2e.py", line 97, in fetch_options_trades_polygon
    except (KeyboardInterrupt, SystemExit):
    ^^^^^^^^^^^^^^^^
  File "/Users/saireddykasthuri/options-monitor/venv/lib/python3.13/site-packages/requests/models.py", line 1026, in raise_for_status
    raise HTTPError(http_error_msg, response=self)
requests.exceptions.HTTPError: 404 Client Error: Not Found for url: https://api.polygon.io/v3/trades/options/NBIS?limit=2000&apiKey=yBvjEbOtJIKJghRd76ZFAHPX8VbkeeAq
2025-09-17 22:11:19,582 [INFO] Fetching trades for AAPL
2025-09-17 22:11:19,671 [ERROR] Error processing symbol AAPL: 404 Client Error: Not Found for url: https://api.polygon.io/v3/trades/options/AAPL?limit=2000&apiKey=yBvjEbOtJIKJghRd76ZFAHPX8VbkeeAq
Traceback (most recent call last):
  File "/Users/saireddykasthuri/options-monitor/options-flow-monitor-e2e.py", line 344, in monitor_once
  File "/Users/saireddykasthuri/options-monitor/options-flow-monitor-e2e.py", line 155, in fetch_trades
  File "/Users/saireddykasthuri/options-monitor/options-flow-monitor-e2e.py", line 97, in fetch_options_trades_polygon
    except (KeyboardInterrupt, SystemExit):
    ^^^^^^^^^^^^^^^^
  File "/Users/saireddykasthuri/options-monitor/venv/lib/python3.13/site-packages/requests/models.py", line 1026, in raise_for_status
    raise HTTPError(http_error_msg, response=self)
requests.exceptions.HTTPError: 404 Client Error: Not Found for url: https://api.polygon.io/v3/trades/options/AAPL?limit=2000&apiKey=yBvjEbOtJIKJghRd76ZFAHPX8VbkeeAq
2025-09-17 22:11:19,676 [INFO] Fetching trades for TSLA
2025-09-17 22:11:19,765 [ERROR] Error processing symbol TSLA: 404 Client Error: Not Found for url: https://api.polygon.io/v3/trades/options/TSLA?limit=2000&apiKey=yBvjEbOtJIKJghRd76ZFAHPX8VbkeeAq
Traceback (most recent call last):
  File "/Users/saireddykasthuri/options-monitor/options-flow-monitor-e2e.py", line 344, in monitor_once
  File "/Users/saireddykasthuri/options-monitor/options-flow-monitor-e2e.py", line 155, in fetch_trades
  File "/Users/saireddykasthuri/options-monitor/options-flow-monitor-e2e.py", line 97, in fetch_options_trades_polygon
    except (KeyboardInterrupt, SystemExit):
    ^^^^^^^^^^^^^^^^
  File "/Users/saireddykasthuri/options-monitor/venv/lib/python3.13/site-packages/requests/models.py", line 1026, in raise_for_status
    raise HTTPError(http_error_msg, response=self)
requests.exceptions.HTTPError: 404 Client Error: Not Found for url: https://api.polygon.io/v3/trades/options/TSLA?limit=2000&apiKey=yBvjEbOtJIKJghRd76ZFAHPX8VbkeeAq
2025-09-17 22:11:19,770 [INFO] Job "main.<locals>.<lambda> (trigger: interval[0:15:00], next run at: 2025-09-17 22:26:19 EDT)" executed successfully
2025-09-17 22:26:19,386 [INFO] Running job "main.<locals>.<lambda> (trigger: interval[0:15:00], next run at: 2025-09-17 22:41:19 EDT)" (scheduled at 2025-09-17 22:26:19.370250-04:00)
2025-09-17 22:26:19,389 [INFO] Fetching trades for ORCL
2025-09-17 22:26:19,511 [ERROR] Error processing symbol ORCL: 404 Client Error: Not Found for url: https://api.polygon.io/v3/trades/options/ORCL?limit=2000&apiKey=yBvjEbOtJIKJghRd76ZFAHPX8VbkeeAq
Traceback (most recent call last):
  File "/Users/saireddykasthuri/options-monitor/options-flow-monitor-e2e.py", line 344, in monitor_once
  File "/Users/saireddykasthuri/options-monitor/options-flow-monitor-e2e.py", line 155, in fetch_trades
  File "/Users/saireddykasthuri/options-monitor/options-flow-monitor-e2e.py", line 97, in fetch_options_trades_polygon
    except (KeyboardInterrupt, SystemExit):
    ^^^^^^^^^^^^^^^^
  File "/Users/saireddykasthuri/options-monitor/venv/lib/python3.13/site-packages/requests/models.py", line 1026, in raise_for_status
    raise HTTPError(http_error_msg, response=self)
requests.exceptions.HTTPError: 404 Client Error: Not Found for url: https://api.polygon.io/v3/trades/options/ORCL?limit=2000&apiKey=yBvjEbOtJIKJghRd76ZFAHPX8VbkeeAq
2025-09-17 22:26:19,517 [INFO] Fetching trades for NBIS
2025-09-17 22:26:19,601 [ERROR] Error processing symbol NBIS: 404 Client Error: Not Found for url: https://api.polygon.io/v3/trades/options/NBIS?limit=2000&apiKey=yBvjEbOtJIKJghRd76ZFAHPX8VbkeeAq
Traceback (most recent call last):
  File "/Users/saireddykasthuri/options-monitor/options-flow-monitor-e2e.py", line 344, in monitor_once
  File "/Users/saireddykasthuri/options-monitor/options-flow-monitor-e2e.py", line 155, in fetch_trades
  File "/Users/saireddykasthuri/options-monitor/options-flow-monitor-e2e.py", line 97, in fetch_options_trades_polygon
    except (KeyboardInterrupt, SystemExit):
    ^^^^^^^^^^^^^^^^
  File "/Users/saireddykasthuri/options-monitor/venv/lib/python3.13/site-packages/requests/models.py", line 1026, in raise_for_status
    raise HTTPError(http_error_msg, response=self)
requests.exceptions.HTTPError: 404 Client Error: Not Found for url: https://api.polygon.io/v3/trades/options/NBIS?limit=2000&apiKey=yBvjEbOtJIKJghRd76ZFAHPX8VbkeeAq
2025-09-17 22:26:19,606 [INFO] Fetching trades for AAPL
2025-09-17 22:26:19,704 [ERROR] Error processing symbol AAPL: 404 Client Error: Not Found for url: https://api.polygon.io/v3/trades/options/AAPL?limit=2000&apiKey=yBvjEbOtJIKJghRd76ZFAHPX8VbkeeAq
Traceback (most recent call last):
  File "/Users/saireddykasthuri/options-monitor/options-flow-monitor-e2e.py", line 344, in monitor_once
  File "/Users/saireddykasthuri/options-monitor/options-flow-monitor-e2e.py", line 155, in fetch_trades
  File "/Users/saireddykasthuri/options-monitor/options-flow-monitor-e2e.py", line 97, in fetch_options_trades_polygon
    except (KeyboardInterrupt, SystemExit):
    ^^^^^^^^^^^^^^^^
  File "/Users/saireddykasthuri/options-monitor/venv/lib/python3.13/site-packages/requests/models.py", line 1026, in raise_for_status
    raise HTTPError(http_error_msg, response=self)
requests.exceptions.HTTPError: 404 Client Error: Not Found for url: https://api.polygon.io/v3/trades/options/AAPL?limit=2000&apiKey=yBvjEbOtJIKJghRd76ZFAHPX8VbkeeAq
2025-09-17 22:26:19,709 [INFO] Fetching trades for TSLA
2025-09-17 22:26:19,795 [ERROR] Error processing symbol TSLA: 404 Client Error: Not Found for url: https://api.polygon.io/v3/trades/options/TSLA?limit=2000&apiKey=yBvjEbOtJIKJghRd76ZFAHPX8VbkeeAq
Traceback (most recent call last):
  File "/Users/saireddykasthuri/options-monitor/options-flow-monitor-e2e.py", line 344, in monitor_once
  File "/Users/saireddykasthuri/options-monitor/options-flow-monitor-e2e.py", line 155, in fetch_trades
  File "/Users/saireddykasthuri/options-monitor/options-flow-monitor-e2e.py", line 97, in fetch_options_trades_polygon
    except (KeyboardInterrupt, SystemExit):
    ^^^^^^^^^^^^^^^^
  File "/Users/saireddykasthuri/options-monitor/venv/lib/python3.13/site-packages/requests/models.py", line 1026, in raise_for_status
    raise HTTPError(http_error_msg, response=self)
requests.exceptions.HTTPError: 404 Client Error: Not Found for url: https://api.polygon.io/v3/trades/options/TSLA?limit=2000&apiKey=yBvjEbOtJIKJghRd76ZFAHPX8VbkeeAq
2025-09-17 22:26:19,804 [INFO] Job "main.<locals>.<lambda> (trigger: interval[0:15:00], next run at: 2025-09-17 22:41:19 EDT)" executed successfully
2025-09-17 22:41:19,381 [INFO] Running job "main.<locals>.<lambda> (trigger: interval[0:15:00], next run at: 2025-09-17 22:56:19 EDT)" (scheduled at 2025-09-17 22:41:19.370250-04:00)
2025-09-17 22:41:19,387 [INFO] Fetching trades for ORCL
2025-09-17 22:41:19,500 [ERROR] Error processing symbol ORCL: 404 Client Error: Not Found for url: https://api.polygon.io/v3/trades/options/ORCL?limit=2000&apiKey=yBvjEbOtJIKJghRd76ZFAHPX8VbkeeAq
Traceback (most recent call last):
  File "/Users/saireddykasthuri/options-monitor/options-flow-monitor-e2e.py", line 344, in monitor_once
  File "/Users/saireddykasthuri/options-monitor/options-flow-monitor-e2e.py", line 155, in fetch_trades
  File "/Users/saireddykasthuri/options-monitor/options-flow-monitor-e2e.py", line 97, in fetch_options_trades_polygon
    except (KeyboardInterrupt, SystemExit):
    ^^^^^^^^^^^^^^^^
  File "/Users/saireddykasthuri/options-monitor/venv/lib/python3.13/site-packages/requests/models.py", line 1026, in raise_for_status
    raise HTTPError(http_error_msg, response=self)
requests.exceptions.HTTPError: 404 Client Error: Not Found for url: https://api.polygon.io/v3/trades/options/ORCL?limit=2000&apiKey=yBvjEbOtJIKJghRd76ZFAHPX8VbkeeAq
2025-09-17 22:41:19,516 [INFO] Fetching trades for NBIS
2025-09-17 22:41:19,614 [ERROR] Error processing symbol NBIS: 404 Client Error: Not Found for url: https://api.polygon.io/v3/trades/options/NBIS?limit=2000&apiKey=yBvjEbOtJIKJghRd76ZFAHPX8VbkeeAq
Traceback (most recent call last):
  File "/Users/saireddykasthuri/options-monitor/options-flow-monitor-e2e.py", line 344, in monitor_once
  File "/Users/saireddykasthuri/options-monitor/options-flow-monitor-e2e.py", line 155, in fetch_trades
  File "/Users/saireddykasthuri/options-monitor/options-flow-monitor-e2e.py", line 97, in fetch_options_trades_polygon
    except (KeyboardInterrupt, SystemExit):
    ^^^^^^^^^^^^^^^^
  File "/Users/saireddykasthuri/options-monitor/venv/lib/python3.13/site-packages/requests/models.py", line 1026, in raise_for_status
    raise HTTPError(http_error_msg, response=self)
requests.exceptions.HTTPError: 404 Client Error: Not Found for url: https://api.polygon.io/v3/trades/options/NBIS?limit=2000&apiKey=yBvjEbOtJIKJghRd76ZFAHPX8VbkeeAq
2025-09-17 22:41:19,618 [INFO] Fetching trades for AAPL
2025-09-17 22:41:19,720 [ERROR] Error processing symbol AAPL: 404 Client Error: Not Found for url: https://api.polygon.io/v3/trades/options/AAPL?limit=2000&apiKey=yBvjEbOtJIKJghRd76ZFAHPX8VbkeeAq
Traceback (most recent call last):
  File "/Users/saireddykasthuri/options-monitor/options-flow-monitor-e2e.py", line 344, in monitor_once
  File "/Users/saireddykasthuri/options-monitor/options-flow-monitor-e2e.py", line 155, in fetch_trades
  File "/Users/saireddykasthuri/options-monitor/options-flow-monitor-e2e.py", line 97, in fetch_options_trades_polygon
    except (KeyboardInterrupt, SystemExit):
    ^^^^^^^^^^^^^^^^
  File "/Users/saireddykasthuri/options-monitor/venv/lib/python3.13/site-packages/requests/models.py", line 1026, in raise_for_status
    raise HTTPError(http_error_msg, response=self)
requests.exceptions.HTTPError: 404 Client Error: Not Found for url: https://api.polygon.io/v3/trades/options/AAPL?limit=2000&apiKey=yBvjEbOtJIKJghRd76ZFAHPX8VbkeeAq
2025-09-17 22:41:19,726 [INFO] Fetching trades for TSLA
2025-09-17 22:41:19,821 [ERROR] Error processing symbol TSLA: 404 Client Error: Not Found for url: https://api.polygon.io/v3/trades/options/TSLA?limit=2000&apiKey=yBvjEbOtJIKJghRd76ZFAHPX8VbkeeAq
Traceback (most recent call last):
  File "/Users/saireddykasthuri/options-monitor/options-flow-monitor-e2e.py", line 344, in monitor_once
  File "/Users/saireddykasthuri/options-monitor/options-flow-monitor-e2e.py", line 155, in fetch_trades
  File "/Users/saireddykasthuri/options-monitor/options-flow-monitor-e2e.py", line 97, in fetch_options_trades_polygon
    except (KeyboardInterrupt, SystemExit):
    ^^^^^^^^^^^^^^^^
  File "/Users/saireddykasthuri/options-monitor/venv/lib/python3.13/site-packages/requests/models.py", line 1026, in raise_for_status
    raise HTTPError(http_error_msg, response=self)
requests.exceptions.HTTPError: 404 Client Error: Not Found for url: https://api.polygon.io/v3/trades/options/TSLA?limit=2000&apiKey=yBvjEbOtJIKJghRd76ZFAHPX8VbkeeAq
2025-09-17 22:41:19,826 [INFO] Job "main.<locals>.<lambda> (trigger: interval[0:15:00], next run at: 2025-09-17 22:56:19 EDT)" executed successfully
2025-09-17 22:56:19,377 [INFO] Running job "main.<locals>.<lambda> (trigger: interval[0:15:00], next run at: 2025-09-17 23:11:19 EDT)" (scheduled at 2025-09-17 22:56:19.370250-04:00)
2025-09-17 22:56:19,380 [INFO] Fetching trades for ORCL
2025-09-17 22:56:19,497 [ERROR] Error processing symbol ORCL: 404 Client Error: Not Found for url: https://api.polygon.io/v3/trades/options/ORCL?limit=2000&apiKey=yBvjEbOtJIKJghRd76ZFAHPX8VbkeeAq
Traceback (most recent call last):
  File "/Users/saireddykasthuri/options-monitor/options-flow-monitor-e2e.py", line 344, in monitor_once
  File "/Users/saireddykasthuri/options-monitor/options-flow-monitor-e2e.py", line 155, in fetch_trades
  File "/Users/saireddykasthuri/options-monitor/options-flow-monitor-e2e.py", line 97, in fetch_options_trades_polygon
    except (KeyboardInterrupt, SystemExit):
    ^^^^^^^^^^^^^^^^
  File "/Users/saireddykasthuri/options-monitor/venv/lib/python3.13/site-packages/requests/models.py", line 1026, in raise_for_status
    raise HTTPError(http_error_msg, response=self)
requests.exceptions.HTTPError: 404 Client Error: Not Found for url: https://api.polygon.io/v3/trades/options/ORCL?limit=2000&apiKey=yBvjEbOtJIKJghRd76ZFAHPX8VbkeeAq
2025-09-17 22:56:19,503 [INFO] Fetching trades for NBIS
2025-09-17 22:56:19,595 [ERROR] Error processing symbol NBIS: 404 Client Error: Not Found for url: https://api.polygon.io/v3/trades/options/NBIS?limit=2000&apiKey=yBvjEbOtJIKJghRd76ZFAHPX8VbkeeAq
Traceback (most recent call last):
  File "/Users/saireddykasthuri/options-monitor/options-flow-monitor-e2e.py", line 344, in monitor_once
  File "/Users/saireddykasthuri/options-monitor/options-flow-monitor-e2e.py", line 155, in fetch_trades
  File "/Users/saireddykasthuri/options-monitor/options-flow-monitor-e2e.py", line 97, in fetch_options_trades_polygon
    except (KeyboardInterrupt, SystemExit):
    ^^^^^^^^^^^^^^^^
  File "/Users/saireddykasthuri/options-monitor/venv/lib/python3.13/site-packages/requests/models.py", line 1026, in raise_for_status
    raise HTTPError(http_error_msg, response=self)
requests.exceptions.HTTPError: 404 Client Error: Not Found for url: https://api.polygon.io/v3/trades/options/NBIS?limit=2000&apiKey=yBvjEbOtJIKJghRd76ZFAHPX8VbkeeAq
2025-09-17 22:56:19,601 [INFO] Fetching trades for AAPL
2025-09-17 22:56:19,699 [ERROR] Error processing symbol AAPL: 404 Client Error: Not Found for url: https://api.polygon.io/v3/trades/options/AAPL?limit=2000&apiKey=yBvjEbOtJIKJghRd76ZFAHPX8VbkeeAq
Traceback (most recent call last):
  File "/Users/saireddykasthuri/options-monitor/options-flow-monitor-e2e.py", line 344, in monitor_once
  File "/Users/saireddykasthuri/options-monitor/options-flow-monitor-e2e.py", line 155, in fetch_trades
  File "/Users/saireddykasthuri/options-monitor/options-flow-monitor-e2e.py", line 97, in fetch_options_trades_polygon
    except (KeyboardInterrupt, SystemExit):
    ^^^^^^^^^^^^^^^^
  File "/Users/saireddykasthuri/options-monitor/venv/lib/python3.13/site-packages/requests/models.py", line 1026, in raise_for_status
    raise HTTPError(http_error_msg, response=self)
requests.exceptions.HTTPError: 404 Client Error: Not Found for url: https://api.polygon.io/v3/trades/options/AAPL?limit=2000&apiKey=yBvjEbOtJIKJghRd76ZFAHPX8VbkeeAq
2025-09-17 22:56:19,705 [INFO] Fetching trades for TSLA
2025-09-17 22:56:19,803 [ERROR] Error processing symbol TSLA: 404 Client Error: Not Found for url: https://api.polygon.io/v3/trades/options/TSLA?limit=2000&apiKey=yBvjEbOtJIKJghRd76ZFAHPX8VbkeeAq
Traceback (most recent call last):
  File "/Users/saireddykasthuri/options-monitor/options-flow-monitor-e2e.py", line 344, in monitor_once
  File "/Users/saireddykasthuri/options-monitor/options-flow-monitor-e2e.py", line 155, in fetch_trades
  File "/Users/saireddykasthuri/options-monitor/options-flow-monitor-e2e.py", line 97, in fetch_options_trades_polygon
    except (KeyboardInterrupt, SystemExit):
    ^^^^^^^^^^^^^^^^
  File "/Users/saireddykasthuri/options-monitor/venv/lib/python3.13/site-packages/requests/models.py", line 1026, in raise_for_status
    raise HTTPError(http_error_msg, response=self)
requests.exceptions.HTTPError: 404 Client Error: Not Found for url: https://api.polygon.io/v3/trades/options/TSLA?limit=2000&apiKey=yBvjEbOtJIKJghRd76ZFAHPX8VbkeeAq
2025-09-17 22:56:19,810 [INFO] Job "main.<locals>.<lambda> (trigger: interval[0:15:00], next run at: 2025-09-17 23:11:19 EDT)" executed successfully
2025-09-17 23:11:19,379 [INFO] Running job "main.<locals>.<lambda> (trigger: interval[0:15:00], next run at: 2025-09-17 23:26:19 EDT)" (scheduled at 2025-09-17 23:11:19.370250-04:00)
2025-09-17 23:11:19,382 [INFO] Fetching trades for ORCL
2025-09-17 23:11:19,484 [ERROR] Error processing symbol ORCL: 404 Client Error: Not Found for url: https://api.polygon.io/v3/trades/options/ORCL?limit=2000&apiKey=yBvjEbOtJIKJghRd76ZFAHPX8VbkeeAq
Traceback (most recent call last):
  File "/Users/saireddykasthuri/options-monitor/options-flow-monitor-e2e.py", line 344, in monitor_once
  File "/Users/saireddykasthuri/options-monitor/options-flow-monitor-e2e.py", line 155, in fetch_trades
  File "/Users/saireddykasthuri/options-monitor/options-flow-monitor-e2e.py", line 97, in fetch_options_trades_polygon
    except (KeyboardInterrupt, SystemExit):
    ^^^^^^^^^^^^^^^^
  File "/Users/saireddykasthuri/options-monitor/venv/lib/python3.13/site-packages/requests/models.py", line 1026, in raise_for_status
    raise HTTPError(http_error_msg, response=self)
requests.exceptions.HTTPError: 404 Client Error: Not Found for url: https://api.polygon.io/v3/trades/options/ORCL?limit=2000&apiKey=yBvjEbOtJIKJghRd76ZFAHPX8VbkeeAq
2025-09-17 23:11:19,488 [INFO] Fetching trades for NBIS
2025-09-17 23:11:19,560 [ERROR] Error processing symbol NBIS: 404 Client Error: Not Found for url: https://api.polygon.io/v3/trades/options/NBIS?limit=2000&apiKey=yBvjEbOtJIKJghRd76ZFAHPX8VbkeeAq
Traceback (most recent call last):
  File "/Users/saireddykasthuri/options-monitor/options-flow-monitor-e2e.py", line 344, in monitor_once
  File "/Users/saireddykasthuri/options-monitor/options-flow-monitor-e2e.py", line 155, in fetch_trades
  File "/Users/saireddykasthuri/options-monitor/options-flow-monitor-e2e.py", line 97, in fetch_options_trades_polygon
    except (KeyboardInterrupt, SystemExit):
    ^^^^^^^^^^^^^^^^
  File "/Users/saireddykasthuri/options-monitor/venv/lib/python3.13/site-packages/requests/models.py", line 1026, in raise_for_status
    raise HTTPError(http_error_msg, response=self)
requests.exceptions.HTTPError: 404 Client Error: Not Found for url: https://api.polygon.io/v3/trades/options/NBIS?limit=2000&apiKey=yBvjEbOtJIKJghRd76ZFAHPX8VbkeeAq
2025-09-17 23:11:19,562 [INFO] Fetching trades for AAPL
2025-09-17 23:11:19,636 [ERROR] Error processing symbol AAPL: 404 Client Error: Not Found for url: https://api.polygon.io/v3/trades/options/AAPL?limit=2000&apiKey=yBvjEbOtJIKJghRd76ZFAHPX8VbkeeAq
Traceback (most recent call last):
  File "/Users/saireddykasthuri/options-monitor/options-flow-monitor-e2e.py", line 344, in monitor_once
  File "/Users/saireddykasthuri/options-monitor/options-flow-monitor-e2e.py", line 155, in fetch_trades
  File "/Users/saireddykasthuri/options-monitor/options-flow-monitor-e2e.py", line 97, in fetch_options_trades_polygon
    except (KeyboardInterrupt, SystemExit):
    ^^^^^^^^^^^^^^^^
  File "/Users/saireddykasthuri/options-monitor/venv/lib/python3.13/site-packages/requests/models.py", line 1026, in raise_for_status
    raise HTTPError(http_error_msg, response=self)
requests.exceptions.HTTPError: 404 Client Error: Not Found for url: https://api.polygon.io/v3/trades/options/AAPL?limit=2000&apiKey=yBvjEbOtJIKJghRd76ZFAHPX8VbkeeAq
2025-09-17 23:11:19,638 [INFO] Fetching trades for TSLA
2025-09-17 23:11:19,714 [ERROR] Error processing symbol TSLA: 404 Client Error: Not Found for url: https://api.polygon.io/v3/trades/options/TSLA?limit=2000&apiKey=yBvjEbOtJIKJghRd76ZFAHPX8VbkeeAq
Traceback (most recent call last):
  File "/Users/saireddykasthuri/options-monitor/options-flow-monitor-e2e.py", line 344, in monitor_once
  File "/Users/saireddykasthuri/options-monitor/options-flow-monitor-e2e.py", line 155, in fetch_trades
  File "/Users/saireddykasthuri/options-monitor/options-flow-monitor-e2e.py", line 97, in fetch_options_trades_polygon
    except (KeyboardInterrupt, SystemExit):
    ^^^^^^^^^^^^^^^^
  File "/Users/saireddykasthuri/options-monitor/venv/lib/python3.13/site-packages/requests/models.py", line 1026, in raise_for_status
    raise HTTPError(http_error_msg, response=self)
requests.exceptions.HTTPError: 404 Client Error: Not Found for url: https://api.polygon.io/v3/trades/options/TSLA?limit=2000&apiKey=yBvjEbOtJIKJghRd76ZFAHPX8VbkeeAq
2025-09-17 23:11:19,716 [INFO] Job "main.<locals>.<lambda> (trigger: interval[0:15:00], next run at: 2025-09-17 23:26:19 EDT)" executed successfully
2025-09-18 08:54:49,391 [WARNING] Run time of job "main.<locals>.<lambda> (trigger: interval[0:15:00], next run at: 2025-09-18 08:56:19 EDT)" was missed by 0:13:30.020585
2025-09-18 08:56:19,373 [INFO] Running job "main.<locals>.<lambda> (trigger: interval[0:15:00], next run at: 2025-09-18 09:11:19 EDT)" (scheduled at 2025-09-18 08:56:19.370250-04:00)
2025-09-18 08:56:19,374 [INFO] Fetching trades for ORCL
2025-09-18 08:56:19,493 [ERROR] Error processing symbol ORCL: 404 Client Error: Not Found for url: https://api.polygon.io/v3/trades/options/ORCL?limit=2000&apiKey=yBvjEbOtJIKJghRd76ZFAHPX8VbkeeAq
Traceback (most recent call last):
  File "/Users/saireddykasthuri/options-monitor/options-flow-monitor-e2e.py", line 344, in monitor_once
  File "/Users/saireddykasthuri/options-monitor/options-flow-monitor-e2e.py", line 155, in fetch_trades
  File "/Users/saireddykasthuri/options-monitor/options-flow-monitor-e2e.py", line 97, in fetch_options_trades_polygon
    except (KeyboardInterrupt, SystemExit):
    ^^^^^^^^^^^^^^^^
  File "/Users/saireddykasthuri/options-monitor/venv/lib/python3.13/site-packages/requests/models.py", line 1026, in raise_for_status
    raise HTTPError(http_error_msg, response=self)
requests.exceptions.HTTPError: 404 Client Error: Not Found for url: https://api.polygon.io/v3/trades/options/ORCL?limit=2000&apiKey=yBvjEbOtJIKJghRd76ZFAHPX8VbkeeAq
2025-09-18 08:56:19,499 [INFO] Fetching trades for NBIS
2025-09-18 08:56:19,581 [ERROR] Error processing symbol NBIS: 404 Client Error: Not Found for url: https://api.polygon.io/v3/trades/options/NBIS?limit=2000&apiKey=yBvjEbOtJIKJghRd76ZFAHPX8VbkeeAq
Traceback (most recent call last):
  File "/Users/saireddykasthuri/options-monitor/options-flow-monitor-e2e.py", line 344, in monitor_once
  File "/Users/saireddykasthuri/options-monitor/options-flow-monitor-e2e.py", line 155, in fetch_trades
  File "/Users/saireddykasthuri/options-monitor/options-flow-monitor-e2e.py", line 97, in fetch_options_trades_polygon
    except (KeyboardInterrupt, SystemExit):
    ^^^^^^^^^^^^^^^^
  File "/Users/saireddykasthuri/options-monitor/venv/lib/python3.13/site-packages/requests/models.py", line 1026, in raise_for_status
    raise HTTPError(http_error_msg, response=self)
requests.exceptions.HTTPError: 404 Client Error: Not Found for url: https://api.polygon.io/v3/trades/options/NBIS?limit=2000&apiKey=yBvjEbOtJIKJghRd76ZFAHPX8VbkeeAq
2025-09-18 08:56:19,590 [INFO] Fetching trades for AAPL
2025-09-18 08:56:19,672 [ERROR] Error processing symbol AAPL: 404 Client Error: Not Found for url: https://api.polygon.io/v3/trades/options/AAPL?limit=2000&apiKey=yBvjEbOtJIKJghRd76ZFAHPX8VbkeeAq
Traceback (most recent call last):
  File "/Users/saireddykasthuri/options-monitor/options-flow-monitor-e2e.py", line 344, in monitor_once
  File "/Users/saireddykasthuri/options-monitor/options-flow-monitor-e2e.py", line 155, in fetch_trades
  File "/Users/saireddykasthuri/options-monitor/options-flow-monitor-e2e.py", line 97, in fetch_options_trades_polygon
    except (KeyboardInterrupt, SystemExit):
    ^^^^^^^^^^^^^^^^
  File "/Users/saireddykasthuri/options-monitor/venv/lib/python3.13/site-packages/requests/models.py", line 1026, in raise_for_status
    raise HTTPError(http_error_msg, response=self)
requests.exceptions.HTTPError: 404 Client Error: Not Found for url: https://api.polygon.io/v3/trades/options/AAPL?limit=2000&apiKey=yBvjEbOtJIKJghRd76ZFAHPX8VbkeeAq
2025-09-18 08:56:19,676 [INFO] Fetching trades for TSLA
2025-09-18 08:56:19,756 [ERROR] Error processing symbol TSLA: 404 Client Error: Not Found for url: https://api.polygon.io/v3/trades/options/TSLA?limit=2000&apiKey=yBvjEbOtJIKJghRd76ZFAHPX8VbkeeAq
Traceback (most recent call last):
  File "/Users/saireddykasthuri/options-monitor/options-flow-monitor-e2e.py", line 344, in monitor_once
  File "/Users/saireddykasthuri/options-monitor/options-flow-monitor-e2e.py", line 155, in fetch_trades
  File "/Users/saireddykasthuri/options-monitor/options-flow-monitor-e2e.py", line 97, in fetch_options_trades_polygon
    except (KeyboardInterrupt, SystemExit):
    ^^^^^^^^^^^^^^^^
  File "/Users/saireddykasthuri/options-monitor/venv/lib/python3.13/site-packages/requests/models.py", line 1026, in raise_for_status
    raise HTTPError(http_error_msg, response=self)
requests.exceptions.HTTPError: 404 Client Error: Not Found for url: https://api.polygon.io/v3/trades/options/TSLA?limit=2000&apiKey=yBvjEbOtJIKJghRd76ZFAHPX8VbkeeAq
2025-09-18 08:56:19,762 [INFO] Job "main.<locals>.<lambda> (trigger: interval[0:15:00], next run at: 2025-09-18 09:11:19 EDT)" executed successfully
2025-09-18 11:06:34,092 [WARNING] Run time of job "main.<locals>.<lambda> (trigger: interval[0:15:00], next run at: 2025-09-18 11:11:19 EDT)" was missed by 0:10:14.721816
2025-09-18 11:11:19,372 [INFO] Running job "main.<locals>.<lambda> (trigger: interval[0:15:00], next run at: 2025-09-18 11:26:19 EDT)" (scheduled at 2025-09-18 11:11:19.370250-04:00)
2025-09-18 11:11:19,374 [INFO] Fetching trades for ORCL
2025-09-18 11:11:19,477 [ERROR] Error processing symbol ORCL: 404 Client Error: Not Found for url: https://api.polygon.io/v3/trades/options/ORCL?limit=2000&apiKey=yBvjEbOtJIKJghRd76ZFAHPX8VbkeeAq
Traceback (most recent call last):
  File "/Users/saireddykasthuri/options-monitor/options-flow-monitor-e2e.py", line 344, in monitor_once
  File "/Users/saireddykasthuri/options-monitor/options-flow-monitor-e2e.py", line 155, in fetch_trades
  File "/Users/saireddykasthuri/options-monitor/options-flow-monitor-e2e.py", line 97, in fetch_options_trades_polygon
    except (KeyboardInterrupt, SystemExit):
    ^^^^^^^^^^^^^^^^
  File "/Users/saireddykasthuri/options-monitor/venv/lib/python3.13/site-packages/requests/models.py", line 1026, in raise_for_status
    raise HTTPError(http_error_msg, response=self)
requests.exceptions.HTTPError: 404 Client Error: Not Found for url: https://api.polygon.io/v3/trades/options/ORCL?limit=2000&apiKey=yBvjEbOtJIKJghRd76ZFAHPX8VbkeeAq
2025-09-18 11:11:19,484 [INFO] Fetching trades for NBIS
2025-09-18 11:11:19,560 [ERROR] Error processing symbol NBIS: 404 Client Error: Not Found for url: https://api.polygon.io/v3/trades/options/NBIS?limit=2000&apiKey=yBvjEbOtJIKJghRd76ZFAHPX8VbkeeAq
Traceback (most recent call last):
  File "/Users/saireddykasthuri/options-monitor/options-flow-monitor-e2e.py", line 344, in monitor_once
  File "/Users/saireddykasthuri/options-monitor/options-flow-monitor-e2e.py", line 155, in fetch_trades
  File "/Users/saireddykasthuri/options-monitor/options-flow-monitor-e2e.py", line 97, in fetch_options_trades_polygon
    except (KeyboardInterrupt, SystemExit):
    ^^^^^^^^^^^^^^^^
  File "/Users/saireddykasthuri/options-monitor/venv/lib/python3.13/site-packages/requests/models.py", line 1026, in raise_for_status
    raise HTTPError(http_error_msg, response=self)
requests.exceptions.HTTPError: 404 Client Error: Not Found for url: https://api.polygon.io/v3/trades/options/NBIS?limit=2000&apiKey=yBvjEbOtJIKJghRd76ZFAHPX8VbkeeAq
2025-09-18 11:11:19,564 [INFO] Fetching trades for AAPL
2025-09-18 11:11:19,654 [ERROR] Error processing symbol AAPL: 404 Client Error: Not Found for url: https://api.polygon.io/v3/trades/options/AAPL?limit=2000&apiKey=yBvjEbOtJIKJghRd76ZFAHPX8VbkeeAq
Traceback (most recent call last):
  File "/Users/saireddykasthuri/options-monitor/options-flow-monitor-e2e.py", line 344, in monitor_once
  File "/Users/saireddykasthuri/options-monitor/options-flow-monitor-e2e.py", line 155, in fetch_trades
  File "/Users/saireddykasthuri/options-monitor/options-flow-monitor-e2e.py", line 97, in fetch_options_trades_polygon
    except (KeyboardInterrupt, SystemExit):
    ^^^^^^^^^^^^^^^^
  File "/Users/saireddykasthuri/options-monitor/venv/lib/python3.13/site-packages/requests/models.py", line 1026, in raise_for_status
    raise HTTPError(http_error_msg, response=self)
requests.exceptions.HTTPError: 404 Client Error: Not Found for url: https://api.polygon.io/v3/trades/options/AAPL?limit=2000&apiKey=yBvjEbOtJIKJghRd76ZFAHPX8VbkeeAq
2025-09-18 11:11:19,658 [INFO] Fetching trades for TSLA
2025-09-18 11:11:19,744 [ERROR] Error processing symbol TSLA: 404 Client Error: Not Found for url: https://api.polygon.io/v3/trades/options/TSLA?limit=2000&apiKey=yBvjEbOtJIKJghRd76ZFAHPX8VbkeeAq
Traceback (most recent call last):
  File "/Users/saireddykasthuri/options-monitor/options-flow-monitor-e2e.py", line 344, in monitor_once
  File "/Users/saireddykasthuri/options-monitor/options-flow-monitor-e2e.py", line 155, in fetch_trades
  File "/Users/saireddykasthuri/options-monitor/options-flow-monitor-e2e.py", line 97, in fetch_options_trades_polygon
    except (KeyboardInterrupt, SystemExit):
    ^^^^^^^^^^^^^^^^
  File "/Users/saireddykasthuri/options-monitor/venv/lib/python3.13/site-packages/requests/models.py", line 1026, in raise_for_status
    raise HTTPError(http_error_msg, response=self)
requests.exceptions.HTTPError: 404 Client Error: Not Found for url: https://api.polygon.io/v3/trades/options/TSLA?limit=2000&apiKey=yBvjEbOtJIKJghRd76ZFAHPX8VbkeeAq
2025-09-18 11:11:19,749 [INFO] Job "main.<locals>.<lambda> (trigger: interval[0:15:00], next run at: 2025-09-18 11:26:19 EDT)" executed successfully
2025-09-18 11:26:19,374 [INFO] Running job "main.<locals>.<lambda> (trigger: interval[0:15:00], next run at: 2025-09-18 11:41:19 EDT)" (scheduled at 2025-09-18 11:26:19.370250-04:00)
2025-09-18 11:26:19,376 [INFO] Fetching trades for ORCL
2025-09-18 11:26:19,489 [ERROR] Error processing symbol ORCL: 404 Client Error: Not Found for url: https://api.polygon.io/v3/trades/options/ORCL?limit=2000&apiKey=yBvjEbOtJIKJghRd76ZFAHPX8VbkeeAq
Traceback (most recent call last):
  File "/Users/saireddykasthuri/options-monitor/options-flow-monitor-e2e.py", line 344, in monitor_once
  File "/Users/saireddykasthuri/options-monitor/options-flow-monitor-e2e.py", line 155, in fetch_trades
  File "/Users/saireddykasthuri/options-monitor/options-flow-monitor-e2e.py", line 97, in fetch_options_trades_polygon
    except (KeyboardInterrupt, SystemExit):
    ^^^^^^^^^^^^^^^^
  File "/Users/saireddykasthuri/options-monitor/venv/lib/python3.13/site-packages/requests/models.py", line 1026, in raise_for_status
    raise HTTPError(http_error_msg, response=self)
requests.exceptions.HTTPError: 404 Client Error: Not Found for url: https://api.polygon.io/v3/trades/options/ORCL?limit=2000&apiKey=yBvjEbOtJIKJghRd76ZFAHPX8VbkeeAq
2025-09-18 11:26:19,494 [INFO] Fetching trades for NBIS
2025-09-18 11:26:19,587 [ERROR] Error processing symbol NBIS: 404 Client Error: Not Found for url: https://api.polygon.io/v3/trades/options/NBIS?limit=2000&apiKey=yBvjEbOtJIKJghRd76ZFAHPX8VbkeeAq
Traceback (most recent call last):
  File "/Users/saireddykasthuri/options-monitor/options-flow-monitor-e2e.py", line 344, in monitor_once
  File "/Users/saireddykasthuri/options-monitor/options-flow-monitor-e2e.py", line 155, in fetch_trades
  File "/Users/saireddykasthuri/options-monitor/options-flow-monitor-e2e.py", line 97, in fetch_options_trades_polygon
    except (KeyboardInterrupt, SystemExit):
    ^^^^^^^^^^^^^^^^
  File "/Users/saireddykasthuri/options-monitor/venv/lib/python3.13/site-packages/requests/models.py", line 1026, in raise_for_status
    raise HTTPError(http_error_msg, response=self)
requests.exceptions.HTTPError: 404 Client Error: Not Found for url: https://api.polygon.io/v3/trades/options/NBIS?limit=2000&apiKey=yBvjEbOtJIKJghRd76ZFAHPX8VbkeeAq
2025-09-18 11:26:19,591 [INFO] Fetching trades for AAPL
2025-09-18 11:26:19,676 [ERROR] Error processing symbol AAPL: 404 Client Error: Not Found for url: https://api.polygon.io/v3/trades/options/AAPL?limit=2000&apiKey=yBvjEbOtJIKJghRd76ZFAHPX8VbkeeAq
Traceback (most recent call last):
  File "/Users/saireddykasthuri/options-monitor/options-flow-monitor-e2e.py", line 344, in monitor_once
  File "/Users/saireddykasthuri/options-monitor/options-flow-monitor-e2e.py", line 155, in fetch_trades
  File "/Users/saireddykasthuri/options-monitor/options-flow-monitor-e2e.py", line 97, in fetch_options_trades_polygon
    except (KeyboardInterrupt, SystemExit):
    ^^^^^^^^^^^^^^^^
  File "/Users/saireddykasthuri/options-monitor/venv/lib/python3.13/site-packages/requests/models.py", line 1026, in raise_for_status
    raise HTTPError(http_error_msg, response=self)
requests.exceptions.HTTPError: 404 Client Error: Not Found for url: https://api.polygon.io/v3/trades/options/AAPL?limit=2000&apiKey=yBvjEbOtJIKJghRd76ZFAHPX8VbkeeAq
2025-09-18 11:26:19,680 [INFO] Fetching trades for TSLA
2025-09-18 11:26:19,764 [ERROR] Error processing symbol TSLA: 404 Client Error: Not Found for url: https://api.polygon.io/v3/trades/options/TSLA?limit=2000&apiKey=yBvjEbOtJIKJghRd76ZFAHPX8VbkeeAq
Traceback (most recent call last):
  File "/Users/saireddykasthuri/options-monitor/options-flow-monitor-e2e.py", line 344, in monitor_once
  File "/Users/saireddykasthuri/options-monitor/options-flow-monitor-e2e.py", line 155, in fetch_trades
  File "/Users/saireddykasthuri/options-monitor/options-flow-monitor-e2e.py", line 97, in fetch_options_trades_polygon
    except (KeyboardInterrupt, SystemExit):
    ^^^^^^^^^^^^^^^^
  File "/Users/saireddykasthuri/options-monitor/venv/lib/python3.13/site-packages/requests/models.py", line 1026, in raise_for_status
    raise HTTPError(http_error_msg, response=self)
requests.exceptions.HTTPError: 404 Client Error: Not Found for url: https://api.polygon.io/v3/trades/options/TSLA?limit=2000&apiKey=yBvjEbOtJIKJghRd76ZFAHPX8VbkeeAq
2025-09-18 11:26:19,768 [INFO] Job "main.<locals>.<lambda> (trigger: interval[0:15:00], next run at: 2025-09-18 11:41:19 EDT)" executed successfully
2025-09-19 07:48:58,993 [WARNING] Run time of job "main.<locals>.<lambda> (trigger: interval[0:15:00], next run at: 2025-09-19 07:56:19 EDT)" was missed by 0:07:39.622693
2025-09-19 15:51:17,873 [WARNING] Run time of job "main.<locals>.<lambda> (trigger: interval[0:15:00], next run at: 2025-09-19 15:56:19 EDT)" was missed by 0:09:58.503023
2025-09-19 21:36:15,778 [WARNING] Run time of job "main.<locals>.<lambda> (trigger: interval[0:15:00], next run at: 2025-09-19 21:41:19 EDT)" was missed by 0:09:56.407955
2025-09-20 05:15:14,420 [WARNING] Run time of job "main.<locals>.<lambda> (trigger: interval[0:15:00], next run at: 2025-09-20 05:26:19 EDT)" was missed by 0:03:55.050403
2025-09-20 17:13:21,615 [WARNING] Run time of job "main.<locals>.<lambda> (trigger: interval[0:15:00], next run at: 2025-09-20 17:26:19 EDT)" was missed by 0:02:02.244937
2025-09-21 11:54:56,552 [WARNING] Run time of job "main.<locals>.<lambda> (trigger: interval[0:15:00], next run at: 2025-09-21 11:56:19 EDT)" was missed by 0:13:37.182548
2025-09-21 12:57:16,916 [WARNING] Run time of job "main.<locals>.<lambda> (trigger: interval[0:15:00], next run at: 2025-09-21 13:11:19 EDT)" was missed by 0:00:57.546131
2025-09-22 07:54:56,223 [WARNING] Run time of job "main.<locals>.<lambda> (trigger: interval[0:15:00], next run at: 2025-09-22 07:56:19 EDT)" was missed by 0:13:36.853279
2025-09-22 09:10:52,026 [WARNING] Run time of job "main.<locals>.<lambda> (trigger: interval[0:15:00], next run at: 2025-09-22 09:11:19 EDT)" was missed by 0:14:32.656621
2025-09-22 09:11:19,374 [INFO] Running job "main.<locals>.<lambda> (trigger: interval[0:15:00], next run at: 2025-09-22 09:26:19 EDT)" (scheduled at 2025-09-22 09:11:19.370250-04:00)
2025-09-22 09:11:19,377 [INFO] Fetching trades for ORCL
2025-09-22 09:11:19,493 [ERROR] Error processing symbol ORCL: 404 Client Error: Not Found for url: https://api.polygon.io/v3/trades/options/ORCL?limit=2000&apiKey=yBvjEbOtJIKJghRd76ZFAHPX8VbkeeAq
Traceback (most recent call last):
  File "/Users/saireddykasthuri/options-monitor/options-flow-monitor-e2e.py", line 344, in monitor_once
  File "/Users/saireddykasthuri/options-monitor/options-flow-monitor-e2e.py", line 155, in fetch_trades
  File "/Users/saireddykasthuri/options-monitor/options-flow-monitor-e2e.py", line 97, in fetch_options_trades_polygon
    except (KeyboardInterrupt, SystemExit):
    ^^^^^^^^^^^^^^^^
  File "/Users/saireddykasthuri/options-monitor/venv/lib/python3.13/site-packages/requests/models.py", line 1026, in raise_for_status
    raise HTTPError(http_error_msg, response=self)
requests.exceptions.HTTPError: 404 Client Error: Not Found for url: https://api.polygon.io/v3/trades/options/ORCL?limit=2000&apiKey=yBvjEbOtJIKJghRd76ZFAHPX8VbkeeAq
2025-09-22 09:11:19,498 [INFO] Fetching trades for NBIS
2025-09-22 09:11:19,584 [ERROR] Error processing symbol NBIS: 404 Client Error: Not Found for url: https://api.polygon.io/v3/trades/options/NBIS?limit=2000&apiKey=yBvjEbOtJIKJghRd76ZFAHPX8VbkeeAq
Traceback (most recent call last):
  File "/Users/saireddykasthuri/options-monitor/options-flow-monitor-e2e.py", line 344, in monitor_once
  File "/Users/saireddykasthuri/options-monitor/options-flow-monitor-e2e.py", line 155, in fetch_trades
  File "/Users/saireddykasthuri/options-monitor/options-flow-monitor-e2e.py", line 97, in fetch_options_trades_polygon
    except (KeyboardInterrupt, SystemExit):
    ^^^^^^^^^^^^^^^^
  File "/Users/saireddykasthuri/options-monitor/venv/lib/python3.13/site-packages/requests/models.py", line 1026, in raise_for_status
    raise HTTPError(http_error_msg, response=self)
requests.exceptions.HTTPError: 404 Client Error: Not Found for url: https://api.polygon.io/v3/trades/options/NBIS?limit=2000&apiKey=yBvjEbOtJIKJghRd76ZFAHPX8VbkeeAq
2025-09-22 09:11:19,590 [INFO] Fetching trades for AAPL
2025-09-22 09:11:19,693 [ERROR] Error processing symbol AAPL: 404 Client Error: Not Found for url: https://api.polygon.io/v3/trades/options/AAPL?limit=2000&apiKey=yBvjEbOtJIKJghRd76ZFAHPX8VbkeeAq
Traceback (most recent call last):
  File "/Users/saireddykasthuri/options-monitor/options-flow-monitor-e2e.py", line 344, in monitor_once
  File "/Users/saireddykasthuri/options-monitor/options-flow-monitor-e2e.py", line 155, in fetch_trades
  File "/Users/saireddykasthuri/options-monitor/options-flow-monitor-e2e.py", line 97, in fetch_options_trades_polygon
    except (KeyboardInterrupt, SystemExit):
    ^^^^^^^^^^^^^^^^
  File "/Users/saireddykasthuri/options-monitor/venv/lib/python3.13/site-packages/requests/models.py", line 1026, in raise_for_status
    raise HTTPError(http_error_msg, response=self)
requests.exceptions.HTTPError: 404 Client Error: Not Found for url: https://api.polygon.io/v3/trades/options/AAPL?limit=2000&apiKey=yBvjEbOtJIKJghRd76ZFAHPX8VbkeeAq
2025-09-22 09:11:19,697 [INFO] Fetching trades for TSLA
2025-09-22 09:11:19,792 [ERROR] Error processing symbol TSLA: 404 Client Error: Not Found for url: https://api.polygon.io/v3/trades/options/TSLA?limit=2000&apiKey=yBvjEbOtJIKJghRd76ZFAHPX8VbkeeAq
Traceback (most recent call last):
  File "/Users/saireddykasthuri/options-monitor/options-flow-monitor-e2e.py", line 344, in monitor_once
  File "/Users/saireddykasthuri/options-monitor/options-flow-monitor-e2e.py", line 155, in fetch_trades
  File "/Users/saireddykasthuri/options-monitor/options-flow-monitor-e2e.py", line 97, in fetch_options_trades_polygon
    except (KeyboardInterrupt, SystemExit):
    ^^^^^^^^^^^^^^^^
  File "/Users/saireddykasthuri/options-monitor/venv/lib/python3.13/site-packages/requests/models.py", line 1026, in raise_for_status
    raise HTTPError(http_error_msg, response=self)
requests.exceptions.HTTPError: 404 Client Error: Not Found for url: https://api.polygon.io/v3/trades/options/TSLA?limit=2000&apiKey=yBvjEbOtJIKJghRd76ZFAHPX8VbkeeAq
2025-09-22 09:11:19,797 [INFO] Job "main.<locals>.<lambda> (trigger: interval[0:15:00], next run at: 2025-09-22 09:26:19 EDT)" executed successfully
2025-09-22 11:51:49,911 [WARNING] Run time of job "main.<locals>.<lambda> (trigger: interval[0:15:00], next run at: 2025-09-22 11:56:19 EDT)" was missed by 0:10:30.540813
2025-09-22 11:56:19,372 [INFO] Running job "main.<locals>.<lambda> (trigger: interval[0:15:00], next run at: 2025-09-22 12:11:19 EDT)" (scheduled at 2025-09-22 11:56:19.370250-04:00)
2025-09-22 11:56:19,373 [INFO] Fetching trades for ORCL
2025-09-22 11:56:19,491 [ERROR] Error processing symbol ORCL: 404 Client Error: Not Found for url: https://api.polygon.io/v3/trades/options/ORCL?limit=2000&apiKey=yBvjEbOtJIKJghRd76ZFAHPX8VbkeeAq
Traceback (most recent call last):
  File "/Users/saireddykasthuri/options-monitor/options-flow-monitor-e2e.py", line 344, in monitor_once
  File "/Users/saireddykasthuri/options-monitor/options-flow-monitor-e2e.py", line 155, in fetch_trades
  File "/Users/saireddykasthuri/options-monitor/options-flow-monitor-e2e.py", line 97, in fetch_options_trades_polygon
    except (KeyboardInterrupt, SystemExit):
    ^^^^^^^^^^^^^^^^
  File "/Users/saireddykasthuri/options-monitor/venv/lib/python3.13/site-packages/requests/models.py", line 1026, in raise_for_status
    raise HTTPError(http_error_msg, response=self)
requests.exceptions.HTTPError: 404 Client Error: Not Found for url: https://api.polygon.io/v3/trades/options/ORCL?limit=2000&apiKey=yBvjEbOtJIKJghRd76ZFAHPX8VbkeeAq
2025-09-22 11:56:19,496 [INFO] Fetching trades for NBIS
2025-09-22 11:56:19,583 [ERROR] Error processing symbol NBIS: 404 Client Error: Not Found for url: https://api.polygon.io/v3/trades/options/NBIS?limit=2000&apiKey=yBvjEbOtJIKJghRd76ZFAHPX8VbkeeAq
Traceback (most recent call last):
  File "/Users/saireddykasthuri/options-monitor/options-flow-monitor-e2e.py", line 344, in monitor_once
  File "/Users/saireddykasthuri/options-monitor/options-flow-monitor-e2e.py", line 155, in fetch_trades
  File "/Users/saireddykasthuri/options-monitor/options-flow-monitor-e2e.py", line 97, in fetch_options_trades_polygon
    except (KeyboardInterrupt, SystemExit):
    ^^^^^^^^^^^^^^^^
  File "/Users/saireddykasthuri/options-monitor/venv/lib/python3.13/site-packages/requests/models.py", line 1026, in raise_for_status
    raise HTTPError(http_error_msg, response=self)
requests.exceptions.HTTPError: 404 Client Error: Not Found for url: https://api.polygon.io/v3/trades/options/NBIS?limit=2000&apiKey=yBvjEbOtJIKJghRd76ZFAHPX8VbkeeAq
2025-09-22 11:56:19,587 [INFO] Fetching trades for AAPL
2025-09-22 11:56:19,679 [ERROR] Error processing symbol AAPL: 404 Client Error: Not Found for url: https://api.polygon.io/v3/trades/options/AAPL?limit=2000&apiKey=yBvjEbOtJIKJghRd76ZFAHPX8VbkeeAq
Traceback (most recent call last):
  File "/Users/saireddykasthuri/options-monitor/options-flow-monitor-e2e.py", line 344, in monitor_once
  File "/Users/saireddykasthuri/options-monitor/options-flow-monitor-e2e.py", line 155, in fetch_trades
  File "/Users/saireddykasthuri/options-monitor/options-flow-monitor-e2e.py", line 97, in fetch_options_trades_polygon
    except (KeyboardInterrupt, SystemExit):
    ^^^^^^^^^^^^^^^^
  File "/Users/saireddykasthuri/options-monitor/venv/lib/python3.13/site-packages/requests/models.py", line 1026, in raise_for_status
    raise HTTPError(http_error_msg, response=self)
requests.exceptions.HTTPError: 404 Client Error: Not Found for url: https://api.polygon.io/v3/trades/options/AAPL?limit=2000&apiKey=yBvjEbOtJIKJghRd76ZFAHPX8VbkeeAq
2025-09-22 11:56:19,683 [INFO] Fetching trades for TSLA
2025-09-22 11:56:19,757 [ERROR] Error processing symbol TSLA: 404 Client Error: Not Found for url: https://api.polygon.io/v3/trades/options/TSLA?limit=2000&apiKey=yBvjEbOtJIKJghRd76ZFAHPX8VbkeeAq
Traceback (most recent call last):
  File "/Users/saireddykasthuri/options-monitor/options-flow-monitor-e2e.py", line 344, in monitor_once
  File "/Users/saireddykasthuri/options-monitor/options-flow-monitor-e2e.py", line 155, in fetch_trades
  File "/Users/saireddykasthuri/options-monitor/options-flow-monitor-e2e.py", line 97, in fetch_options_trades_polygon
    except (KeyboardInterrupt, SystemExit):
    ^^^^^^^^^^^^^^^^
  File "/Users/saireddykasthuri/options-monitor/venv/lib/python3.13/site-packages/requests/models.py", line 1026, in raise_for_status
    raise HTTPError(http_error_msg, response=self)
requests.exceptions.HTTPError: 404 Client Error: Not Found for url: https://api.polygon.io/v3/trades/options/TSLA?limit=2000&apiKey=yBvjEbOtJIKJghRd76ZFAHPX8VbkeeAq
2025-09-22 11:56:19,760 [INFO] Job "main.<locals>.<lambda> (trigger: interval[0:15:00], next run at: 2025-09-22 12:11:19 EDT)" executed successfully
2025-09-22 12:26:47,029 [WARNING] Run time of job "main.<locals>.<lambda> (trigger: interval[0:15:00], next run at: 2025-09-22 12:41:19 EDT)" was missed by 0:00:27.659641
2025-09-22 13:09:11,030 [WARNING] Run time of job "main.<locals>.<lambda> (trigger: interval[0:15:00], next run at: 2025-09-22 13:11:19 EDT)" was missed by 0:12:51.660172
2025-09-22 13:11:19,376 [INFO] Running job "main.<locals>.<lambda> (trigger: interval[0:15:00], next run at: 2025-09-22 13:26:19 EDT)" (scheduled at 2025-09-22 13:11:19.370250-04:00)
2025-09-22 13:11:19,377 [INFO] Fetching trades for ORCL
2025-09-22 13:11:19,487 [ERROR] Error processing symbol ORCL: 404 Client Error: Not Found for url: https://api.polygon.io/v3/trades/options/ORCL?limit=2000&apiKey=yBvjEbOtJIKJghRd76ZFAHPX8VbkeeAq
Traceback (most recent call last):
  File "/Users/saireddykasthuri/options-monitor/options-flow-monitor-e2e.py", line 344, in monitor_once
  File "/Users/saireddykasthuri/options-monitor/options-flow-monitor-e2e.py", line 155, in fetch_trades
  File "/Users/saireddykasthuri/options-monitor/options-flow-monitor-e2e.py", line 97, in fetch_options_trades_polygon
    except (KeyboardInterrupt, SystemExit):
    ^^^^^^^^^^^^^^^^
  File "/Users/saireddykasthuri/options-monitor/venv/lib/python3.13/site-packages/requests/models.py", line 1026, in raise_for_status
    raise HTTPError(http_error_msg, response=self)
requests.exceptions.HTTPError: 404 Client Error: Not Found for url: https://api.polygon.io/v3/trades/options/ORCL?limit=2000&apiKey=yBvjEbOtJIKJghRd76ZFAHPX8VbkeeAq
2025-09-22 13:11:19,492 [INFO] Fetching trades for NBIS
2025-09-22 13:11:19,580 [ERROR] Error processing symbol NBIS: 404 Client Error: Not Found for url: https://api.polygon.io/v3/trades/options/NBIS?limit=2000&apiKey=yBvjEbOtJIKJghRd76ZFAHPX8VbkeeAq
Traceback (most recent call last):
  File "/Users/saireddykasthuri/options-monitor/options-flow-monitor-e2e.py", line 344, in monitor_once
  File "/Users/saireddykasthuri/options-monitor/options-flow-monitor-e2e.py", line 155, in fetch_trades
  File "/Users/saireddykasthuri/options-monitor/options-flow-monitor-e2e.py", line 97, in fetch_options_trades_polygon
    except (KeyboardInterrupt, SystemExit):
    ^^^^^^^^^^^^^^^^
  File "/Users/saireddykasthuri/options-monitor/venv/lib/python3.13/site-packages/requests/models.py", line 1026, in raise_for_status
    raise HTTPError(http_error_msg, response=self)
requests.exceptions.HTTPError: 404 Client Error: Not Found for url: https://api.polygon.io/v3/trades/options/NBIS?limit=2000&apiKey=yBvjEbOtJIKJghRd76ZFAHPX8VbkeeAq
2025-09-22 13:11:19,584 [INFO] Fetching trades for AAPL
2025-09-22 13:11:19,670 [ERROR] Error processing symbol AAPL: 404 Client Error: Not Found for url: https://api.polygon.io/v3/trades/options/AAPL?limit=2000&apiKey=yBvjEbOtJIKJghRd76ZFAHPX8VbkeeAq
Traceback (most recent call last):
  File "/Users/saireddykasthuri/options-monitor/options-flow-monitor-e2e.py", line 344, in monitor_once
  File "/Users/saireddykasthuri/options-monitor/options-flow-monitor-e2e.py", line 155, in fetch_trades
  File "/Users/saireddykasthuri/options-monitor/options-flow-monitor-e2e.py", line 97, in fetch_options_trades_polygon
    except (KeyboardInterrupt, SystemExit):
    ^^^^^^^^^^^^^^^^
  File "/Users/saireddykasthuri/options-monitor/venv/lib/python3.13/site-packages/requests/models.py", line 1026, in raise_for_status
    raise HTTPError(http_error_msg, response=self)
requests.exceptions.HTTPError: 404 Client Error: Not Found for url: https://api.polygon.io/v3/trades/options/AAPL?limit=2000&apiKey=yBvjEbOtJIKJghRd76ZFAHPX8VbkeeAq
2025-09-22 13:11:19,673 [INFO] Fetching trades for TSLA
2025-09-22 13:11:19,761 [ERROR] Error processing symbol TSLA: 404 Client Error: Not Found for url: https://api.polygon.io/v3/trades/options/TSLA?limit=2000&apiKey=yBvjEbOtJIKJghRd76ZFAHPX8VbkeeAq
Traceback (most recent call last):
  File "/Users/saireddykasthuri/options-monitor/options-flow-monitor-e2e.py", line 344, in monitor_once
  File "/Users/saireddykasthuri/options-monitor/options-flow-monitor-e2e.py", line 155, in fetch_trades
  File "/Users/saireddykasthuri/options-monitor/options-flow-monitor-e2e.py", line 97, in fetch_options_trades_polygon
    except (KeyboardInterrupt, SystemExit):
    ^^^^^^^^^^^^^^^^
  File "/Users/saireddykasthuri/options-monitor/venv/lib/python3.13/site-packages/requests/models.py", line 1026, in raise_for_status
    raise HTTPError(http_error_msg, response=self)
requests.exceptions.HTTPError: 404 Client Error: Not Found for url: https://api.polygon.io/v3/trades/options/TSLA?limit=2000&apiKey=yBvjEbOtJIKJghRd76ZFAHPX8VbkeeAq
2025-09-22 13:11:19,766 [INFO] Job "main.<locals>.<lambda> (trigger: interval[0:15:00], next run at: 2025-09-22 13:26:19 EDT)" executed successfully
2025-09-22 13:26:19,373 [INFO] Running job "main.<locals>.<lambda> (trigger: interval[0:15:00], next run at: 2025-09-22 13:41:19 EDT)" (scheduled at 2025-09-22 13:26:19.370250-04:00)
2025-09-22 13:26:19,376 [INFO] Fetching trades for ORCL
2025-09-22 13:26:19,494 [ERROR] Error processing symbol ORCL: 404 Client Error: Not Found for url: https://api.polygon.io/v3/trades/options/ORCL?limit=2000&apiKey=yBvjEbOtJIKJghRd76ZFAHPX8VbkeeAq
Traceback (most recent call last):
  File "/Users/saireddykasthuri/options-monitor/options-flow-monitor-e2e.py", line 344, in monitor_once
  File "/Users/saireddykasthuri/options-monitor/options-flow-monitor-e2e.py", line 155, in fetch_trades
  File "/Users/saireddykasthuri/options-monitor/options-flow-monitor-e2e.py", line 97, in fetch_options_trades_polygon
    except (KeyboardInterrupt, SystemExit):
    ^^^^^^^^^^^^^^^^
  File "/Users/saireddykasthuri/options-monitor/venv/lib/python3.13/site-packages/requests/models.py", line 1026, in raise_for_status
    raise HTTPError(http_error_msg, response=self)
requests.exceptions.HTTPError: 404 Client Error: Not Found for url: https://api.polygon.io/v3/trades/options/ORCL?limit=2000&apiKey=yBvjEbOtJIKJghRd76ZFAHPX8VbkeeAq
2025-09-22 13:26:19,500 [INFO] Fetching trades for NBIS
2025-09-22 13:26:19,584 [ERROR] Error processing symbol NBIS: 404 Client Error: Not Found for url: https://api.polygon.io/v3/trades/options/NBIS?limit=2000&apiKey=yBvjEbOtJIKJghRd76ZFAHPX8VbkeeAq
Traceback (most recent call last):
  File "/Users/saireddykasthuri/options-monitor/options-flow-monitor-e2e.py", line 344, in monitor_once
  File "/Users/saireddykasthuri/options-monitor/options-flow-monitor-e2e.py", line 155, in fetch_trades
  File "/Users/saireddykasthuri/options-monitor/options-flow-monitor-e2e.py", line 97, in fetch_options_trades_polygon
    except (KeyboardInterrupt, SystemExit):
    ^^^^^^^^^^^^^^^^
  File "/Users/saireddykasthuri/options-monitor/venv/lib/python3.13/site-packages/requests/models.py", line 1026, in raise_for_status
    raise HTTPError(http_error_msg, response=self)
requests.exceptions.HTTPError: 404 Client Error: Not Found for url: https://api.polygon.io/v3/trades/options/NBIS?limit=2000&apiKey=yBvjEbOtJIKJghRd76ZFAHPX8VbkeeAq
2025-09-22 13:26:19,588 [INFO] Fetching trades for AAPL
2025-09-22 13:26:19,678 [ERROR] Error processing symbol AAPL: 404 Client Error: Not Found for url: https://api.polygon.io/v3/trades/options/AAPL?limit=2000&apiKey=yBvjEbOtJIKJghRd76ZFAHPX8VbkeeAq
Traceback (most recent call last):
  File "/Users/saireddykasthuri/options-monitor/options-flow-monitor-e2e.py", line 344, in monitor_once
  File "/Users/saireddykasthuri/options-monitor/options-flow-monitor-e2e.py", line 155, in fetch_trades
  File "/Users/saireddykasthuri/options-monitor/options-flow-monitor-e2e.py", line 97, in fetch_options_trades_polygon
    except (KeyboardInterrupt, SystemExit):
    ^^^^^^^^^^^^^^^^
  File "/Users/saireddykasthuri/options-monitor/venv/lib/python3.13/site-packages/requests/models.py", line 1026, in raise_for_status
    raise HTTPError(http_error_msg, response=self)
requests.exceptions.HTTPError: 404 Client Error: Not Found for url: https://api.polygon.io/v3/trades/options/AAPL?limit=2000&apiKey=yBvjEbOtJIKJghRd76ZFAHPX8VbkeeAq
2025-09-22 13:26:19,684 [INFO] Fetching trades for TSLA
2025-09-22 13:26:19,773 [ERROR] Error processing symbol TSLA: 404 Client Error: Not Found for url: https://api.polygon.io/v3/trades/options/TSLA?limit=2000&apiKey=yBvjEbOtJIKJghRd76ZFAHPX8VbkeeAq
Traceback (most recent call last):
  File "/Users/saireddykasthuri/options-monitor/options-flow-monitor-e2e.py", line 344, in monitor_once
  File "/Users/saireddykasthuri/options-monitor/options-flow-monitor-e2e.py", line 155, in fetch_trades
  File "/Users/saireddykasthuri/options-monitor/options-flow-monitor-e2e.py", line 97, in fetch_options_trades_polygon
    except (KeyboardInterrupt, SystemExit):
    ^^^^^^^^^^^^^^^^
  File "/Users/saireddykasthuri/options-monitor/venv/lib/python3.13/site-packages/requests/models.py", line 1026, in raise_for_status
    raise HTTPError(http_error_msg, response=self)
requests.exceptions.HTTPError: 404 Client Error: Not Found for url: https://api.polygon.io/v3/trades/options/TSLA?limit=2000&apiKey=yBvjEbOtJIKJghRd76ZFAHPX8VbkeeAq
2025-09-22 13:26:19,778 [INFO] Job "main.<locals>.<lambda> (trigger: interval[0:15:00], next run at: 2025-09-22 13:41:19 EDT)" executed successfully
2025-09-22 13:43:50,022 [WARNING] Run time of job "main.<locals>.<lambda> (trigger: interval[0:15:00], next run at: 2025-09-22 13:56:19 EDT)" was missed by 0:02:30.652480
2025-09-22 13:56:19,377 [INFO] Running job "main.<locals>.<lambda> (trigger: interval[0:15:00], next run at: 2025-09-22 14:11:19 EDT)" (scheduled at 2025-09-22 13:56:19.370250-04:00)
2025-09-22 13:56:19,380 [INFO] Fetching trades for ORCL
2025-09-22 13:56:19,488 [ERROR] Error processing symbol ORCL: 404 Client Error: Not Found for url: https://api.polygon.io/v3/trades/options/ORCL?limit=2000&apiKey=yBvjEbOtJIKJghRd76ZFAHPX8VbkeeAq
Traceback (most recent call last):
  File "/Users/saireddykasthuri/options-monitor/options-flow-monitor-e2e.py", line 344, in monitor_once
  File "/Users/saireddykasthuri/options-monitor/options-flow-monitor-e2e.py", line 155, in fetch_trades
  File "/Users/saireddykasthuri/options-monitor/options-flow-monitor-e2e.py", line 97, in fetch_options_trades_polygon
    except (KeyboardInterrupt, SystemExit):
    ^^^^^^^^^^^^^^^^
  File "/Users/saireddykasthuri/options-monitor/venv/lib/python3.13/site-packages/requests/models.py", line 1026, in raise_for_status
    raise HTTPError(http_error_msg, response=self)
requests.exceptions.HTTPError: 404 Client Error: Not Found for url: https://api.polygon.io/v3/trades/options/ORCL?limit=2000&apiKey=yBvjEbOtJIKJghRd76ZFAHPX8VbkeeAq
2025-09-22 13:56:19,493 [INFO] Fetching trades for NBIS
2025-09-22 13:56:19,587 [ERROR] Error processing symbol NBIS: 404 Client Error: Not Found for url: https://api.polygon.io/v3/trades/options/NBIS?limit=2000&apiKey=yBvjEbOtJIKJghRd76ZFAHPX8VbkeeAq
Traceback (most recent call last):
  File "/Users/saireddykasthuri/options-monitor/options-flow-monitor-e2e.py", line 344, in monitor_once
  File "/Users/saireddykasthuri/options-monitor/options-flow-monitor-e2e.py", line 155, in fetch_trades
  File "/Users/saireddykasthuri/options-monitor/options-flow-monitor-e2e.py", line 97, in fetch_options_trades_polygon
    except (KeyboardInterrupt, SystemExit):
    ^^^^^^^^^^^^^^^^
  File "/Users/saireddykasthuri/options-monitor/venv/lib/python3.13/site-packages/requests/models.py", line 1026, in raise_for_status
    raise HTTPError(http_error_msg, response=self)
requests.exceptions.HTTPError: 404 Client Error: Not Found for url: https://api.polygon.io/v3/trades/options/NBIS?limit=2000&apiKey=yBvjEbOtJIKJghRd76ZFAHPX8VbkeeAq
2025-09-22 13:56:19,591 [INFO] Fetching trades for AAPL
2025-09-22 13:56:19,688 [ERROR] Error processing symbol AAPL: 404 Client Error: Not Found for url: https://api.polygon.io/v3/trades/options/AAPL?limit=2000&apiKey=yBvjEbOtJIKJghRd76ZFAHPX8VbkeeAq
Traceback (most recent call last):
  File "/Users/saireddykasthuri/options-monitor/options-flow-monitor-e2e.py", line 344, in monitor_once
  File "/Users/saireddykasthuri/options-monitor/options-flow-monitor-e2e.py", line 155, in fetch_trades
  File "/Users/saireddykasthuri/options-monitor/options-flow-monitor-e2e.py", line 97, in fetch_options_trades_polygon
    except (KeyboardInterrupt, SystemExit):
    ^^^^^^^^^^^^^^^^
  File "/Users/saireddykasthuri/options-monitor/venv/lib/python3.13/site-packages/requests/models.py", line 1026, in raise_for_status
    raise HTTPError(http_error_msg, response=self)
requests.exceptions.HTTPError: 404 Client Error: Not Found for url: https://api.polygon.io/v3/trades/options/AAPL?limit=2000&apiKey=yBvjEbOtJIKJghRd76ZFAHPX8VbkeeAq
2025-09-22 13:56:19,692 [INFO] Fetching trades for TSLA
2025-09-22 13:56:19,774 [ERROR] Error processing symbol TSLA: 404 Client Error: Not Found for url: https://api.polygon.io/v3/trades/options/TSLA?limit=2000&apiKey=yBvjEbOtJIKJghRd76ZFAHPX8VbkeeAq
Traceback (most recent call last):
  File "/Users/saireddykasthuri/options-monitor/options-flow-monitor-e2e.py", line 344, in monitor_once
  File "/Users/saireddykasthuri/options-monitor/options-flow-monitor-e2e.py", line 155, in fetch_trades
  File "/Users/saireddykasthuri/options-monitor/options-flow-monitor-e2e.py", line 97, in fetch_options_trades_polygon
    except (KeyboardInterrupt, SystemExit):
    ^^^^^^^^^^^^^^^^
  File "/Users/saireddykasthuri/options-monitor/venv/lib/python3.13/site-packages/requests/models.py", line 1026, in raise_for_status
    raise HTTPError(http_error_msg, response=self)
requests.exceptions.HTTPError: 404 Client Error: Not Found for url: https://api.polygon.io/v3/trades/options/TSLA?limit=2000&apiKey=yBvjEbOtJIKJghRd76ZFAHPX8VbkeeAq
2025-09-22 13:56:19,778 [INFO] Job "main.<locals>.<lambda> (trigger: interval[0:15:00], next run at: 2025-09-22 14:11:19 EDT)" executed successfully
2025-09-22 14:11:19,375 [INFO] Running job "main.<locals>.<lambda> (trigger: interval[0:15:00], next run at: 2025-09-22 14:26:19 EDT)" (scheduled at 2025-09-22 14:11:19.370250-04:00)
2025-09-22 14:11:19,377 [INFO] Fetching trades for ORCL
2025-09-22 14:11:19,510 [ERROR] Error processing symbol ORCL: 404 Client Error: Not Found for url: https://api.polygon.io/v3/trades/options/ORCL?limit=2000&apiKey=yBvjEbOtJIKJghRd76ZFAHPX8VbkeeAq
Traceback (most recent call last):
  File "/Users/saireddykasthuri/options-monitor/options-flow-monitor-e2e.py", line 344, in monitor_once
  File "/Users/saireddykasthuri/options-monitor/options-flow-monitor-e2e.py", line 155, in fetch_trades
  File "/Users/saireddykasthuri/options-monitor/options-flow-monitor-e2e.py", line 97, in fetch_options_trades_polygon
    except (KeyboardInterrupt, SystemExit):
    ^^^^^^^^^^^^^^^^
  File "/Users/saireddykasthuri/options-monitor/venv/lib/python3.13/site-packages/requests/models.py", line 1026, in raise_for_status
    raise HTTPError(http_error_msg, response=self)
requests.exceptions.HTTPError: 404 Client Error: Not Found for url: https://api.polygon.io/v3/trades/options/ORCL?limit=2000&apiKey=yBvjEbOtJIKJghRd76ZFAHPX8VbkeeAq
2025-09-22 14:11:19,516 [INFO] Fetching trades for NBIS
2025-09-22 14:11:19,617 [ERROR] Error processing symbol NBIS: 404 Client Error: Not Found for url: https://api.polygon.io/v3/trades/options/NBIS?limit=2000&apiKey=yBvjEbOtJIKJghRd76ZFAHPX8VbkeeAq
Traceback (most recent call last):
  File "/Users/saireddykasthuri/options-monitor/options-flow-monitor-e2e.py", line 344, in monitor_once
  File "/Users/saireddykasthuri/options-monitor/options-flow-monitor-e2e.py", line 155, in fetch_trades
  File "/Users/saireddykasthuri/options-monitor/options-flow-monitor-e2e.py", line 97, in fetch_options_trades_polygon
    except (KeyboardInterrupt, SystemExit):
    ^^^^^^^^^^^^^^^^
  File "/Users/saireddykasthuri/options-monitor/venv/lib/python3.13/site-packages/requests/models.py", line 1026, in raise_for_status
    raise HTTPError(http_error_msg, response=self)
requests.exceptions.HTTPError: 404 Client Error: Not Found for url: https://api.polygon.io/v3/trades/options/NBIS?limit=2000&apiKey=yBvjEbOtJIKJghRd76ZFAHPX8VbkeeAq
2025-09-22 14:11:19,626 [INFO] Fetching trades for AAPL
2025-09-22 14:11:19,738 [ERROR] Error processing symbol AAPL: 404 Client Error: Not Found for url: https://api.polygon.io/v3/trades/options/AAPL?limit=2000&apiKey=yBvjEbOtJIKJghRd76ZFAHPX8VbkeeAq
Traceback (most recent call last):
  File "/Users/saireddykasthuri/options-monitor/options-flow-monitor-e2e.py", line 344, in monitor_once
  File "/Users/saireddykasthuri/options-monitor/options-flow-monitor-e2e.py", line 155, in fetch_trades
  File "/Users/saireddykasthuri/options-monitor/options-flow-monitor-e2e.py", line 97, in fetch_options_trades_polygon
    except (KeyboardInterrupt, SystemExit):
    ^^^^^^^^^^^^^^^^
  File "/Users/saireddykasthuri/options-monitor/venv/lib/python3.13/site-packages/requests/models.py", line 1026, in raise_for_status
    raise HTTPError(http_error_msg, response=self)
requests.exceptions.HTTPError: 404 Client Error: Not Found for url: https://api.polygon.io/v3/trades/options/AAPL?limit=2000&apiKey=yBvjEbOtJIKJghRd76ZFAHPX8VbkeeAq
2025-09-22 14:11:19,744 [INFO] Fetching trades for TSLA
2025-09-22 14:11:19,841 [ERROR] Error processing symbol TSLA: 404 Client Error: Not Found for url: https://api.polygon.io/v3/trades/options/TSLA?limit=2000&apiKey=yBvjEbOtJIKJghRd76ZFAHPX8VbkeeAq
Traceback (most recent call last):
  File "/Users/saireddykasthuri/options-monitor/options-flow-monitor-e2e.py", line 344, in monitor_once
  File "/Users/saireddykasthuri/options-monitor/options-flow-monitor-e2e.py", line 155, in fetch_trades
  File "/Users/saireddykasthuri/options-monitor/options-flow-monitor-e2e.py", line 97, in fetch_options_trades_polygon
    except (KeyboardInterrupt, SystemExit):
    ^^^^^^^^^^^^^^^^
  File "/Users/saireddykasthuri/options-monitor/venv/lib/python3.13/site-packages/requests/models.py", line 1026, in raise_for_status
    raise HTTPError(http_error_msg, response=self)
requests.exceptions.HTTPError: 404 Client Error: Not Found for url: https://api.polygon.io/v3/trades/options/TSLA?limit=2000&apiKey=yBvjEbOtJIKJghRd76ZFAHPX8VbkeeAq
2025-09-22 14:11:19,846 [INFO] Job "main.<locals>.<lambda> (trigger: interval[0:15:00], next run at: 2025-09-22 14:26:19 EDT)" executed successfully
2025-09-22 14:26:19,378 [INFO] Running job "main.<locals>.<lambda> (trigger: interval[0:15:00], next run at: 2025-09-22 14:41:19 EDT)" (scheduled at 2025-09-22 14:26:19.370250-04:00)
2025-09-22 14:26:19,380 [INFO] Fetching trades for ORCL
2025-09-22 14:26:19,488 [ERROR] Error processing symbol ORCL: 404 Client Error: Not Found for url: https://api.polygon.io/v3/trades/options/ORCL?limit=2000&apiKey=yBvjEbOtJIKJghRd76ZFAHPX8VbkeeAq
Traceback (most recent call last):
  File "/Users/saireddykasthuri/options-monitor/options-flow-monitor-e2e.py", line 344, in monitor_once
  File "/Users/saireddykasthuri/options-monitor/options-flow-monitor-e2e.py", line 155, in fetch_trades
  File "/Users/saireddykasthuri/options-monitor/options-flow-monitor-e2e.py", line 97, in fetch_options_trades_polygon
    except (KeyboardInterrupt, SystemExit):
    ^^^^^^^^^^^^^^^^
  File "/Users/saireddykasthuri/options-monitor/venv/lib/python3.13/site-packages/requests/models.py", line 1026, in raise_for_status
    raise HTTPError(http_error_msg, response=self)
requests.exceptions.HTTPError: 404 Client Error: Not Found for url: https://api.polygon.io/v3/trades/options/ORCL?limit=2000&apiKey=yBvjEbOtJIKJghRd76ZFAHPX8VbkeeAq
2025-09-22 14:26:19,497 [INFO] Fetching trades for NBIS
2025-09-22 14:26:19,588 [ERROR] Error processing symbol NBIS: 404 Client Error: Not Found for url: https://api.polygon.io/v3/trades/options/NBIS?limit=2000&apiKey=yBvjEbOtJIKJghRd76ZFAHPX8VbkeeAq
Traceback (most recent call last):
  File "/Users/saireddykasthuri/options-monitor/options-flow-monitor-e2e.py", line 344, in monitor_once
  File "/Users/saireddykasthuri/options-monitor/options-flow-monitor-e2e.py", line 155, in fetch_trades
  File "/Users/saireddykasthuri/options-monitor/options-flow-monitor-e2e.py", line 97, in fetch_options_trades_polygon
    except (KeyboardInterrupt, SystemExit):
    ^^^^^^^^^^^^^^^^
  File "/Users/saireddykasthuri/options-monitor/venv/lib/python3.13/site-packages/requests/models.py", line 1026, in raise_for_status
    raise HTTPError(http_error_msg, response=self)
requests.exceptions.HTTPError: 404 Client Error: Not Found for url: https://api.polygon.io/v3/trades/options/NBIS?limit=2000&apiKey=yBvjEbOtJIKJghRd76ZFAHPX8VbkeeAq
2025-09-22 14:26:19,594 [INFO] Fetching trades for AAPL
2025-09-22 14:26:19,690 [ERROR] Error processing symbol AAPL: 404 Client Error: Not Found for url: https://api.polygon.io/v3/trades/options/AAPL?limit=2000&apiKey=yBvjEbOtJIKJghRd76ZFAHPX8VbkeeAq
Traceback (most recent call last):
  File "/Users/saireddykasthuri/options-monitor/options-flow-monitor-e2e.py", line 344, in monitor_once
  File "/Users/saireddykasthuri/options-monitor/options-flow-monitor-e2e.py", line 155, in fetch_trades
  File "/Users/saireddykasthuri/options-monitor/options-flow-monitor-e2e.py", line 97, in fetch_options_trades_polygon
    except (KeyboardInterrupt, SystemExit):
    ^^^^^^^^^^^^^^^^
  File "/Users/saireddykasthuri/options-monitor/venv/lib/python3.13/site-packages/requests/models.py", line 1026, in raise_for_status
    raise HTTPError(http_error_msg, response=self)
requests.exceptions.HTTPError: 404 Client Error: Not Found for url: https://api.polygon.io/v3/trades/options/AAPL?limit=2000&apiKey=yBvjEbOtJIKJghRd76ZFAHPX8VbkeeAq
2025-09-22 14:26:19,701 [INFO] Fetching trades for TSLA
2025-09-22 14:26:19,806 [ERROR] Error processing symbol TSLA: 404 Client Error: Not Found for url: https://api.polygon.io/v3/trades/options/TSLA?limit=2000&apiKey=yBvjEbOtJIKJghRd76ZFAHPX8VbkeeAq
Traceback (most recent call last):
  File "/Users/saireddykasthuri/options-monitor/options-flow-monitor-e2e.py", line 344, in monitor_once
  File "/Users/saireddykasthuri/options-monitor/options-flow-monitor-e2e.py", line 155, in fetch_trades
  File "/Users/saireddykasthuri/options-monitor/options-flow-monitor-e2e.py", line 97, in fetch_options_trades_polygon
    except (KeyboardInterrupt, SystemExit):
    ^^^^^^^^^^^^^^^^
  File "/Users/saireddykasthuri/options-monitor/venv/lib/python3.13/site-packages/requests/models.py", line 1026, in raise_for_status
    raise HTTPError(http_error_msg, response=self)
requests.exceptions.HTTPError: 404 Client Error: Not Found for url: https://api.polygon.io/v3/trades/options/TSLA?limit=2000&apiKey=yBvjEbOtJIKJghRd76ZFAHPX8VbkeeAq
2025-09-22 14:26:19,812 [INFO] Job "main.<locals>.<lambda> (trigger: interval[0:15:00], next run at: 2025-09-22 14:41:19 EDT)" executed successfully
2025-09-22 14:41:19,462 [INFO] Running job "main.<locals>.<lambda> (trigger: interval[0:15:00], next run at: 2025-09-22 14:56:19 EDT)" (scheduled at 2025-09-22 14:41:19.370250-04:00)
2025-09-22 14:41:19,465 [INFO] Fetching trades for ORCL
2025-09-22 14:41:19,578 [ERROR] Error processing symbol ORCL: 404 Client Error: Not Found for url: https://api.polygon.io/v3/trades/options/ORCL?limit=2000&apiKey=yBvjEbOtJIKJghRd76ZFAHPX8VbkeeAq
Traceback (most recent call last):
  File "/Users/saireddykasthuri/options-monitor/options-flow-monitor-e2e.py", line 344, in monitor_once
  File "/Users/saireddykasthuri/options-monitor/options-flow-monitor-e2e.py", line 155, in fetch_trades
  File "/Users/saireddykasthuri/options-monitor/options-flow-monitor-e2e.py", line 97, in fetch_options_trades_polygon
    except (KeyboardInterrupt, SystemExit):
    ^^^^^^^^^^^^^^^^
  File "/Users/saireddykasthuri/options-monitor/venv/lib/python3.13/site-packages/requests/models.py", line 1026, in raise_for_status
    raise HTTPError(http_error_msg, response=self)
requests.exceptions.HTTPError: 404 Client Error: Not Found for url: https://api.polygon.io/v3/trades/options/ORCL?limit=2000&apiKey=yBvjEbOtJIKJghRd76ZFAHPX8VbkeeAq
2025-09-22 14:41:19,585 [INFO] Fetching trades for NBIS
2025-09-22 14:41:19,675 [ERROR] Error processing symbol NBIS: 404 Client Error: Not Found for url: https://api.polygon.io/v3/trades/options/NBIS?limit=2000&apiKey=yBvjEbOtJIKJghRd76ZFAHPX8VbkeeAq
Traceback (most recent call last):
  File "/Users/saireddykasthuri/options-monitor/options-flow-monitor-e2e.py", line 344, in monitor_once
  File "/Users/saireddykasthuri/options-monitor/options-flow-monitor-e2e.py", line 155, in fetch_trades
  File "/Users/saireddykasthuri/options-monitor/options-flow-monitor-e2e.py", line 97, in fetch_options_trades_polygon
    except (KeyboardInterrupt, SystemExit):
    ^^^^^^^^^^^^^^^^
  File "/Users/saireddykasthuri/options-monitor/venv/lib/python3.13/site-packages/requests/models.py", line 1026, in raise_for_status
    raise HTTPError(http_error_msg, response=self)
requests.exceptions.HTTPError: 404 Client Error: Not Found for url: https://api.polygon.io/v3/trades/options/NBIS?limit=2000&apiKey=yBvjEbOtJIKJghRd76ZFAHPX8VbkeeAq
2025-09-22 14:41:19,679 [INFO] Fetching trades for AAPL
2025-09-22 14:41:19,771 [ERROR] Error processing symbol AAPL: 404 Client Error: Not Found for url: https://api.polygon.io/v3/trades/options/AAPL?limit=2000&apiKey=yBvjEbOtJIKJghRd76ZFAHPX8VbkeeAq
Traceback (most recent call last):
  File "/Users/saireddykasthuri/options-monitor/options-flow-monitor-e2e.py", line 344, in monitor_once
  File "/Users/saireddykasthuri/options-monitor/options-flow-monitor-e2e.py", line 155, in fetch_trades
  File "/Users/saireddykasthuri/options-monitor/options-flow-monitor-e2e.py", line 97, in fetch_options_trades_polygon
    except (KeyboardInterrupt, SystemExit):
    ^^^^^^^^^^^^^^^^
  File "/Users/saireddykasthuri/options-monitor/venv/lib/python3.13/site-packages/requests/models.py", line 1026, in raise_for_status
    raise HTTPError(http_error_msg, response=self)
requests.exceptions.HTTPError: 404 Client Error: Not Found for url: https://api.polygon.io/v3/trades/options/AAPL?limit=2000&apiKey=yBvjEbOtJIKJghRd76ZFAHPX8VbkeeAq
2025-09-22 14:41:19,776 [INFO] Fetching trades for TSLA
2025-09-22 14:41:19,856 [ERROR] Error processing symbol TSLA: 404 Client Error: Not Found for url: https://api.polygon.io/v3/trades/options/TSLA?limit=2000&apiKey=yBvjEbOtJIKJghRd76ZFAHPX8VbkeeAq
Traceback (most recent call last):
  File "/Users/saireddykasthuri/options-monitor/options-flow-monitor-e2e.py", line 344, in monitor_once
  File "/Users/saireddykasthuri/options-monitor/options-flow-monitor-e2e.py", line 155, in fetch_trades
  File "/Users/saireddykasthuri/options-monitor/options-flow-monitor-e2e.py", line 97, in fetch_options_trades_polygon
    except (KeyboardInterrupt, SystemExit):
    ^^^^^^^^^^^^^^^^
  File "/Users/saireddykasthuri/options-monitor/venv/lib/python3.13/site-packages/requests/models.py", line 1026, in raise_for_status
    raise HTTPError(http_error_msg, response=self)
requests.exceptions.HTTPError: 404 Client Error: Not Found for url: https://api.polygon.io/v3/trades/options/TSLA?limit=2000&apiKey=yBvjEbOtJIKJghRd76ZFAHPX8VbkeeAq
2025-09-22 14:41:19,863 [INFO] Job "main.<locals>.<lambda> (trigger: interval[0:15:00], next run at: 2025-09-22 14:56:19 EDT)" executed successfully
2025-09-22 14:56:19,384 [INFO] Running job "main.<locals>.<lambda> (trigger: interval[0:15:00], next run at: 2025-09-22 15:11:19 EDT)" (scheduled at 2025-09-22 14:56:19.370250-04:00)
2025-09-22 14:56:19,387 [INFO] Fetching trades for ORCL
2025-09-22 14:56:19,497 [ERROR] Error processing symbol ORCL: 404 Client Error: Not Found for url: https://api.polygon.io/v3/trades/options/ORCL?limit=2000&apiKey=yBvjEbOtJIKJghRd76ZFAHPX8VbkeeAq
Traceback (most recent call last):
  File "/Users/saireddykasthuri/options-monitor/options-flow-monitor-e2e.py", line 344, in monitor_once
  File "/Users/saireddykasthuri/options-monitor/options-flow-monitor-e2e.py", line 155, in fetch_trades
  File "/Users/saireddykasthuri/options-monitor/options-flow-monitor-e2e.py", line 97, in fetch_options_trades_polygon
    except (KeyboardInterrupt, SystemExit):
    ^^^^^^^^^^^^^^^^
  File "/Users/saireddykasthuri/options-monitor/venv/lib/python3.13/site-packages/requests/models.py", line 1026, in raise_for_status
    raise HTTPError(http_error_msg, response=self)
requests.exceptions.HTTPError: 404 Client Error: Not Found for url: https://api.polygon.io/v3/trades/options/ORCL?limit=2000&apiKey=yBvjEbOtJIKJghRd76ZFAHPX8VbkeeAq
2025-09-22 14:56:19,502 [INFO] Fetching trades for NBIS
2025-09-22 14:56:19,592 [ERROR] Error processing symbol NBIS: 404 Client Error: Not Found for url: https://api.polygon.io/v3/trades/options/NBIS?limit=2000&apiKey=yBvjEbOtJIKJghRd76ZFAHPX8VbkeeAq
Traceback (most recent call last):
  File "/Users/saireddykasthuri/options-monitor/options-flow-monitor-e2e.py", line 344, in monitor_once
  File "/Users/saireddykasthuri/options-monitor/options-flow-monitor-e2e.py", line 155, in fetch_trades
  File "/Users/saireddykasthuri/options-monitor/options-flow-monitor-e2e.py", line 97, in fetch_options_trades_polygon
    except (KeyboardInterrupt, SystemExit):
    ^^^^^^^^^^^^^^^^
  File "/Users/saireddykasthuri/options-monitor/venv/lib/python3.13/site-packages/requests/models.py", line 1026, in raise_for_status
    raise HTTPError(http_error_msg, response=self)
requests.exceptions.HTTPError: 404 Client Error: Not Found for url: https://api.polygon.io/v3/trades/options/NBIS?limit=2000&apiKey=yBvjEbOtJIKJghRd76ZFAHPX8VbkeeAq
2025-09-22 14:56:19,600 [INFO] Fetching trades for AAPL
2025-09-22 14:56:19,680 [ERROR] Error processing symbol AAPL: 404 Client Error: Not Found for url: https://api.polygon.io/v3/trades/options/AAPL?limit=2000&apiKey=yBvjEbOtJIKJghRd76ZFAHPX8VbkeeAq
Traceback (most recent call last):
  File "/Users/saireddykasthuri/options-monitor/options-flow-monitor-e2e.py", line 344, in monitor_once
  File "/Users/saireddykasthuri/options-monitor/options-flow-monitor-e2e.py", line 155, in fetch_trades
  File "/Users/saireddykasthuri/options-monitor/options-flow-monitor-e2e.py", line 97, in fetch_options_trades_polygon
    except (KeyboardInterrupt, SystemExit):
    ^^^^^^^^^^^^^^^^
  File "/Users/saireddykasthuri/options-monitor/venv/lib/python3.13/site-packages/requests/models.py", line 1026, in raise_for_status
    raise HTTPError(http_error_msg, response=self)
requests.exceptions.HTTPError: 404 Client Error: Not Found for url: https://api.polygon.io/v3/trades/options/AAPL?limit=2000&apiKey=yBvjEbOtJIKJghRd76ZFAHPX8VbkeeAq
2025-09-22 14:56:19,688 [INFO] Fetching trades for TSLA
2025-09-22 14:56:19,792 [ERROR] Error processing symbol TSLA: 404 Client Error: Not Found for url: https://api.polygon.io/v3/trades/options/TSLA?limit=2000&apiKey=yBvjEbOtJIKJghRd76ZFAHPX8VbkeeAq
Traceback (most recent call last):
  File "/Users/saireddykasthuri/options-monitor/options-flow-monitor-e2e.py", line 344, in monitor_once
  File "/Users/saireddykasthuri/options-monitor/options-flow-monitor-e2e.py", line 155, in fetch_trades
  File "/Users/saireddykasthuri/options-monitor/options-flow-monitor-e2e.py", line 97, in fetch_options_trades_polygon
    except (KeyboardInterrupt, SystemExit):
    ^^^^^^^^^^^^^^^^
  File "/Users/saireddykasthuri/options-monitor/venv/lib/python3.13/site-packages/requests/models.py", line 1026, in raise_for_status
    raise HTTPError(http_error_msg, response=self)
requests.exceptions.HTTPError: 404 Client Error: Not Found for url: https://api.polygon.io/v3/trades/options/TSLA?limit=2000&apiKey=yBvjEbOtJIKJghRd76ZFAHPX8VbkeeAq
2025-09-22 14:56:19,797 [INFO] Job "main.<locals>.<lambda> (trigger: interval[0:15:00], next run at: 2025-09-22 15:11:19 EDT)" executed successfully
2025-09-22 15:11:19,387 [INFO] Running job "main.<locals>.<lambda> (trigger: interval[0:15:00], next run at: 2025-09-22 15:26:19 EDT)" (scheduled at 2025-09-22 15:11:19.370250-04:00)
2025-09-22 15:11:19,389 [INFO] Fetching trades for ORCL
2025-09-22 15:11:19,507 [ERROR] Error processing symbol ORCL: 404 Client Error: Not Found for url: https://api.polygon.io/v3/trades/options/ORCL?limit=2000&apiKey=yBvjEbOtJIKJghRd76ZFAHPX8VbkeeAq
Traceback (most recent call last):
  File "/Users/saireddykasthuri/options-monitor/options-flow-monitor-e2e.py", line 344, in monitor_once
  File "/Users/saireddykasthuri/options-monitor/options-flow-monitor-e2e.py", line 155, in fetch_trades
  File "/Users/saireddykasthuri/options-monitor/options-flow-monitor-e2e.py", line 97, in fetch_options_trades_polygon
    except (KeyboardInterrupt, SystemExit):
    ^^^^^^^^^^^^^^^^
  File "/Users/saireddykasthuri/options-monitor/venv/lib/python3.13/site-packages/requests/models.py", line 1026, in raise_for_status
    raise HTTPError(http_error_msg, response=self)
requests.exceptions.HTTPError: 404 Client Error: Not Found for url: https://api.polygon.io/v3/trades/options/ORCL?limit=2000&apiKey=yBvjEbOtJIKJghRd76ZFAHPX8VbkeeAq
2025-09-22 15:11:19,514 [INFO] Fetching trades for NBIS
2025-09-22 15:11:19,597 [ERROR] Error processing symbol NBIS: 404 Client Error: Not Found for url: https://api.polygon.io/v3/trades/options/NBIS?limit=2000&apiKey=yBvjEbOtJIKJghRd76ZFAHPX8VbkeeAq
Traceback (most recent call last):
  File "/Users/saireddykasthuri/options-monitor/options-flow-monitor-e2e.py", line 344, in monitor_once
  File "/Users/saireddykasthuri/options-monitor/options-flow-monitor-e2e.py", line 155, in fetch_trades
  File "/Users/saireddykasthuri/options-monitor/options-flow-monitor-e2e.py", line 97, in fetch_options_trades_polygon
    except (KeyboardInterrupt, SystemExit):
    ^^^^^^^^^^^^^^^^
  File "/Users/saireddykasthuri/options-monitor/venv/lib/python3.13/site-packages/requests/models.py", line 1026, in raise_for_status
    raise HTTPError(http_error_msg, response=self)
requests.exceptions.HTTPError: 404 Client Error: Not Found for url: https://api.polygon.io/v3/trades/options/NBIS?limit=2000&apiKey=yBvjEbOtJIKJghRd76ZFAHPX8VbkeeAq
2025-09-22 15:11:19,603 [INFO] Fetching trades for AAPL
2025-09-22 15:11:19,699 [ERROR] Error processing symbol AAPL: 404 Client Error: Not Found for url: https://api.polygon.io/v3/trades/options/AAPL?limit=2000&apiKey=yBvjEbOtJIKJghRd76ZFAHPX8VbkeeAq
Traceback (most recent call last):
  File "/Users/saireddykasthuri/options-monitor/options-flow-monitor-e2e.py", line 344, in monitor_once
  File "/Users/saireddykasthuri/options-monitor/options-flow-monitor-e2e.py", line 155, in fetch_trades
  File "/Users/saireddykasthuri/options-monitor/options-flow-monitor-e2e.py", line 97, in fetch_options_trades_polygon
    except (KeyboardInterrupt, SystemExit):
    ^^^^^^^^^^^^^^^^
  File "/Users/saireddykasthuri/options-monitor/venv/lib/python3.13/site-packages/requests/models.py", line 1026, in raise_for_status
    raise HTTPError(http_error_msg, response=self)
requests.exceptions.HTTPError: 404 Client Error: Not Found for url: https://api.polygon.io/v3/trades/options/AAPL?limit=2000&apiKey=yBvjEbOtJIKJghRd76ZFAHPX8VbkeeAq
2025-09-22 15:11:19,705 [INFO] Fetching trades for TSLA
2025-09-22 15:11:19,793 [ERROR] Error processing symbol TSLA: 404 Client Error: Not Found for url: https://api.polygon.io/v3/trades/options/TSLA?limit=2000&apiKey=yBvjEbOtJIKJghRd76ZFAHPX8VbkeeAq
Traceback (most recent call last):
  File "/Users/saireddykasthuri/options-monitor/options-flow-monitor-e2e.py", line 344, in monitor_once
  File "/Users/saireddykasthuri/options-monitor/options-flow-monitor-e2e.py", line 155, in fetch_trades
  File "/Users/saireddykasthuri/options-monitor/options-flow-monitor-e2e.py", line 97, in fetch_options_trades_polygon
    except (KeyboardInterrupt, SystemExit):
    ^^^^^^^^^^^^^^^^
  File "/Users/saireddykasthuri/options-monitor/venv/lib/python3.13/site-packages/requests/models.py", line 1026, in raise_for_status
    raise HTTPError(http_error_msg, response=self)
requests.exceptions.HTTPError: 404 Client Error: Not Found for url: https://api.polygon.io/v3/trades/options/TSLA?limit=2000&apiKey=yBvjEbOtJIKJghRd76ZFAHPX8VbkeeAq
2025-09-22 15:11:19,798 [INFO] Job "main.<locals>.<lambda> (trigger: interval[0:15:00], next run at: 2025-09-22 15:26:19 EDT)" executed successfully
2025-09-23 06:38:58,350 [WARNING] Run time of job "main.<locals>.<lambda> (trigger: interval[0:15:00], next run at: 2025-09-23 06:41:19 EDT)" was missed by 0:12:38.979989
2025-09-23 09:23:18,474 [WARNING] Run time of job "main.<locals>.<lambda> (trigger: interval[0:15:00], next run at: 2025-09-23 09:26:19 EDT)" was missed by 0:11:59.103803
2025-09-23 12:41:06,820 [WARNING] Run time of job "main.<locals>.<lambda> (trigger: interval[0:15:00], next run at: 2025-09-23 12:41:19 EDT)" was missed by 0:14:47.450546
2025-09-23 13:00:47,014 [WARNING] Run time of job "main.<locals>.<lambda> (trigger: interval[0:15:00], next run at: 2025-09-23 13:11:19 EDT)" was missed by 0:04:27.643769
2025-09-23 13:26:24,001 [WARNING] Run time of job "main.<locals>.<lambda> (trigger: interval[0:15:00], next run at: 2025-09-23 13:41:19 EDT)" was missed by 0:00:04.631499
2025-09-23 13:41:19,371 [INFO] Running job "main.<locals>.<lambda> (trigger: interval[0:15:00], next run at: 2025-09-23 13:56:19 EDT)" (scheduled at 2025-09-23 13:41:19.370250-04:00)
2025-09-23 13:41:19,373 [INFO] Fetching trades for ORCL
2025-09-23 13:41:19,486 [ERROR] Error processing symbol ORCL: 404 Client Error: Not Found for url: https://api.polygon.io/v3/trades/options/ORCL?limit=2000&apiKey=yBvjEbOtJIKJghRd76ZFAHPX8VbkeeAq
Traceback (most recent call last):
  File "/Users/saireddykasthuri/options-monitor/options-flow-monitor-e2e.py", line 344, in monitor_once
  File "/Users/saireddykasthuri/options-monitor/options-flow-monitor-e2e.py", line 155, in fetch_trades
  File "/Users/saireddykasthuri/options-monitor/options-flow-monitor-e2e.py", line 97, in fetch_options_trades_polygon
    except (KeyboardInterrupt, SystemExit):
    ^^^^^^^^^^^^^^^^
  File "/Users/saireddykasthuri/options-monitor/venv/lib/python3.13/site-packages/requests/models.py", line 1026, in raise_for_status
    raise HTTPError(http_error_msg, response=self)
requests.exceptions.HTTPError: 404 Client Error: Not Found for url: https://api.polygon.io/v3/trades/options/ORCL?limit=2000&apiKey=yBvjEbOtJIKJghRd76ZFAHPX8VbkeeAq
2025-09-23 13:41:19,491 [INFO] Fetching trades for NBIS
2025-09-23 13:41:19,587 [ERROR] Error processing symbol NBIS: 404 Client Error: Not Found for url: https://api.polygon.io/v3/trades/options/NBIS?limit=2000&apiKey=yBvjEbOtJIKJghRd76ZFAHPX8VbkeeAq
Traceback (most recent call last):
  File "/Users/saireddykasthuri/options-monitor/options-flow-monitor-e2e.py", line 344, in monitor_once
  File "/Users/saireddykasthuri/options-monitor/options-flow-monitor-e2e.py", line 155, in fetch_trades
  File "/Users/saireddykasthuri/options-monitor/options-flow-monitor-e2e.py", line 97, in fetch_options_trades_polygon
    except (KeyboardInterrupt, SystemExit):
    ^^^^^^^^^^^^^^^^
  File "/Users/saireddykasthuri/options-monitor/venv/lib/python3.13/site-packages/requests/models.py", line 1026, in raise_for_status
    raise HTTPError(http_error_msg, response=self)
requests.exceptions.HTTPError: 404 Client Error: Not Found for url: https://api.polygon.io/v3/trades/options/NBIS?limit=2000&apiKey=yBvjEbOtJIKJghRd76ZFAHPX8VbkeeAq
2025-09-23 13:41:19,591 [INFO] Fetching trades for AAPL
2025-09-23 13:41:19,685 [ERROR] Error processing symbol AAPL: 404 Client Error: Not Found for url: https://api.polygon.io/v3/trades/options/AAPL?limit=2000&apiKey=yBvjEbOtJIKJghRd76ZFAHPX8VbkeeAq
Traceback (most recent call last):
  File "/Users/saireddykasthuri/options-monitor/options-flow-monitor-e2e.py", line 344, in monitor_once
  File "/Users/saireddykasthuri/options-monitor/options-flow-monitor-e2e.py", line 155, in fetch_trades
  File "/Users/saireddykasthuri/options-monitor/options-flow-monitor-e2e.py", line 97, in fetch_options_trades_polygon
    except (KeyboardInterrupt, SystemExit):
    ^^^^^^^^^^^^^^^^
  File "/Users/saireddykasthuri/options-monitor/venv/lib/python3.13/site-packages/requests/models.py", line 1026, in raise_for_status
    raise HTTPError(http_error_msg, response=self)
requests.exceptions.HTTPError: 404 Client Error: Not Found for url: https://api.polygon.io/v3/trades/options/AAPL?limit=2000&apiKey=yBvjEbOtJIKJghRd76ZFAHPX8VbkeeAq
2025-09-23 13:41:19,689 [INFO] Fetching trades for TSLA
2025-09-23 13:41:19,778 [ERROR] Error processing symbol TSLA: 404 Client Error: Not Found for url: https://api.polygon.io/v3/trades/options/TSLA?limit=2000&apiKey=yBvjEbOtJIKJghRd76ZFAHPX8VbkeeAq
Traceback (most recent call last):
  File "/Users/saireddykasthuri/options-monitor/options-flow-monitor-e2e.py", line 344, in monitor_once
  File "/Users/saireddykasthuri/options-monitor/options-flow-monitor-e2e.py", line 155, in fetch_trades
  File "/Users/saireddykasthuri/options-monitor/options-flow-monitor-e2e.py", line 97, in fetch_options_trades_polygon
    except (KeyboardInterrupt, SystemExit):
    ^^^^^^^^^^^^^^^^
  File "/Users/saireddykasthuri/options-monitor/venv/lib/python3.13/site-packages/requests/models.py", line 1026, in raise_for_status
    raise HTTPError(http_error_msg, response=self)
requests.exceptions.HTTPError: 404 Client Error: Not Found for url: https://api.polygon.io/v3/trades/options/TSLA?limit=2000&apiKey=yBvjEbOtJIKJghRd76ZFAHPX8VbkeeAq
2025-09-23 13:41:19,782 [INFO] Job "main.<locals>.<lambda> (trigger: interval[0:15:00], next run at: 2025-09-23 13:56:19 EDT)" executed successfully
2025-09-23 13:56:19,404 [INFO] Running job "main.<locals>.<lambda> (trigger: interval[0:15:00], next run at: 2025-09-23 14:11:19 EDT)" (scheduled at 2025-09-23 13:56:19.370250-04:00)
2025-09-23 13:56:19,406 [INFO] Fetching trades for ORCL
2025-09-23 13:56:19,513 [ERROR] Error processing symbol ORCL: 404 Client Error: Not Found for url: https://api.polygon.io/v3/trades/options/ORCL?limit=2000&apiKey=yBvjEbOtJIKJghRd76ZFAHPX8VbkeeAq
Traceback (most recent call last):
  File "/Users/saireddykasthuri/options-monitor/options-flow-monitor-e2e.py", line 344, in monitor_once
  File "/Users/saireddykasthuri/options-monitor/options-flow-monitor-e2e.py", line 155, in fetch_trades
  File "/Users/saireddykasthuri/options-monitor/options-flow-monitor-e2e.py", line 97, in fetch_options_trades_polygon
    except (KeyboardInterrupt, SystemExit):
    ^^^^^^^^^^^^^^^^
  File "/Users/saireddykasthuri/options-monitor/venv/lib/python3.13/site-packages/requests/models.py", line 1026, in raise_for_status
    raise HTTPError(http_error_msg, response=self)
requests.exceptions.HTTPError: 404 Client Error: Not Found for url: https://api.polygon.io/v3/trades/options/ORCL?limit=2000&apiKey=yBvjEbOtJIKJghRd76ZFAHPX8VbkeeAq
2025-09-23 13:56:19,520 [INFO] Fetching trades for NBIS
2025-09-23 13:56:19,619 [ERROR] Error processing symbol NBIS: 404 Client Error: Not Found for url: https://api.polygon.io/v3/trades/options/NBIS?limit=2000&apiKey=yBvjEbOtJIKJghRd76ZFAHPX8VbkeeAq
Traceback (most recent call last):
  File "/Users/saireddykasthuri/options-monitor/options-flow-monitor-e2e.py", line 344, in monitor_once
  File "/Users/saireddykasthuri/options-monitor/options-flow-monitor-e2e.py", line 155, in fetch_trades
  File "/Users/saireddykasthuri/options-monitor/options-flow-monitor-e2e.py", line 97, in fetch_options_trades_polygon
    except (KeyboardInterrupt, SystemExit):
    ^^^^^^^^^^^^^^^^
  File "/Users/saireddykasthuri/options-monitor/venv/lib/python3.13/site-packages/requests/models.py", line 1026, in raise_for_status
    raise HTTPError(http_error_msg, response=self)
requests.exceptions.HTTPError: 404 Client Error: Not Found for url: https://api.polygon.io/v3/trades/options/NBIS?limit=2000&apiKey=yBvjEbOtJIKJghRd76ZFAHPX8VbkeeAq
2025-09-23 13:56:19,628 [INFO] Fetching trades for AAPL
2025-09-23 13:56:19,730 [ERROR] Error processing symbol AAPL: 404 Client Error: Not Found for url: https://api.polygon.io/v3/trades/options/AAPL?limit=2000&apiKey=yBvjEbOtJIKJghRd76ZFAHPX8VbkeeAq
Traceback (most recent call last):
  File "/Users/saireddykasthuri/options-monitor/options-flow-monitor-e2e.py", line 344, in monitor_once
  File "/Users/saireddykasthuri/options-monitor/options-flow-monitor-e2e.py", line 155, in fetch_trades
  File "/Users/saireddykasthuri/options-monitor/options-flow-monitor-e2e.py", line 97, in fetch_options_trades_polygon
    except (KeyboardInterrupt, SystemExit):
    ^^^^^^^^^^^^^^^^
  File "/Users/saireddykasthuri/options-monitor/venv/lib/python3.13/site-packages/requests/models.py", line 1026, in raise_for_status
    raise HTTPError(http_error_msg, response=self)
requests.exceptions.HTTPError: 404 Client Error: Not Found for url: https://api.polygon.io/v3/trades/options/AAPL?limit=2000&apiKey=yBvjEbOtJIKJghRd76ZFAHPX8VbkeeAq
2025-09-23 13:56:19,736 [INFO] Fetching trades for TSLA
2025-09-23 13:56:19,832 [ERROR] Error processing symbol TSLA: 404 Client Error: Not Found for url: https://api.polygon.io/v3/trades/options/TSLA?limit=2000&apiKey=yBvjEbOtJIKJghRd76ZFAHPX8VbkeeAq
Traceback (most recent call last):
  File "/Users/saireddykasthuri/options-monitor/options-flow-monitor-e2e.py", line 344, in monitor_once
  File "/Users/saireddykasthuri/options-monitor/options-flow-monitor-e2e.py", line 155, in fetch_trades
  File "/Users/saireddykasthuri/options-monitor/options-flow-monitor-e2e.py", line 97, in fetch_options_trades_polygon
    except (KeyboardInterrupt, SystemExit):
    ^^^^^^^^^^^^^^^^
  File "/Users/saireddykasthuri/options-monitor/venv/lib/python3.13/site-packages/requests/models.py", line 1026, in raise_for_status
    raise HTTPError(http_error_msg, response=self)
requests.exceptions.HTTPError: 404 Client Error: Not Found for url: https://api.polygon.io/v3/trades/options/TSLA?limit=2000&apiKey=yBvjEbOtJIKJghRd76ZFAHPX8VbkeeAq
2025-09-23 13:56:19,838 [INFO] Job "main.<locals>.<lambda> (trigger: interval[0:15:00], next run at: 2025-09-23 14:11:19 EDT)" executed successfully
2025-09-23 14:25:59,518 [WARNING] Run time of job "main.<locals>.<lambda> (trigger: interval[0:15:00], next run at: 2025-09-23 14:26:19 EDT)" was missed by 0:14:40.148386
2025-09-23 14:26:19,376 [INFO] Running job "main.<locals>.<lambda> (trigger: interval[0:15:00], next run at: 2025-09-23 14:41:19 EDT)" (scheduled at 2025-09-23 14:26:19.370250-04:00)
2025-09-23 14:26:19,377 [INFO] Fetching trades for ORCL
2025-09-23 14:26:19,488 [ERROR] Error processing symbol ORCL: 404 Client Error: Not Found for url: https://api.polygon.io/v3/trades/options/ORCL?limit=2000&apiKey=yBvjEbOtJIKJghRd76ZFAHPX8VbkeeAq
Traceback (most recent call last):
  File "/Users/saireddykasthuri/options-monitor/options-flow-monitor-e2e.py", line 344, in monitor_once
  File "/Users/saireddykasthuri/options-monitor/options-flow-monitor-e2e.py", line 155, in fetch_trades
  File "/Users/saireddykasthuri/options-monitor/options-flow-monitor-e2e.py", line 97, in fetch_options_trades_polygon
    except (KeyboardInterrupt, SystemExit):
    ^^^^^^^^^^^^^^^^
  File "/Users/saireddykasthuri/options-monitor/venv/lib/python3.13/site-packages/requests/models.py", line 1026, in raise_for_status
    raise HTTPError(http_error_msg, response=self)
requests.exceptions.HTTPError: 404 Client Error: Not Found for url: https://api.polygon.io/v3/trades/options/ORCL?limit=2000&apiKey=yBvjEbOtJIKJghRd76ZFAHPX8VbkeeAq
2025-09-23 14:26:19,495 [INFO] Fetching trades for NBIS
2025-09-23 14:26:19,583 [ERROR] Error processing symbol NBIS: 404 Client Error: Not Found for url: https://api.polygon.io/v3/trades/options/NBIS?limit=2000&apiKey=yBvjEbOtJIKJghRd76ZFAHPX8VbkeeAq
Traceback (most recent call last):
  File "/Users/saireddykasthuri/options-monitor/options-flow-monitor-e2e.py", line 344, in monitor_once
  File "/Users/saireddykasthuri/options-monitor/options-flow-monitor-e2e.py", line 155, in fetch_trades
  File "/Users/saireddykasthuri/options-monitor/options-flow-monitor-e2e.py", line 97, in fetch_options_trades_polygon
    except (KeyboardInterrupt, SystemExit):
    ^^^^^^^^^^^^^^^^
  File "/Users/saireddykasthuri/options-monitor/venv/lib/python3.13/site-packages/requests/models.py", line 1026, in raise_for_status
    raise HTTPError(http_error_msg, response=self)
requests.exceptions.HTTPError: 404 Client Error: Not Found for url: https://api.polygon.io/v3/trades/options/NBIS?limit=2000&apiKey=yBvjEbOtJIKJghRd76ZFAHPX8VbkeeAq
2025-09-23 14:26:19,590 [INFO] Fetching trades for AAPL
2025-09-23 14:26:19,684 [ERROR] Error processing symbol AAPL: 404 Client Error: Not Found for url: https://api.polygon.io/v3/trades/options/AAPL?limit=2000&apiKey=yBvjEbOtJIKJghRd76ZFAHPX8VbkeeAq
Traceback (most recent call last):
  File "/Users/saireddykasthuri/options-monitor/options-flow-monitor-e2e.py", line 344, in monitor_once
  File "/Users/saireddykasthuri/options-monitor/options-flow-monitor-e2e.py", line 155, in fetch_trades
  File "/Users/saireddykasthuri/options-monitor/options-flow-monitor-e2e.py", line 97, in fetch_options_trades_polygon
    except (KeyboardInterrupt, SystemExit):
    ^^^^^^^^^^^^^^^^
  File "/Users/saireddykasthuri/options-monitor/venv/lib/python3.13/site-packages/requests/models.py", line 1026, in raise_for_status
    raise HTTPError(http_error_msg, response=self)
requests.exceptions.HTTPError: 404 Client Error: Not Found for url: https://api.polygon.io/v3/trades/options/AAPL?limit=2000&apiKey=yBvjEbOtJIKJghRd76ZFAHPX8VbkeeAq
2025-09-23 14:26:19,690 [INFO] Fetching trades for TSLA
2025-09-23 14:26:19,780 [ERROR] Error processing symbol TSLA: 404 Client Error: Not Found for url: https://api.polygon.io/v3/trades/options/TSLA?limit=2000&apiKey=yBvjEbOtJIKJghRd76ZFAHPX8VbkeeAq
Traceback (most recent call last):
  File "/Users/saireddykasthuri/options-monitor/options-flow-monitor-e2e.py", line 344, in monitor_once
  File "/Users/saireddykasthuri/options-monitor/options-flow-monitor-e2e.py", line 155, in fetch_trades
  File "/Users/saireddykasthuri/options-monitor/options-flow-monitor-e2e.py", line 97, in fetch_options_trades_polygon
    except (KeyboardInterrupt, SystemExit):
    ^^^^^^^^^^^^^^^^
  File "/Users/saireddykasthuri/options-monitor/venv/lib/python3.13/site-packages/requests/models.py", line 1026, in raise_for_status
    raise HTTPError(http_error_msg, response=self)
requests.exceptions.HTTPError: 404 Client Error: Not Found for url: https://api.polygon.io/v3/trades/options/TSLA?limit=2000&apiKey=yBvjEbOtJIKJghRd76ZFAHPX8VbkeeAq
2025-09-23 14:26:19,788 [INFO] Job "main.<locals>.<lambda> (trigger: interval[0:15:00], next run at: 2025-09-23 14:41:19 EDT)" executed successfully
2025-09-23 14:48:44,790 [WARNING] Run time of job "main.<locals>.<lambda> (trigger: interval[0:15:00], next run at: 2025-09-23 14:56:19 EDT)" was missed by 0:07:25.420082
2025-09-23 14:56:19,375 [INFO] Running job "main.<locals>.<lambda> (trigger: interval[0:15:00], next run at: 2025-09-23 15:11:19 EDT)" (scheduled at 2025-09-23 14:56:19.370250-04:00)
2025-09-23 14:56:19,378 [INFO] Fetching trades for ORCL
2025-09-23 14:56:19,504 [ERROR] Error processing symbol ORCL: 404 Client Error: Not Found for url: https://api.polygon.io/v3/trades/options/ORCL?limit=2000&apiKey=yBvjEbOtJIKJghRd76ZFAHPX8VbkeeAq
Traceback (most recent call last):
  File "/Users/saireddykasthuri/options-monitor/options-flow-monitor-e2e.py", line 344, in monitor_once
  File "/Users/saireddykasthuri/options-monitor/options-flow-monitor-e2e.py", line 155, in fetch_trades
  File "/Users/saireddykasthuri/options-monitor/options-flow-monitor-e2e.py", line 97, in fetch_options_trades_polygon
    except (KeyboardInterrupt, SystemExit):
    ^^^^^^^^^^^^^^^^
  File "/Users/saireddykasthuri/options-monitor/venv/lib/python3.13/site-packages/requests/models.py", line 1026, in raise_for_status
    raise HTTPError(http_error_msg, response=self)
requests.exceptions.HTTPError: 404 Client Error: Not Found for url: https://api.polygon.io/v3/trades/options/ORCL?limit=2000&apiKey=yBvjEbOtJIKJghRd76ZFAHPX8VbkeeAq
2025-09-23 14:56:19,510 [INFO] Fetching trades for NBIS
2025-09-23 14:56:19,613 [ERROR] Error processing symbol NBIS: 404 Client Error: Not Found for url: https://api.polygon.io/v3/trades/options/NBIS?limit=2000&apiKey=yBvjEbOtJIKJghRd76ZFAHPX8VbkeeAq
Traceback (most recent call last):
  File "/Users/saireddykasthuri/options-monitor/options-flow-monitor-e2e.py", line 344, in monitor_once
  File "/Users/saireddykasthuri/options-monitor/options-flow-monitor-e2e.py", line 155, in fetch_trades
  File "/Users/saireddykasthuri/options-monitor/options-flow-monitor-e2e.py", line 97, in fetch_options_trades_polygon
    except (KeyboardInterrupt, SystemExit):
    ^^^^^^^^^^^^^^^^
  File "/Users/saireddykasthuri/options-monitor/venv/lib/python3.13/site-packages/requests/models.py", line 1026, in raise_for_status
    raise HTTPError(http_error_msg, response=self)
requests.exceptions.HTTPError: 404 Client Error: Not Found for url: https://api.polygon.io/v3/trades/options/NBIS?limit=2000&apiKey=yBvjEbOtJIKJghRd76ZFAHPX8VbkeeAq
2025-09-23 14:56:19,617 [INFO] Fetching trades for AAPL
2025-09-23 14:56:19,706 [ERROR] Error processing symbol AAPL: 404 Client Error: Not Found for url: https://api.polygon.io/v3/trades/options/AAPL?limit=2000&apiKey=yBvjEbOtJIKJghRd76ZFAHPX8VbkeeAq
Traceback (most recent call last):
  File "/Users/saireddykasthuri/options-monitor/options-flow-monitor-e2e.py", line 344, in monitor_once
  File "/Users/saireddykasthuri/options-monitor/options-flow-monitor-e2e.py", line 155, in fetch_trades
  File "/Users/saireddykasthuri/options-monitor/options-flow-monitor-e2e.py", line 97, in fetch_options_trades_polygon
    except (KeyboardInterrupt, SystemExit):
    ^^^^^^^^^^^^^^^^
  File "/Users/saireddykasthuri/options-monitor/venv/lib/python3.13/site-packages/requests/models.py", line 1026, in raise_for_status
    raise HTTPError(http_error_msg, response=self)
requests.exceptions.HTTPError: 404 Client Error: Not Found for url: https://api.polygon.io/v3/trades/options/AAPL?limit=2000&apiKey=yBvjEbOtJIKJghRd76ZFAHPX8VbkeeAq
2025-09-23 14:56:19,711 [INFO] Fetching trades for TSLA
2025-09-23 14:56:19,810 [ERROR] Error processing symbol TSLA: 404 Client Error: Not Found for url: https://api.polygon.io/v3/trades/options/TSLA?limit=2000&apiKey=yBvjEbOtJIKJghRd76ZFAHPX8VbkeeAq
Traceback (most recent call last):
  File "/Users/saireddykasthuri/options-monitor/options-flow-monitor-e2e.py", line 344, in monitor_once
  File "/Users/saireddykasthuri/options-monitor/options-flow-monitor-e2e.py", line 155, in fetch_trades
  File "/Users/saireddykasthuri/options-monitor/options-flow-monitor-e2e.py", line 97, in fetch_options_trades_polygon
    except (KeyboardInterrupt, SystemExit):
    ^^^^^^^^^^^^^^^^
  File "/Users/saireddykasthuri/options-monitor/venv/lib/python3.13/site-packages/requests/models.py", line 1026, in raise_for_status
    raise HTTPError(http_error_msg, response=self)
requests.exceptions.HTTPError: 404 Client Error: Not Found for url: https://api.polygon.io/v3/trades/options/TSLA?limit=2000&apiKey=yBvjEbOtJIKJghRd76ZFAHPX8VbkeeAq
2025-09-23 14:56:19,816 [INFO] Job "main.<locals>.<lambda> (trigger: interval[0:15:00], next run at: 2025-09-23 15:11:19 EDT)" executed successfully
2025-09-23 15:16:34,894 [WARNING] Run time of job "main.<locals>.<lambda> (trigger: interval[0:15:00], next run at: 2025-09-23 15:26:19 EDT)" was missed by 0:05:15.524080
2025-09-23 15:29:19,236 [WARNING] Run time of job "main.<locals>.<lambda> (trigger: interval[0:15:00], next run at: 2025-09-23 15:41:19 EDT)" was missed by 0:02:59.866460
2025-09-23 15:53:59,713 [WARNING] Run time of job "main.<locals>.<lambda> (trigger: interval[0:15:00], next run at: 2025-09-23 15:56:19 EDT)" was missed by 0:12:40.342928
2025-09-23 16:02:59,059 [WARNING] Run time of job "main.<locals>.<lambda> (trigger: interval[0:15:00], next run at: 2025-09-23 16:11:19 EDT)" was missed by 0:06:39.689633
2025-09-23 16:11:19,379 [INFO] Running job "main.<locals>.<lambda> (trigger: interval[0:15:00], next run at: 2025-09-23 16:26:19 EDT)" (scheduled at 2025-09-23 16:11:19.370250-04:00)
2025-09-23 16:11:19,380 [INFO] Fetching trades for ORCL
2025-09-23 16:11:19,488 [ERROR] Error processing symbol ORCL: 404 Client Error: Not Found for url: https://api.polygon.io/v3/trades/options/ORCL?limit=2000&apiKey=yBvjEbOtJIKJghRd76ZFAHPX8VbkeeAq
Traceback (most recent call last):
  File "/Users/saireddykasthuri/options-monitor/options-flow-monitor-e2e.py", line 344, in monitor_once
  File "/Users/saireddykasthuri/options-monitor/options-flow-monitor-e2e.py", line 155, in fetch_trades
  File "/Users/saireddykasthuri/options-monitor/options-flow-monitor-e2e.py", line 97, in fetch_options_trades_polygon
    except (KeyboardInterrupt, SystemExit):
    ^^^^^^^^^^^^^^^^
  File "/Users/saireddykasthuri/options-monitor/venv/lib/python3.13/site-packages/requests/models.py", line 1026, in raise_for_status
    raise HTTPError(http_error_msg, response=self)
requests.exceptions.HTTPError: 404 Client Error: Not Found for url: https://api.polygon.io/v3/trades/options/ORCL?limit=2000&apiKey=yBvjEbOtJIKJghRd76ZFAHPX8VbkeeAq
2025-09-23 16:11:19,501 [INFO] Fetching trades for NBIS
2025-09-23 16:11:19,591 [ERROR] Error processing symbol NBIS: 404 Client Error: Not Found for url: https://api.polygon.io/v3/trades/options/NBIS?limit=2000&apiKey=yBvjEbOtJIKJghRd76ZFAHPX8VbkeeAq
Traceback (most recent call last):
  File "/Users/saireddykasthuri/options-monitor/options-flow-monitor-e2e.py", line 344, in monitor_once
  File "/Users/saireddykasthuri/options-monitor/options-flow-monitor-e2e.py", line 155, in fetch_trades
  File "/Users/saireddykasthuri/options-monitor/options-flow-monitor-e2e.py", line 97, in fetch_options_trades_polygon
    except (KeyboardInterrupt, SystemExit):
    ^^^^^^^^^^^^^^^^
  File "/Users/saireddykasthuri/options-monitor/venv/lib/python3.13/site-packages/requests/models.py", line 1026, in raise_for_status
    raise HTTPError(http_error_msg, response=self)
requests.exceptions.HTTPError: 404 Client Error: Not Found for url: https://api.polygon.io/v3/trades/options/NBIS?limit=2000&apiKey=yBvjEbOtJIKJghRd76ZFAHPX8VbkeeAq
2025-09-23 16:11:19,597 [INFO] Fetching trades for AAPL
2025-09-23 16:11:19,693 [ERROR] Error processing symbol AAPL: 404 Client Error: Not Found for url: https://api.polygon.io/v3/trades/options/AAPL?limit=2000&apiKey=yBvjEbOtJIKJghRd76ZFAHPX8VbkeeAq
Traceback (most recent call last):
  File "/Users/saireddykasthuri/options-monitor/options-flow-monitor-e2e.py", line 344, in monitor_once
  File "/Users/saireddykasthuri/options-monitor/options-flow-monitor-e2e.py", line 155, in fetch_trades
  File "/Users/saireddykasthuri/options-monitor/options-flow-monitor-e2e.py", line 97, in fetch_options_trades_polygon
    except (KeyboardInterrupt, SystemExit):
    ^^^^^^^^^^^^^^^^
  File "/Users/saireddykasthuri/options-monitor/venv/lib/python3.13/site-packages/requests/models.py", line 1026, in raise_for_status
    raise HTTPError(http_error_msg, response=self)
requests.exceptions.HTTPError: 404 Client Error: Not Found for url: https://api.polygon.io/v3/trades/options/AAPL?limit=2000&apiKey=yBvjEbOtJIKJghRd76ZFAHPX8VbkeeAq
2025-09-23 16:11:19,704 [INFO] Fetching trades for TSLA
2025-09-23 16:11:19,803 [ERROR] Error processing symbol TSLA: 404 Client Error: Not Found for url: https://api.polygon.io/v3/trades/options/TSLA?limit=2000&apiKey=yBvjEbOtJIKJghRd76ZFAHPX8VbkeeAq
Traceback (most recent call last):
  File "/Users/saireddykasthuri/options-monitor/options-flow-monitor-e2e.py", line 344, in monitor_once
  File "/Users/saireddykasthuri/options-monitor/options-flow-monitor-e2e.py", line 155, in fetch_trades
  File "/Users/saireddykasthuri/options-monitor/options-flow-monitor-e2e.py", line 97, in fetch_options_trades_polygon
    except (KeyboardInterrupt, SystemExit):
    ^^^^^^^^^^^^^^^^
  File "/Users/saireddykasthuri/options-monitor/venv/lib/python3.13/site-packages/requests/models.py", line 1026, in raise_for_status
    raise HTTPError(http_error_msg, response=self)
requests.exceptions.HTTPError: 404 Client Error: Not Found for url: https://api.polygon.io/v3/trades/options/TSLA?limit=2000&apiKey=yBvjEbOtJIKJghRd76ZFAHPX8VbkeeAq
2025-09-23 16:11:19,809 [INFO] Job "main.<locals>.<lambda> (trigger: interval[0:15:00], next run at: 2025-09-23 16:26:19 EDT)" executed successfully
2025-09-24 00:46:20,797 [WARNING] Run time of job "main.<locals>.<lambda> (trigger: interval[0:15:00], next run at: 2025-09-24 00:56:19 EDT)" was missed by 0:05:01.427340
2025-09-24 14:57:24,790 [WARNING] Run time of job "main.<locals>.<lambda> (trigger: interval[0:15:00], next run at: 2025-09-24 15:11:19 EDT)" was missed by 0:01:05.420525
2025-09-25 11:52:39,500 [WARNING] Run time of job "main.<locals>.<lambda> (trigger: interval[0:15:00], next run at: 2025-09-25 11:56:19 EDT)" was missed by 0:11:20.129475
2025-09-25 11:56:19,376 [INFO] Running job "main.<locals>.<lambda> (trigger: interval[0:15:00], next run at: 2025-09-25 12:11:19 EDT)" (scheduled at 2025-09-25 11:56:19.370250-04:00)
2025-09-25 11:56:19,378 [INFO] Fetching trades for ORCL
2025-09-25 11:56:19,504 [ERROR] Error processing symbol ORCL: 404 Client Error: Not Found for url: https://api.polygon.io/v3/trades/options/ORCL?limit=2000&apiKey=yBvjEbOtJIKJghRd76ZFAHPX8VbkeeAq
Traceback (most recent call last):
  File "/Users/saireddykasthuri/options-monitor/options-flow-monitor-e2e.py", line 344, in monitor_once
  File "/Users/saireddykasthuri/options-monitor/options-flow-monitor-e2e.py", line 155, in fetch_trades
  File "/Users/saireddykasthuri/options-monitor/options-flow-monitor-e2e.py", line 97, in fetch_options_trades_polygon
    except (KeyboardInterrupt, SystemExit):
    ^^^^^^^^^^^^^^^^
  File "/Users/saireddykasthuri/options-monitor/venv/lib/python3.13/site-packages/requests/models.py", line 1026, in raise_for_status
    raise HTTPError(http_error_msg, response=self)
requests.exceptions.HTTPError: 404 Client Error: Not Found for url: https://api.polygon.io/v3/trades/options/ORCL?limit=2000&apiKey=yBvjEbOtJIKJghRd76ZFAHPX8VbkeeAq
2025-09-25 11:56:19,510 [INFO] Fetching trades for NBIS
2025-09-25 11:56:19,594 [ERROR] Error processing symbol NBIS: 404 Client Error: Not Found for url: https://api.polygon.io/v3/trades/options/NBIS?limit=2000&apiKey=yBvjEbOtJIKJghRd76ZFAHPX8VbkeeAq
Traceback (most recent call last):
  File "/Users/saireddykasthuri/options-monitor/options-flow-monitor-e2e.py", line 344, in monitor_once
  File "/Users/saireddykasthuri/options-monitor/options-flow-monitor-e2e.py", line 155, in fetch_trades
  File "/Users/saireddykasthuri/options-monitor/options-flow-monitor-e2e.py", line 97, in fetch_options_trades_polygon
    except (KeyboardInterrupt, SystemExit):
    ^^^^^^^^^^^^^^^^
  File "/Users/saireddykasthuri/options-monitor/venv/lib/python3.13/site-packages/requests/models.py", line 1026, in raise_for_status
    raise HTTPError(http_error_msg, response=self)
requests.exceptions.HTTPError: 404 Client Error: Not Found for url: https://api.polygon.io/v3/trades/options/NBIS?limit=2000&apiKey=yBvjEbOtJIKJghRd76ZFAHPX8VbkeeAq
2025-09-25 11:56:19,598 [INFO] Fetching trades for AAPL
2025-09-25 11:56:19,690 [ERROR] Error processing symbol AAPL: 404 Client Error: Not Found for url: https://api.polygon.io/v3/trades/options/AAPL?limit=2000&apiKey=yBvjEbOtJIKJghRd76ZFAHPX8VbkeeAq
Traceback (most recent call last):
  File "/Users/saireddykasthuri/options-monitor/options-flow-monitor-e2e.py", line 344, in monitor_once
  File "/Users/saireddykasthuri/options-monitor/options-flow-monitor-e2e.py", line 155, in fetch_trades
  File "/Users/saireddykasthuri/options-monitor/options-flow-monitor-e2e.py", line 97, in fetch_options_trades_polygon
    except (KeyboardInterrupt, SystemExit):
    ^^^^^^^^^^^^^^^^
  File "/Users/saireddykasthuri/options-monitor/venv/lib/python3.13/site-packages/requests/models.py", line 1026, in raise_for_status
    raise HTTPError(http_error_msg, response=self)
requests.exceptions.HTTPError: 404 Client Error: Not Found for url: https://api.polygon.io/v3/trades/options/AAPL?limit=2000&apiKey=yBvjEbOtJIKJghRd76ZFAHPX8VbkeeAq
2025-09-25 11:56:19,692 [INFO] Fetching trades for TSLA
2025-09-25 11:56:19,791 [ERROR] Error processing symbol TSLA: 404 Client Error: Not Found for url: https://api.polygon.io/v3/trades/options/TSLA?limit=2000&apiKey=yBvjEbOtJIKJghRd76ZFAHPX8VbkeeAq
Traceback (most recent call last):
  File "/Users/saireddykasthuri/options-monitor/options-flow-monitor-e2e.py", line 344, in monitor_once
  File "/Users/saireddykasthuri/options-monitor/options-flow-monitor-e2e.py", line 155, in fetch_trades
  File "/Users/saireddykasthuri/options-monitor/options-flow-monitor-e2e.py", line 97, in fetch_options_trades_polygon
    except (KeyboardInterrupt, SystemExit):
    ^^^^^^^^^^^^^^^^
  File "/Users/saireddykasthuri/options-monitor/venv/lib/python3.13/site-packages/requests/models.py", line 1026, in raise_for_status
    raise HTTPError(http_error_msg, response=self)
requests.exceptions.HTTPError: 404 Client Error: Not Found for url: https://api.polygon.io/v3/trades/options/TSLA?limit=2000&apiKey=yBvjEbOtJIKJghRd76ZFAHPX8VbkeeAq
2025-09-25 11:56:19,793 [INFO] Job "main.<locals>.<lambda> (trigger: interval[0:15:00], next run at: 2025-09-25 12:11:19 EDT)" executed successfully
2025-09-25 12:11:19,377 [INFO] Running job "main.<locals>.<lambda> (trigger: interval[0:15:00], next run at: 2025-09-25 12:26:19 EDT)" (scheduled at 2025-09-25 12:11:19.370250-04:00)
2025-09-25 12:11:19,380 [INFO] Fetching trades for ORCL
2025-09-25 12:11:19,496 [ERROR] Error processing symbol ORCL: 404 Client Error: Not Found for url: https://api.polygon.io/v3/trades/options/ORCL?limit=2000&apiKey=yBvjEbOtJIKJghRd76ZFAHPX8VbkeeAq
Traceback (most recent call last):
  File "/Users/saireddykasthuri/options-monitor/options-flow-monitor-e2e.py", line 344, in monitor_once
  File "/Users/saireddykasthuri/options-monitor/options-flow-monitor-e2e.py", line 155, in fetch_trades
  File "/Users/saireddykasthuri/options-monitor/options-flow-monitor-e2e.py", line 97, in fetch_options_trades_polygon
    except (KeyboardInterrupt, SystemExit):
    ^^^^^^^^^^^^^^^^
  File "/Users/saireddykasthuri/options-monitor/venv/lib/python3.13/site-packages/requests/models.py", line 1026, in raise_for_status
    raise HTTPError(http_error_msg, response=self)
requests.exceptions.HTTPError: 404 Client Error: Not Found for url: https://api.polygon.io/v3/trades/options/ORCL?limit=2000&apiKey=yBvjEbOtJIKJghRd76ZFAHPX8VbkeeAq
2025-09-25 12:11:19,500 [INFO] Fetching trades for NBIS
2025-09-25 12:11:19,577 [ERROR] Error processing symbol NBIS: 404 Client Error: Not Found for url: https://api.polygon.io/v3/trades/options/NBIS?limit=2000&apiKey=yBvjEbOtJIKJghRd76ZFAHPX8VbkeeAq
Traceback (most recent call last):
  File "/Users/saireddykasthuri/options-monitor/options-flow-monitor-e2e.py", line 344, in monitor_once
  File "/Users/saireddykasthuri/options-monitor/options-flow-monitor-e2e.py", line 155, in fetch_trades
  File "/Users/saireddykasthuri/options-monitor/options-flow-monitor-e2e.py", line 97, in fetch_options_trades_polygon
    except (KeyboardInterrupt, SystemExit):
    ^^^^^^^^^^^^^^^^
  File "/Users/saireddykasthuri/options-monitor/venv/lib/python3.13/site-packages/requests/models.py", line 1026, in raise_for_status
    raise HTTPError(http_error_msg, response=self)
requests.exceptions.HTTPError: 404 Client Error: Not Found for url: https://api.polygon.io/v3/trades/options/NBIS?limit=2000&apiKey=yBvjEbOtJIKJghRd76ZFAHPX8VbkeeAq
2025-09-25 12:11:19,581 [INFO] Fetching trades for AAPL
2025-09-25 12:11:19,663 [ERROR] Error processing symbol AAPL: 404 Client Error: Not Found for url: https://api.polygon.io/v3/trades/options/AAPL?limit=2000&apiKey=yBvjEbOtJIKJghRd76ZFAHPX8VbkeeAq
Traceback (most recent call last):
  File "/Users/saireddykasthuri/options-monitor/options-flow-monitor-e2e.py", line 344, in monitor_once
  File "/Users/saireddykasthuri/options-monitor/options-flow-monitor-e2e.py", line 155, in fetch_trades
  File "/Users/saireddykasthuri/options-monitor/options-flow-monitor-e2e.py", line 97, in fetch_options_trades_polygon
    except (KeyboardInterrupt, SystemExit):
    ^^^^^^^^^^^^^^^^
  File "/Users/saireddykasthuri/options-monitor/venv/lib/python3.13/site-packages/requests/models.py", line 1026, in raise_for_status
    raise HTTPError(http_error_msg, response=self)
requests.exceptions.HTTPError: 404 Client Error: Not Found for url: https://api.polygon.io/v3/trades/options/AAPL?limit=2000&apiKey=yBvjEbOtJIKJghRd76ZFAHPX8VbkeeAq
2025-09-25 12:11:19,667 [INFO] Fetching trades for TSLA
2025-09-25 12:11:19,756 [ERROR] Error processing symbol TSLA: 404 Client Error: Not Found for url: https://api.polygon.io/v3/trades/options/TSLA?limit=2000&apiKey=yBvjEbOtJIKJghRd76ZFAHPX8VbkeeAq
Traceback (most recent call last):
  File "/Users/saireddykasthuri/options-monitor/options-flow-monitor-e2e.py", line 344, in monitor_once
  File "/Users/saireddykasthuri/options-monitor/options-flow-monitor-e2e.py", line 155, in fetch_trades
  File "/Users/saireddykasthuri/options-monitor/options-flow-monitor-e2e.py", line 97, in fetch_options_trades_polygon
    except (KeyboardInterrupt, SystemExit):
    ^^^^^^^^^^^^^^^^
  File "/Users/saireddykasthuri/options-monitor/venv/lib/python3.13/site-packages/requests/models.py", line 1026, in raise_for_status
    raise HTTPError(http_error_msg, response=self)
requests.exceptions.HTTPError: 404 Client Error: Not Found for url: https://api.polygon.io/v3/trades/options/TSLA?limit=2000&apiKey=yBvjEbOtJIKJghRd76ZFAHPX8VbkeeAq
2025-09-25 12:11:19,759 [INFO] Job "main.<locals>.<lambda> (trigger: interval[0:15:00], next run at: 2025-09-25 12:26:19 EDT)" executed successfully
2025-09-25 12:26:19,379 [INFO] Running job "main.<locals>.<lambda> (trigger: interval[0:15:00], next run at: 2025-09-25 12:41:19 EDT)" (scheduled at 2025-09-25 12:26:19.370250-04:00)
2025-09-25 12:26:19,382 [INFO] Fetching trades for ORCL
2025-09-25 12:26:19,497 [ERROR] Error processing symbol ORCL: 404 Client Error: Not Found for url: https://api.polygon.io/v3/trades/options/ORCL?limit=2000&apiKey=yBvjEbOtJIKJghRd76ZFAHPX8VbkeeAq
Traceback (most recent call last):
  File "/Users/saireddykasthuri/options-monitor/options-flow-monitor-e2e.py", line 344, in monitor_once
  File "/Users/saireddykasthuri/options-monitor/options-flow-monitor-e2e.py", line 155, in fetch_trades
  File "/Users/saireddykasthuri/options-monitor/options-flow-monitor-e2e.py", line 97, in fetch_options_trades_polygon
    except (KeyboardInterrupt, SystemExit):
    ^^^^^^^^^^^^^^^^
  File "/Users/saireddykasthuri/options-monitor/venv/lib/python3.13/site-packages/requests/models.py", line 1026, in raise_for_status
    raise HTTPError(http_error_msg, response=self)
requests.exceptions.HTTPError: 404 Client Error: Not Found for url: https://api.polygon.io/v3/trades/options/ORCL?limit=2000&apiKey=yBvjEbOtJIKJghRd76ZFAHPX8VbkeeAq
2025-09-25 12:26:19,501 [INFO] Fetching trades for NBIS
2025-09-25 12:26:19,585 [ERROR] Error processing symbol NBIS: 404 Client Error: Not Found for url: https://api.polygon.io/v3/trades/options/NBIS?limit=2000&apiKey=yBvjEbOtJIKJghRd76ZFAHPX8VbkeeAq
Traceback (most recent call last):
  File "/Users/saireddykasthuri/options-monitor/options-flow-monitor-e2e.py", line 344, in monitor_once
  File "/Users/saireddykasthuri/options-monitor/options-flow-monitor-e2e.py", line 155, in fetch_trades
  File "/Users/saireddykasthuri/options-monitor/options-flow-monitor-e2e.py", line 97, in fetch_options_trades_polygon
    except (KeyboardInterrupt, SystemExit):
    ^^^^^^^^^^^^^^^^
  File "/Users/saireddykasthuri/options-monitor/venv/lib/python3.13/site-packages/requests/models.py", line 1026, in raise_for_status
    raise HTTPError(http_error_msg, response=self)
requests.exceptions.HTTPError: 404 Client Error: Not Found for url: https://api.polygon.io/v3/trades/options/NBIS?limit=2000&apiKey=yBvjEbOtJIKJghRd76ZFAHPX8VbkeeAq
2025-09-25 12:26:19,589 [INFO] Fetching trades for AAPL
2025-09-25 12:26:19,686 [ERROR] Error processing symbol AAPL: 404 Client Error: Not Found for url: https://api.polygon.io/v3/trades/options/AAPL?limit=2000&apiKey=yBvjEbOtJIKJghRd76ZFAHPX8VbkeeAq
Traceback (most recent call last):
  File "/Users/saireddykasthuri/options-monitor/options-flow-monitor-e2e.py", line 344, in monitor_once
  File "/Users/saireddykasthuri/options-monitor/options-flow-monitor-e2e.py", line 155, in fetch_trades
  File "/Users/saireddykasthuri/options-monitor/options-flow-monitor-e2e.py", line 97, in fetch_options_trades_polygon
    except (KeyboardInterrupt, SystemExit):
    ^^^^^^^^^^^^^^^^
  File "/Users/saireddykasthuri/options-monitor/venv/lib/python3.13/site-packages/requests/models.py", line 1026, in raise_for_status
    raise HTTPError(http_error_msg, response=self)
requests.exceptions.HTTPError: 404 Client Error: Not Found for url: https://api.polygon.io/v3/trades/options/AAPL?limit=2000&apiKey=yBvjEbOtJIKJghRd76ZFAHPX8VbkeeAq
2025-09-25 12:26:19,690 [INFO] Fetching trades for TSLA
2025-09-25 12:26:19,781 [ERROR] Error processing symbol TSLA: 404 Client Error: Not Found for url: https://api.polygon.io/v3/trades/options/TSLA?limit=2000&apiKey=yBvjEbOtJIKJghRd76ZFAHPX8VbkeeAq
Traceback (most recent call last):
  File "/Users/saireddykasthuri/options-monitor/options-flow-monitor-e2e.py", line 344, in monitor_once
  File "/Users/saireddykasthuri/options-monitor/options-flow-monitor-e2e.py", line 155, in fetch_trades
  File "/Users/saireddykasthuri/options-monitor/options-flow-monitor-e2e.py", line 97, in fetch_options_trades_polygon
    except (KeyboardInterrupt, SystemExit):
    ^^^^^^^^^^^^^^^^
  File "/Users/saireddykasthuri/options-monitor/venv/lib/python3.13/site-packages/requests/models.py", line 1026, in raise_for_status
    raise HTTPError(http_error_msg, response=self)
requests.exceptions.HTTPError: 404 Client Error: Not Found for url: https://api.polygon.io/v3/trades/options/TSLA?limit=2000&apiKey=yBvjEbOtJIKJghRd76ZFAHPX8VbkeeAq
2025-09-25 12:26:19,786 [INFO] Job "main.<locals>.<lambda> (trigger: interval[0:15:00], next run at: 2025-09-25 12:41:19 EDT)" executed successfully
2025-09-25 20:13:27,631 [WARNING] Run time of job "main.<locals>.<lambda> (trigger: interval[0:15:00], next run at: 2025-09-25 20:26:19 EDT)" was missed by 0:02:08.260687
2025-09-26 14:50:51,832 [WARNING] Run time of job "main.<locals>.<lambda> (trigger: interval[0:15:00], next run at: 2025-09-26 14:56:19 EDT)" was missed by 0:09:32.462298
2025-09-26 20:39:53,175 [WARNING] Run time of job "main.<locals>.<lambda> (trigger: interval[0:15:00], next run at: 2025-09-26 20:41:19 EDT)" was missed by 0:13:33.805422
2025-09-26 21:35:53,501 [WARNING] Run time of job "main.<locals>.<lambda> (trigger: interval[0:15:00], next run at: 2025-09-26 21:41:19 EDT)" was missed by 0:09:34.130725
2025-09-27 00:47:53,009 [WARNING] Run time of job "main.<locals>.<lambda> (trigger: interval[0:15:00], next run at: 2025-09-27 00:56:19 EDT)" was missed by 0:06:33.638991
2025-09-27 11:35:27,898 [WARNING] Run time of job "main.<locals>.<lambda> (trigger: interval[0:15:00], next run at: 2025-09-27 11:41:19 EDT)" was missed by 0:09:08.528405
2025-09-27 15:22:40,936 [WARNING] Run time of job "main.<locals>.<lambda> (trigger: interval[0:15:00], next run at: 2025-09-27 15:26:19 EDT)" was missed by 0:11:21.566417
2025-09-27 18:50:02,991 [WARNING] Run time of job "main.<locals>.<lambda> (trigger: interval[0:15:00], next run at: 2025-09-27 18:56:19 EDT)" was missed by 0:08:43.621108
2025-09-27 18:56:19,413 [INFO] Running job "main.<locals>.<lambda> (trigger: interval[0:15:00], next run at: 2025-09-27 19:11:19 EDT)" (scheduled at 2025-09-27 18:56:19.370250-04:00)
2025-09-27 18:56:19,417 [INFO] Fetching trades for ORCL
2025-09-27 18:56:19,546 [ERROR] Error processing symbol ORCL: 404 Client Error: Not Found for url: https://api.polygon.io/v3/trades/options/ORCL?limit=2000&apiKey=yBvjEbOtJIKJghRd76ZFAHPX8VbkeeAq
Traceback (most recent call last):
  File "/Users/saireddykasthuri/options-monitor/options-flow-monitor-e2e.py", line 344, in monitor_once
  File "/Users/saireddykasthuri/options-monitor/options-flow-monitor-e2e.py", line 155, in fetch_trades
  File "/Users/saireddykasthuri/options-monitor/options-flow-monitor-e2e.py", line 97, in fetch_options_trades_polygon
    except (KeyboardInterrupt, SystemExit):
    ^^^^^^^^^^^^^^^^
  File "/Users/saireddykasthuri/options-monitor/venv/lib/python3.13/site-packages/requests/models.py", line 1026, in raise_for_status
    raise HTTPError(http_error_msg, response=self)
requests.exceptions.HTTPError: 404 Client Error: Not Found for url: https://api.polygon.io/v3/trades/options/ORCL?limit=2000&apiKey=yBvjEbOtJIKJghRd76ZFAHPX8VbkeeAq
2025-09-27 18:56:19,554 [INFO] Fetching trades for NBIS
2025-09-27 18:56:19,638 [ERROR] Error processing symbol NBIS: 404 Client Error: Not Found for url: https://api.polygon.io/v3/trades/options/NBIS?limit=2000&apiKey=yBvjEbOtJIKJghRd76ZFAHPX8VbkeeAq
Traceback (most recent call last):
  File "/Users/saireddykasthuri/options-monitor/options-flow-monitor-e2e.py", line 344, in monitor_once
  File "/Users/saireddykasthuri/options-monitor/options-flow-monitor-e2e.py", line 155, in fetch_trades
  File "/Users/saireddykasthuri/options-monitor/options-flow-monitor-e2e.py", line 97, in fetch_options_trades_polygon
    except (KeyboardInterrupt, SystemExit):
    ^^^^^^^^^^^^^^^^
  File "/Users/saireddykasthuri/options-monitor/venv/lib/python3.13/site-packages/requests/models.py", line 1026, in raise_for_status
    raise HTTPError(http_error_msg, response=self)
requests.exceptions.HTTPError: 404 Client Error: Not Found for url: https://api.polygon.io/v3/trades/options/NBIS?limit=2000&apiKey=yBvjEbOtJIKJghRd76ZFAHPX8VbkeeAq
2025-09-27 18:56:19,643 [INFO] Fetching trades for AAPL
2025-09-27 18:56:19,737 [ERROR] Error processing symbol AAPL: 404 Client Error: Not Found for url: https://api.polygon.io/v3/trades/options/AAPL?limit=2000&apiKey=yBvjEbOtJIKJghRd76ZFAHPX8VbkeeAq
Traceback (most recent call last):
  File "/Users/saireddykasthuri/options-monitor/options-flow-monitor-e2e.py", line 344, in monitor_once
  File "/Users/saireddykasthuri/options-monitor/options-flow-monitor-e2e.py", line 155, in fetch_trades
  File "/Users/saireddykasthuri/options-monitor/options-flow-monitor-e2e.py", line 97, in fetch_options_trades_polygon
    except (KeyboardInterrupt, SystemExit):
    ^^^^^^^^^^^^^^^^
  File "/Users/saireddykasthuri/options-monitor/venv/lib/python3.13/site-packages/requests/models.py", line 1026, in raise_for_status
    raise HTTPError(http_error_msg, response=self)
requests.exceptions.HTTPError: 404 Client Error: Not Found for url: https://api.polygon.io/v3/trades/options/AAPL?limit=2000&apiKey=yBvjEbOtJIKJghRd76ZFAHPX8VbkeeAq
2025-09-27 18:56:19,741 [INFO] Fetching trades for TSLA
2025-09-27 18:56:19,834 [ERROR] Error processing symbol TSLA: 404 Client Error: Not Found for url: https://api.polygon.io/v3/trades/options/TSLA?limit=2000&apiKey=yBvjEbOtJIKJghRd76ZFAHPX8VbkeeAq
Traceback (most recent call last):
  File "/Users/saireddykasthuri/options-monitor/options-flow-monitor-e2e.py", line 344, in monitor_once
  File "/Users/saireddykasthuri/options-monitor/options-flow-monitor-e2e.py", line 155, in fetch_trades
  File "/Users/saireddykasthuri/options-monitor/options-flow-monitor-e2e.py", line 97, in fetch_options_trades_polygon
    except (KeyboardInterrupt, SystemExit):
    ^^^^^^^^^^^^^^^^
  File "/Users/saireddykasthuri/options-monitor/venv/lib/python3.13/site-packages/requests/models.py", line 1026, in raise_for_status
    raise HTTPError(http_error_msg, response=self)
requests.exceptions.HTTPError: 404 Client Error: Not Found for url: https://api.polygon.io/v3/trades/options/TSLA?limit=2000&apiKey=yBvjEbOtJIKJghRd76ZFAHPX8VbkeeAq
2025-09-27 18:56:19,841 [INFO] Job "main.<locals>.<lambda> (trigger: interval[0:15:00], next run at: 2025-09-27 19:11:19 EDT)" executed successfully
2025-09-28 01:41:00,550 [WARNING] Run time of job "main.<locals>.<lambda> (trigger: interval[0:15:00], next run at: 2025-09-28 01:41:19 EDT)" was missed by 0:14:41.179926
2025-09-28 02:15:22,725 [WARNING] Run time of job "main.<locals>.<lambda> (trigger: interval[0:15:00], next run at: 2025-09-28 02:26:19 EDT)" was missed by 0:04:03.354813
2025-09-28 18:22:53,641 [WARNING] Run time of job "main.<locals>.<lambda> (trigger: interval[0:15:00], next run at: 2025-09-28 18:26:19 EDT)" was missed by 0:11:34.271312
2025-09-29 00:28:55,307 [WARNING] Run time of job "main.<locals>.<lambda> (trigger: interval[0:15:00], next run at: 2025-09-29 00:41:19 EDT)" was missed by 0:02:35.936748
2025-09-29 12:16:32,443 [WARNING] Run time of job "main.<locals>.<lambda> (trigger: interval[0:15:00], next run at: 2025-09-29 12:26:19 EDT)" was missed by 0:05:13.073347
2025-09-29 22:38:19,090 [WARNING] Run time of job "main.<locals>.<lambda> (trigger: interval[0:15:00], next run at: 2025-09-29 22:41:19 EDT)" was missed by 0:11:59.720634
2025-09-30 05:16:19,974 [WARNING] Run time of job "main.<locals>.<lambda> (trigger: interval[0:15:00], next run at: 2025-09-30 05:26:19 EDT)" was missed by 0:05:00.604283
2025-09-30 09:25:32,463 [WARNING] Run time of job "main.<locals>.<lambda> (trigger: interval[0:15:00], next run at: 2025-09-30 09:26:19 EDT)" was missed by 0:14:13.093116
2025-09-30 09:26:19,371 [INFO] Running job "main.<locals>.<lambda> (trigger: interval[0:15:00], next run at: 2025-09-30 09:41:19 EDT)" (scheduled at 2025-09-30 09:26:19.370250-04:00)
2025-09-30 09:26:19,372 [INFO] Fetching trades for ORCL
2025-09-30 09:26:19,519 [ERROR] Error processing symbol ORCL: 404 Client Error: Not Found for url: https://api.polygon.io/v3/trades/options/ORCL?limit=2000&apiKey=yBvjEbOtJIKJghRd76ZFAHPX8VbkeeAq
Traceback (most recent call last):
  File "/Users/saireddykasthuri/options-monitor/options-flow-monitor-e2e.py", line 344, in monitor_once
  File "/Users/saireddykasthuri/options-monitor/options-flow-monitor-e2e.py", line 155, in fetch_trades
  File "/Users/saireddykasthuri/options-monitor/options-flow-monitor-e2e.py", line 97, in fetch_options_trades_polygon
    except (KeyboardInterrupt, SystemExit):
    ^^^^^^^^^^^^^^^^
  File "/Users/saireddykasthuri/options-monitor/venv/lib/python3.13/site-packages/requests/models.py", line 1026, in raise_for_status
    raise HTTPError(http_error_msg, response=self)
requests.exceptions.HTTPError: 404 Client Error: Not Found for url: https://api.polygon.io/v3/trades/options/ORCL?limit=2000&apiKey=yBvjEbOtJIKJghRd76ZFAHPX8VbkeeAq
2025-09-30 09:26:19,523 [INFO] Fetching trades for NBIS
2025-09-30 09:26:19,670 [ERROR] Error processing symbol NBIS: 404 Client Error: Not Found for url: https://api.polygon.io/v3/trades/options/NBIS?limit=2000&apiKey=yBvjEbOtJIKJghRd76ZFAHPX8VbkeeAq
Traceback (most recent call last):
  File "/Users/saireddykasthuri/options-monitor/options-flow-monitor-e2e.py", line 344, in monitor_once
  File "/Users/saireddykasthuri/options-monitor/options-flow-monitor-e2e.py", line 155, in fetch_trades
  File "/Users/saireddykasthuri/options-monitor/options-flow-monitor-e2e.py", line 97, in fetch_options_trades_polygon
    except (KeyboardInterrupt, SystemExit):
    ^^^^^^^^^^^^^^^^
  File "/Users/saireddykasthuri/options-monitor/venv/lib/python3.13/site-packages/requests/models.py", line 1026, in raise_for_status
    raise HTTPError(http_error_msg, response=self)
requests.exceptions.HTTPError: 404 Client Error: Not Found for url: https://api.polygon.io/v3/trades/options/NBIS?limit=2000&apiKey=yBvjEbOtJIKJghRd76ZFAHPX8VbkeeAq
2025-09-30 09:26:19,674 [INFO] Fetching trades for AAPL
2025-09-30 09:26:19,828 [ERROR] Error processing symbol AAPL: 404 Client Error: Not Found for url: https://api.polygon.io/v3/trades/options/AAPL?limit=2000&apiKey=yBvjEbOtJIKJghRd76ZFAHPX8VbkeeAq
Traceback (most recent call last):
  File "/Users/saireddykasthuri/options-monitor/options-flow-monitor-e2e.py", line 344, in monitor_once
  File "/Users/saireddykasthuri/options-monitor/options-flow-monitor-e2e.py", line 155, in fetch_trades
  File "/Users/saireddykasthuri/options-monitor/options-flow-monitor-e2e.py", line 97, in fetch_options_trades_polygon
    except (KeyboardInterrupt, SystemExit):
    ^^^^^^^^^^^^^^^^
  File "/Users/saireddykasthuri/options-monitor/venv/lib/python3.13/site-packages/requests/models.py", line 1026, in raise_for_status
    raise HTTPError(http_error_msg, response=self)
requests.exceptions.HTTPError: 404 Client Error: Not Found for url: https://api.polygon.io/v3/trades/options/AAPL?limit=2000&apiKey=yBvjEbOtJIKJghRd76ZFAHPX8VbkeeAq
2025-09-30 09:26:19,832 [INFO] Fetching trades for TSLA
2025-09-30 09:26:20,018 [ERROR] Error processing symbol TSLA: 404 Client Error: Not Found for url: https://api.polygon.io/v3/trades/options/TSLA?limit=2000&apiKey=yBvjEbOtJIKJghRd76ZFAHPX8VbkeeAq
Traceback (most recent call last):
  File "/Users/saireddykasthuri/options-monitor/options-flow-monitor-e2e.py", line 344, in monitor_once
  File "/Users/saireddykasthuri/options-monitor/options-flow-monitor-e2e.py", line 155, in fetch_trades
  File "/Users/saireddykasthuri/options-monitor/options-flow-monitor-e2e.py", line 97, in fetch_options_trades_polygon
    except (KeyboardInterrupt, SystemExit):
    ^^^^^^^^^^^^^^^^
  File "/Users/saireddykasthuri/options-monitor/venv/lib/python3.13/site-packages/requests/models.py", line 1026, in raise_for_status
    raise HTTPError(http_error_msg, response=self)
requests.exceptions.HTTPError: 404 Client Error: Not Found for url: https://api.polygon.io/v3/trades/options/TSLA?limit=2000&apiKey=yBvjEbOtJIKJghRd76ZFAHPX8VbkeeAq
2025-09-30 09:26:20,024 [INFO] Job "main.<locals>.<lambda> (trigger: interval[0:15:00], next run at: 2025-09-30 09:41:19 EDT)" executed successfully
2025-09-30 19:15:15,053 [WARNING] Run time of job "main.<locals>.<lambda> (trigger: interval[0:15:00], next run at: 2025-09-30 19:26:19 EDT)" was missed by 0:03:55.683181
2025-10-01 09:51:58,080 [WARNING] Run time of job "main.<locals>.<lambda> (trigger: interval[0:15:00], next run at: 2025-10-01 09:56:19 EDT)" was missed by 0:10:38.710475
2025-10-01 11:58:40,658 [WARNING] Run time of job "main.<locals>.<lambda> (trigger: interval[0:15:00], next run at: 2025-10-01 12:11:19 EDT)" was missed by 0:02:21.288002
2025-10-01 12:11:19,370 [INFO] Running job "main.<locals>.<lambda> (trigger: interval[0:15:00], next run at: 2025-10-01 12:26:19 EDT)" (scheduled at 2025-10-01 12:11:19.370250-04:00)
2025-10-01 12:11:19,373 [INFO] Fetching trades for ORCL
2025-10-01 12:11:19,499 [ERROR] Error processing symbol ORCL: 404 Client Error: Not Found for url: https://api.polygon.io/v3/trades/options/ORCL?limit=2000&apiKey=yBvjEbOtJIKJghRd76ZFAHPX8VbkeeAq
Traceback (most recent call last):
  File "/Users/saireddykasthuri/options-monitor/options-flow-monitor-e2e.py", line 344, in monitor_once
  File "/Users/saireddykasthuri/options-monitor/options-flow-monitor-e2e.py", line 155, in fetch_trades
  File "/Users/saireddykasthuri/options-monitor/options-flow-monitor-e2e.py", line 97, in fetch_options_trades_polygon
    except (KeyboardInterrupt, SystemExit):
    ^^^^^^^^^^^^^^^^
  File "/Users/saireddykasthuri/options-monitor/venv/lib/python3.13/site-packages/requests/models.py", line 1026, in raise_for_status
    raise HTTPError(http_error_msg, response=self)
requests.exceptions.HTTPError: 404 Client Error: Not Found for url: https://api.polygon.io/v3/trades/options/ORCL?limit=2000&apiKey=yBvjEbOtJIKJghRd76ZFAHPX8VbkeeAq
2025-10-01 12:11:19,505 [INFO] Fetching trades for NBIS
2025-10-01 12:11:19,595 [ERROR] Error processing symbol NBIS: 404 Client Error: Not Found for url: https://api.polygon.io/v3/trades/options/NBIS?limit=2000&apiKey=yBvjEbOtJIKJghRd76ZFAHPX8VbkeeAq
Traceback (most recent call last):
  File "/Users/saireddykasthuri/options-monitor/options-flow-monitor-e2e.py", line 344, in monitor_once
  File "/Users/saireddykasthuri/options-monitor/options-flow-monitor-e2e.py", line 155, in fetch_trades
  File "/Users/saireddykasthuri/options-monitor/options-flow-monitor-e2e.py", line 97, in fetch_options_trades_polygon
    except (KeyboardInterrupt, SystemExit):
    ^^^^^^^^^^^^^^^^
  File "/Users/saireddykasthuri/options-monitor/venv/lib/python3.13/site-packages/requests/models.py", line 1026, in raise_for_status
    raise HTTPError(http_error_msg, response=self)
requests.exceptions.HTTPError: 404 Client Error: Not Found for url: https://api.polygon.io/v3/trades/options/NBIS?limit=2000&apiKey=yBvjEbOtJIKJghRd76ZFAHPX8VbkeeAq
2025-10-01 12:11:19,599 [INFO] Fetching trades for AAPL
2025-10-01 12:11:19,700 [ERROR] Error processing symbol AAPL: 404 Client Error: Not Found for url: https://api.polygon.io/v3/trades/options/AAPL?limit=2000&apiKey=yBvjEbOtJIKJghRd76ZFAHPX8VbkeeAq
Traceback (most recent call last):
  File "/Users/saireddykasthuri/options-monitor/options-flow-monitor-e2e.py", line 344, in monitor_once
  File "/Users/saireddykasthuri/options-monitor/options-flow-monitor-e2e.py", line 155, in fetch_trades
  File "/Users/saireddykasthuri/options-monitor/options-flow-monitor-e2e.py", line 97, in fetch_options_trades_polygon
    except (KeyboardInterrupt, SystemExit):
    ^^^^^^^^^^^^^^^^
  File "/Users/saireddykasthuri/options-monitor/venv/lib/python3.13/site-packages/requests/models.py", line 1026, in raise_for_status
    raise HTTPError(http_error_msg, response=self)
requests.exceptions.HTTPError: 404 Client Error: Not Found for url: https://api.polygon.io/v3/trades/options/AAPL?limit=2000&apiKey=yBvjEbOtJIKJghRd76ZFAHPX8VbkeeAq
2025-10-01 12:11:19,704 [INFO] Fetching trades for TSLA
2025-10-01 12:11:19,788 [ERROR] Error processing symbol TSLA: 404 Client Error: Not Found for url: https://api.polygon.io/v3/trades/options/TSLA?limit=2000&apiKey=yBvjEbOtJIKJghRd76ZFAHPX8VbkeeAq
Traceback (most recent call last):
  File "/Users/saireddykasthuri/options-monitor/options-flow-monitor-e2e.py", line 344, in monitor_once
  File "/Users/saireddykasthuri/options-monitor/options-flow-monitor-e2e.py", line 155, in fetch_trades
  File "/Users/saireddykasthuri/options-monitor/options-flow-monitor-e2e.py", line 97, in fetch_options_trades_polygon
    except (KeyboardInterrupt, SystemExit):
    ^^^^^^^^^^^^^^^^
  File "/Users/saireddykasthuri/options-monitor/venv/lib/python3.13/site-packages/requests/models.py", line 1026, in raise_for_status
    raise HTTPError(http_error_msg, response=self)
requests.exceptions.HTTPError: 404 Client Error: Not Found for url: https://api.polygon.io/v3/trades/options/TSLA?limit=2000&apiKey=yBvjEbOtJIKJghRd76ZFAHPX8VbkeeAq
2025-10-01 12:11:19,793 [INFO] Job "main.<locals>.<lambda> (trigger: interval[0:15:00], next run at: 2025-10-01 12:26:19 EDT)" executed successfully
2025-10-01 12:26:19,372 [INFO] Running job "main.<locals>.<lambda> (trigger: interval[0:15:00], next run at: 2025-10-01 12:41:19 EDT)" (scheduled at 2025-10-01 12:26:19.370250-04:00)
2025-10-01 12:26:19,373 [INFO] Fetching trades for ORCL
2025-10-01 12:26:19,497 [ERROR] Error processing symbol ORCL: 404 Client Error: Not Found for url: https://api.polygon.io/v3/trades/options/ORCL?limit=2000&apiKey=yBvjEbOtJIKJghRd76ZFAHPX8VbkeeAq
Traceback (most recent call last):
  File "/Users/saireddykasthuri/options-monitor/options-flow-monitor-e2e.py", line 344, in monitor_once
  File "/Users/saireddykasthuri/options-monitor/options-flow-monitor-e2e.py", line 155, in fetch_trades
  File "/Users/saireddykasthuri/options-monitor/options-flow-monitor-e2e.py", line 97, in fetch_options_trades_polygon
    except (KeyboardInterrupt, SystemExit):
    ^^^^^^^^^^^^^^^^
  File "/Users/saireddykasthuri/options-monitor/venv/lib/python3.13/site-packages/requests/models.py", line 1026, in raise_for_status
    raise HTTPError(http_error_msg, response=self)
requests.exceptions.HTTPError: 404 Client Error: Not Found for url: https://api.polygon.io/v3/trades/options/ORCL?limit=2000&apiKey=yBvjEbOtJIKJghRd76ZFAHPX8VbkeeAq
2025-10-01 12:26:19,502 [INFO] Fetching trades for NBIS
2025-10-01 12:26:19,597 [ERROR] Error processing symbol NBIS: 404 Client Error: Not Found for url: https://api.polygon.io/v3/trades/options/NBIS?limit=2000&apiKey=yBvjEbOtJIKJghRd76ZFAHPX8VbkeeAq
Traceback (most recent call last):
  File "/Users/saireddykasthuri/options-monitor/options-flow-monitor-e2e.py", line 344, in monitor_once
  File "/Users/saireddykasthuri/options-monitor/options-flow-monitor-e2e.py", line 155, in fetch_trades
  File "/Users/saireddykasthuri/options-monitor/options-flow-monitor-e2e.py", line 97, in fetch_options_trades_polygon
    except (KeyboardInterrupt, SystemExit):
    ^^^^^^^^^^^^^^^^
  File "/Users/saireddykasthuri/options-monitor/venv/lib/python3.13/site-packages/requests/models.py", line 1026, in raise_for_status
    raise HTTPError(http_error_msg, response=self)
requests.exceptions.HTTPError: 404 Client Error: Not Found for url: https://api.polygon.io/v3/trades/options/NBIS?limit=2000&apiKey=yBvjEbOtJIKJghRd76ZFAHPX8VbkeeAq
2025-10-01 12:26:19,602 [INFO] Fetching trades for AAPL
2025-10-01 12:26:19,693 [ERROR] Error processing symbol AAPL: 404 Client Error: Not Found for url: https://api.polygon.io/v3/trades/options/AAPL?limit=2000&apiKey=yBvjEbOtJIKJghRd76ZFAHPX8VbkeeAq
Traceback (most recent call last):
  File "/Users/saireddykasthuri/options-monitor/options-flow-monitor-e2e.py", line 344, in monitor_once
  File "/Users/saireddykasthuri/options-monitor/options-flow-monitor-e2e.py", line 155, in fetch_trades
  File "/Users/saireddykasthuri/options-monitor/options-flow-monitor-e2e.py", line 97, in fetch_options_trades_polygon
    except (KeyboardInterrupt, SystemExit):
    ^^^^^^^^^^^^^^^^
  File "/Users/saireddykasthuri/options-monitor/venv/lib/python3.13/site-packages/requests/models.py", line 1026, in raise_for_status
    raise HTTPError(http_error_msg, response=self)
requests.exceptions.HTTPError: 404 Client Error: Not Found for url: https://api.polygon.io/v3/trades/options/AAPL?limit=2000&apiKey=yBvjEbOtJIKJghRd76ZFAHPX8VbkeeAq
2025-10-01 12:26:19,697 [INFO] Fetching trades for TSLA
2025-10-01 12:26:19,789 [ERROR] Error processing symbol TSLA: 404 Client Error: Not Found for url: https://api.polygon.io/v3/trades/options/TSLA?limit=2000&apiKey=yBvjEbOtJIKJghRd76ZFAHPX8VbkeeAq
Traceback (most recent call last):
  File "/Users/saireddykasthuri/options-monitor/options-flow-monitor-e2e.py", line 344, in monitor_once
  File "/Users/saireddykasthuri/options-monitor/options-flow-monitor-e2e.py", line 155, in fetch_trades
  File "/Users/saireddykasthuri/options-monitor/options-flow-monitor-e2e.py", line 97, in fetch_options_trades_polygon
    except (KeyboardInterrupt, SystemExit):
    ^^^^^^^^^^^^^^^^
  File "/Users/saireddykasthuri/options-monitor/venv/lib/python3.13/site-packages/requests/models.py", line 1026, in raise_for_status
    raise HTTPError(http_error_msg, response=self)
requests.exceptions.HTTPError: 404 Client Error: Not Found for url: https://api.polygon.io/v3/trades/options/TSLA?limit=2000&apiKey=yBvjEbOtJIKJghRd76ZFAHPX8VbkeeAq
2025-10-01 12:26:19,793 [INFO] Job "main.<locals>.<lambda> (trigger: interval[0:15:00], next run at: 2025-10-01 12:41:19 EDT)" executed successfully
2025-10-01 17:15:33,486 [WARNING] Run time of job "main.<locals>.<lambda> (trigger: interval[0:15:00], next run at: 2025-10-01 17:26:19 EDT)" was missed by 0:04:14.115770
2025-10-01 23:34:41,765 [WARNING] Run time of job "main.<locals>.<lambda> (trigger: interval[0:15:00], next run at: 2025-10-01 23:41:19 EDT)" was missed by 0:08:22.395247
2025-10-02 09:38:34,254 [WARNING] Run time of job "main.<locals>.<lambda> (trigger: interval[0:15:00], next run at: 2025-10-02 09:41:19 EDT)" was missed by 0:12:14.883801
2025-10-02 11:41:38,059 [WARNING] Run time of job "main.<locals>.<lambda> (trigger: interval[0:15:00], next run at: 2025-10-02 11:56:19 EDT)" was missed by 0:00:18.689186
2025-10-03 11:51:51,326 [WARNING] Run time of job "main.<locals>.<lambda> (trigger: interval[0:15:00], next run at: 2025-10-03 11:56:19 EDT)" was missed by 0:10:31.955828
2025-10-03 19:22:53,980 [WARNING] Run time of job "main.<locals>.<lambda> (trigger: interval[0:15:00], next run at: 2025-10-03 19:26:19 EDT)" was missed by 0:11:34.610161
2025-10-04 01:29:44,159 [WARNING] Run time of job "main.<locals>.<lambda> (trigger: interval[0:15:00], next run at: 2025-10-04 01:41:19 EDT)" was missed by 0:03:24.788837
2025-10-04 08:46:47,250 [WARNING] Run time of job "main.<locals>.<lambda> (trigger: interval[0:15:00], next run at: 2025-10-04 08:56:19 EDT)" was missed by 0:05:27.880176
2025-10-04 16:25:22,980 [WARNING] Run time of job "main.<locals>.<lambda> (trigger: interval[0:15:00], next run at: 2025-10-04 16:26:19 EDT)" was missed by 0:14:03.609828
2025-10-04 16:26:19,378 [INFO] Running job "main.<locals>.<lambda> (trigger: interval[0:15:00], next run at: 2025-10-04 16:41:19 EDT)" (scheduled at 2025-10-04 16:26:19.370250-04:00)
2025-10-04 16:26:19,379 [INFO] Fetching trades for ORCL
2025-10-04 16:26:19,506 [ERROR] Error processing symbol ORCL: 404 Client Error: Not Found for url: https://api.polygon.io/v3/trades/options/ORCL?limit=2000&apiKey=yBvjEbOtJIKJghRd76ZFAHPX8VbkeeAq
Traceback (most recent call last):
  File "/Users/saireddykasthuri/options-monitor/options-flow-monitor-e2e.py", line 344, in monitor_once
  File "/Users/saireddykasthuri/options-monitor/options-flow-monitor-e2e.py", line 155, in fetch_trades
  File "/Users/saireddykasthuri/options-monitor/options-flow-monitor-e2e.py", line 97, in fetch_options_trades_polygon
    except (KeyboardInterrupt, SystemExit):
    ^^^^^^^^^^^^^^^^
  File "/Users/saireddykasthuri/options-monitor/venv/lib/python3.13/site-packages/requests/models.py", line 1026, in raise_for_status
    raise HTTPError(http_error_msg, response=self)
requests.exceptions.HTTPError: 404 Client Error: Not Found for url: https://api.polygon.io/v3/trades/options/ORCL?limit=2000&apiKey=yBvjEbOtJIKJghRd76ZFAHPX8VbkeeAq
2025-10-04 16:26:19,512 [INFO] Fetching trades for NBIS
2025-10-04 16:26:19,598 [ERROR] Error processing symbol NBIS: 404 Client Error: Not Found for url: https://api.polygon.io/v3/trades/options/NBIS?limit=2000&apiKey=yBvjEbOtJIKJghRd76ZFAHPX8VbkeeAq
Traceback (most recent call last):
  File "/Users/saireddykasthuri/options-monitor/options-flow-monitor-e2e.py", line 344, in monitor_once
  File "/Users/saireddykasthuri/options-monitor/options-flow-monitor-e2e.py", line 155, in fetch_trades
  File "/Users/saireddykasthuri/options-monitor/options-flow-monitor-e2e.py", line 97, in fetch_options_trades_polygon
    except (KeyboardInterrupt, SystemExit):
    ^^^^^^^^^^^^^^^^
  File "/Users/saireddykasthuri/options-monitor/venv/lib/python3.13/site-packages/requests/models.py", line 1026, in raise_for_status
    raise HTTPError(http_error_msg, response=self)
requests.exceptions.HTTPError: 404 Client Error: Not Found for url: https://api.polygon.io/v3/trades/options/NBIS?limit=2000&apiKey=yBvjEbOtJIKJghRd76ZFAHPX8VbkeeAq
2025-10-04 16:26:19,602 [INFO] Fetching trades for AAPL
2025-10-04 16:26:19,688 [ERROR] Error processing symbol AAPL: 404 Client Error: Not Found for url: https://api.polygon.io/v3/trades/options/AAPL?limit=2000&apiKey=yBvjEbOtJIKJghRd76ZFAHPX8VbkeeAq
Traceback (most recent call last):
  File "/Users/saireddykasthuri/options-monitor/options-flow-monitor-e2e.py", line 344, in monitor_once
  File "/Users/saireddykasthuri/options-monitor/options-flow-monitor-e2e.py", line 155, in fetch_trades
  File "/Users/saireddykasthuri/options-monitor/options-flow-monitor-e2e.py", line 97, in fetch_options_trades_polygon
    except (KeyboardInterrupt, SystemExit):
    ^^^^^^^^^^^^^^^^
  File "/Users/saireddykasthuri/options-monitor/venv/lib/python3.13/site-packages/requests/models.py", line 1026, in raise_for_status
    raise HTTPError(http_error_msg, response=self)
requests.exceptions.HTTPError: 404 Client Error: Not Found for url: https://api.polygon.io/v3/trades/options/AAPL?limit=2000&apiKey=yBvjEbOtJIKJghRd76ZFAHPX8VbkeeAq
2025-10-04 16:26:19,692 [INFO] Fetching trades for TSLA
2025-10-04 16:26:19,786 [ERROR] Error processing symbol TSLA: 404 Client Error: Not Found for url: https://api.polygon.io/v3/trades/options/TSLA?limit=2000&apiKey=yBvjEbOtJIKJghRd76ZFAHPX8VbkeeAq
Traceback (most recent call last):
  File "/Users/saireddykasthuri/options-monitor/options-flow-monitor-e2e.py", line 344, in monitor_once
  File "/Users/saireddykasthuri/options-monitor/options-flow-monitor-e2e.py", line 155, in fetch_trades
  File "/Users/saireddykasthuri/options-monitor/options-flow-monitor-e2e.py", line 97, in fetch_options_trades_polygon
    except (KeyboardInterrupt, SystemExit):
    ^^^^^^^^^^^^^^^^
  File "/Users/saireddykasthuri/options-monitor/venv/lib/python3.13/site-packages/requests/models.py", line 1026, in raise_for_status
    raise HTTPError(http_error_msg, response=self)
requests.exceptions.HTTPError: 404 Client Error: Not Found for url: https://api.polygon.io/v3/trades/options/TSLA?limit=2000&apiKey=yBvjEbOtJIKJghRd76ZFAHPX8VbkeeAq
2025-10-04 16:26:19,790 [INFO] Job "main.<locals>.<lambda> (trigger: interval[0:15:00], next run at: 2025-10-04 16:41:19 EDT)" executed successfully
2025-10-05 13:08:39,644 [WARNING] Run time of job "main.<locals>.<lambda> (trigger: interval[0:15:00], next run at: 2025-10-05 13:11:19 EDT)" was missed by 0:12:20.274289
2025-10-05 18:35:31,198 [WARNING] Run time of job "main.<locals>.<lambda> (trigger: interval[0:15:00], next run at: 2025-10-05 18:41:19 EDT)" was missed by 0:09:11.828456
2025-10-06 06:25:16,781 [WARNING] Run time of job "main.<locals>.<lambda> (trigger: interval[0:15:00], next run at: 2025-10-06 06:26:19 EDT)" was missed by 0:13:57.410975
2025-10-06 08:44:29,425 [WARNING] Run time of job "main.<locals>.<lambda> (trigger: interval[0:15:00], next run at: 2025-10-06 08:56:19 EDT)" was missed by 0:03:10.055543
2025-10-06 20:55:51,530 [WARNING] Run time of job "main.<locals>.<lambda> (trigger: interval[0:15:00], next run at: 2025-10-06 20:56:19 EDT)" was missed by 0:14:32.159795
2025-10-06 20:56:19,375 [INFO] Running job "main.<locals>.<lambda> (trigger: interval[0:15:00], next run at: 2025-10-06 21:11:19 EDT)" (scheduled at 2025-10-06 20:56:19.370250-04:00)
2025-10-06 20:56:19,376 [INFO] Fetching trades for ORCL
2025-10-06 20:56:19,507 [ERROR] Error processing symbol ORCL: 404 Client Error: Not Found for url: https://api.polygon.io/v3/trades/options/ORCL?limit=2000&apiKey=yBvjEbOtJIKJghRd76ZFAHPX8VbkeeAq
Traceback (most recent call last):
  File "/Users/saireddykasthuri/options-monitor/options-flow-monitor-e2e.py", line 344, in monitor_once
  File "/Users/saireddykasthuri/options-monitor/options-flow-monitor-e2e.py", line 155, in fetch_trades
  File "/Users/saireddykasthuri/options-monitor/options-flow-monitor-e2e.py", line 97, in fetch_options_trades_polygon
    except (KeyboardInterrupt, SystemExit):
    ^^^^^^^^^^^^^^^^
  File "/Users/saireddykasthuri/options-monitor/venv/lib/python3.13/site-packages/requests/models.py", line 1026, in raise_for_status
    raise HTTPError(http_error_msg, response=self)
requests.exceptions.HTTPError: 404 Client Error: Not Found for url: https://api.polygon.io/v3/trades/options/ORCL?limit=2000&apiKey=yBvjEbOtJIKJghRd76ZFAHPX8VbkeeAq
2025-10-06 20:56:19,513 [INFO] Fetching trades for NBIS
2025-10-06 20:56:19,611 [ERROR] Error processing symbol NBIS: 404 Client Error: Not Found for url: https://api.polygon.io/v3/trades/options/NBIS?limit=2000&apiKey=yBvjEbOtJIKJghRd76ZFAHPX8VbkeeAq
Traceback (most recent call last):
  File "/Users/saireddykasthuri/options-monitor/options-flow-monitor-e2e.py", line 344, in monitor_once
  File "/Users/saireddykasthuri/options-monitor/options-flow-monitor-e2e.py", line 155, in fetch_trades
  File "/Users/saireddykasthuri/options-monitor/options-flow-monitor-e2e.py", line 97, in fetch_options_trades_polygon
    except (KeyboardInterrupt, SystemExit):
    ^^^^^^^^^^^^^^^^
  File "/Users/saireddykasthuri/options-monitor/venv/lib/python3.13/site-packages/requests/models.py", line 1026, in raise_for_status
    raise HTTPError(http_error_msg, response=self)
requests.exceptions.HTTPError: 404 Client Error: Not Found for url: https://api.polygon.io/v3/trades/options/NBIS?limit=2000&apiKey=yBvjEbOtJIKJghRd76ZFAHPX8VbkeeAq
2025-10-06 20:56:19,618 [INFO] Fetching trades for AAPL
2025-10-06 20:56:19,721 [ERROR] Error processing symbol AAPL: 404 Client Error: Not Found for url: https://api.polygon.io/v3/trades/options/AAPL?limit=2000&apiKey=yBvjEbOtJIKJghRd76ZFAHPX8VbkeeAq
Traceback (most recent call last):
  File "/Users/saireddykasthuri/options-monitor/options-flow-monitor-e2e.py", line 344, in monitor_once
  File "/Users/saireddykasthuri/options-monitor/options-flow-monitor-e2e.py", line 155, in fetch_trades
  File "/Users/saireddykasthuri/options-monitor/options-flow-monitor-e2e.py", line 97, in fetch_options_trades_polygon
    except (KeyboardInterrupt, SystemExit):
    ^^^^^^^^^^^^^^^^
  File "/Users/saireddykasthuri/options-monitor/venv/lib/python3.13/site-packages/requests/models.py", line 1026, in raise_for_status
    raise HTTPError(http_error_msg, response=self)
requests.exceptions.HTTPError: 404 Client Error: Not Found for url: https://api.polygon.io/v3/trades/options/AAPL?limit=2000&apiKey=yBvjEbOtJIKJghRd76ZFAHPX8VbkeeAq
2025-10-06 20:56:19,735 [INFO] Fetching trades for TSLA
2025-10-06 20:56:19,856 [ERROR] Error processing symbol TSLA: 404 Client Error: Not Found for url: https://api.polygon.io/v3/trades/options/TSLA?limit=2000&apiKey=yBvjEbOtJIKJghRd76ZFAHPX8VbkeeAq
Traceback (most recent call last):
  File "/Users/saireddykasthuri/options-monitor/options-flow-monitor-e2e.py", line 344, in monitor_once
  File "/Users/saireddykasthuri/options-monitor/options-flow-monitor-e2e.py", line 155, in fetch_trades
  File "/Users/saireddykasthuri/options-monitor/options-flow-monitor-e2e.py", line 97, in fetch_options_trades_polygon
    except (KeyboardInterrupt, SystemExit):
    ^^^^^^^^^^^^^^^^
  File "/Users/saireddykasthuri/options-monitor/venv/lib/python3.13/site-packages/requests/models.py", line 1026, in raise_for_status
    raise HTTPError(http_error_msg, response=self)
requests.exceptions.HTTPError: 404 Client Error: Not Found for url: https://api.polygon.io/v3/trades/options/TSLA?limit=2000&apiKey=yBvjEbOtJIKJghRd76ZFAHPX8VbkeeAq
2025-10-06 20:56:19,862 [INFO] Job "main.<locals>.<lambda> (trigger: interval[0:15:00], next run at: 2025-10-06 21:11:19 EDT)" executed successfully
2025-10-06 21:11:19,371 [INFO] Running job "main.<locals>.<lambda> (trigger: interval[0:15:00], next run at: 2025-10-06 21:26:19 EDT)" (scheduled at 2025-10-06 21:11:19.370250-04:00)
2025-10-06 21:11:19,374 [INFO] Fetching trades for ORCL
2025-10-06 21:11:19,494 [ERROR] Error processing symbol ORCL: 404 Client Error: Not Found for url: https://api.polygon.io/v3/trades/options/ORCL?limit=2000&apiKey=yBvjEbOtJIKJghRd76ZFAHPX8VbkeeAq
Traceback (most recent call last):
  File "/Users/saireddykasthuri/options-monitor/options-flow-monitor-e2e.py", line 344, in monitor_once
  File "/Users/saireddykasthuri/options-monitor/options-flow-monitor-e2e.py", line 155, in fetch_trades
  File "/Users/saireddykasthuri/options-monitor/options-flow-monitor-e2e.py", line 97, in fetch_options_trades_polygon
    except (KeyboardInterrupt, SystemExit):
    ^^^^^^^^^^^^^^^^
  File "/Users/saireddykasthuri/options-monitor/venv/lib/python3.13/site-packages/requests/models.py", line 1026, in raise_for_status
    raise HTTPError(http_error_msg, response=self)
requests.exceptions.HTTPError: 404 Client Error: Not Found for url: https://api.polygon.io/v3/trades/options/ORCL?limit=2000&apiKey=yBvjEbOtJIKJghRd76ZFAHPX8VbkeeAq
2025-10-06 21:11:19,499 [INFO] Fetching trades for NBIS
2025-10-06 21:11:19,592 [ERROR] Error processing symbol NBIS: 404 Client Error: Not Found for url: https://api.polygon.io/v3/trades/options/NBIS?limit=2000&apiKey=yBvjEbOtJIKJghRd76ZFAHPX8VbkeeAq
Traceback (most recent call last):
  File "/Users/saireddykasthuri/options-monitor/options-flow-monitor-e2e.py", line 344, in monitor_once
  File "/Users/saireddykasthuri/options-monitor/options-flow-monitor-e2e.py", line 155, in fetch_trades
  File "/Users/saireddykasthuri/options-monitor/options-flow-monitor-e2e.py", line 97, in fetch_options_trades_polygon
    except (KeyboardInterrupt, SystemExit):
    ^^^^^^^^^^^^^^^^
  File "/Users/saireddykasthuri/options-monitor/venv/lib/python3.13/site-packages/requests/models.py", line 1026, in raise_for_status
    raise HTTPError(http_error_msg, response=self)
requests.exceptions.HTTPError: 404 Client Error: Not Found for url: https://api.polygon.io/v3/trades/options/NBIS?limit=2000&apiKey=yBvjEbOtJIKJghRd76ZFAHPX8VbkeeAq
2025-10-06 21:11:19,595 [INFO] Fetching trades for AAPL
2025-10-06 21:11:19,685 [ERROR] Error processing symbol AAPL: 404 Client Error: Not Found for url: https://api.polygon.io/v3/trades/options/AAPL?limit=2000&apiKey=yBvjEbOtJIKJghRd76ZFAHPX8VbkeeAq
Traceback (most recent call last):
  File "/Users/saireddykasthuri/options-monitor/options-flow-monitor-e2e.py", line 344, in monitor_once
  File "/Users/saireddykasthuri/options-monitor/options-flow-monitor-e2e.py", line 155, in fetch_trades
  File "/Users/saireddykasthuri/options-monitor/options-flow-monitor-e2e.py", line 97, in fetch_options_trades_polygon
    except (KeyboardInterrupt, SystemExit):
    ^^^^^^^^^^^^^^^^
  File "/Users/saireddykasthuri/options-monitor/venv/lib/python3.13/site-packages/requests/models.py", line 1026, in raise_for_status
    raise HTTPError(http_error_msg, response=self)
requests.exceptions.HTTPError: 404 Client Error: Not Found for url: https://api.polygon.io/v3/trades/options/AAPL?limit=2000&apiKey=yBvjEbOtJIKJghRd76ZFAHPX8VbkeeAq
2025-10-06 21:11:19,690 [INFO] Fetching trades for TSLA
2025-10-06 21:11:19,772 [ERROR] Error processing symbol TSLA: 404 Client Error: Not Found for url: https://api.polygon.io/v3/trades/options/TSLA?limit=2000&apiKey=yBvjEbOtJIKJghRd76ZFAHPX8VbkeeAq
Traceback (most recent call last):
  File "/Users/saireddykasthuri/options-monitor/options-flow-monitor-e2e.py", line 344, in monitor_once
  File "/Users/saireddykasthuri/options-monitor/options-flow-monitor-e2e.py", line 155, in fetch_trades
  File "/Users/saireddykasthuri/options-monitor/options-flow-monitor-e2e.py", line 97, in fetch_options_trades_polygon
    except (KeyboardInterrupt, SystemExit):
    ^^^^^^^^^^^^^^^^
  File "/Users/saireddykasthuri/options-monitor/venv/lib/python3.13/site-packages/requests/models.py", line 1026, in raise_for_status
    raise HTTPError(http_error_msg, response=self)
requests.exceptions.HTTPError: 404 Client Error: Not Found for url: https://api.polygon.io/v3/trades/options/TSLA?limit=2000&apiKey=yBvjEbOtJIKJghRd76ZFAHPX8VbkeeAq
2025-10-06 21:11:19,777 [INFO] Job "main.<locals>.<lambda> (trigger: interval[0:15:00], next run at: 2025-10-06 21:26:19 EDT)" executed successfully
2025-10-06 21:26:19,400 [INFO] Running job "main.<locals>.<lambda> (trigger: interval[0:15:00], next run at: 2025-10-06 21:41:19 EDT)" (scheduled at 2025-10-06 21:26:19.370250-04:00)
2025-10-06 21:26:19,400 [INFO] Fetching trades for ORCL
2025-10-06 21:26:19,505 [ERROR] Error processing symbol ORCL: 404 Client Error: Not Found for url: https://api.polygon.io/v3/trades/options/ORCL?limit=2000&apiKey=yBvjEbOtJIKJghRd76ZFAHPX8VbkeeAq
Traceback (most recent call last):
  File "/Users/saireddykasthuri/options-monitor/options-flow-monitor-e2e.py", line 344, in monitor_once
  File "/Users/saireddykasthuri/options-monitor/options-flow-monitor-e2e.py", line 155, in fetch_trades
  File "/Users/saireddykasthuri/options-monitor/options-flow-monitor-e2e.py", line 97, in fetch_options_trades_polygon
    except (KeyboardInterrupt, SystemExit):
    ^^^^^^^^^^^^^^^^
  File "/Users/saireddykasthuri/options-monitor/venv/lib/python3.13/site-packages/requests/models.py", line 1026, in raise_for_status
    raise HTTPError(http_error_msg, response=self)
requests.exceptions.HTTPError: 404 Client Error: Not Found for url: https://api.polygon.io/v3/trades/options/ORCL?limit=2000&apiKey=yBvjEbOtJIKJghRd76ZFAHPX8VbkeeAq
2025-10-06 21:26:19,509 [INFO] Fetching trades for NBIS
2025-10-06 21:26:19,599 [ERROR] Error processing symbol NBIS: 404 Client Error: Not Found for url: https://api.polygon.io/v3/trades/options/NBIS?limit=2000&apiKey=yBvjEbOtJIKJghRd76ZFAHPX8VbkeeAq
Traceback (most recent call last):
  File "/Users/saireddykasthuri/options-monitor/options-flow-monitor-e2e.py", line 344, in monitor_once
  File "/Users/saireddykasthuri/options-monitor/options-flow-monitor-e2e.py", line 155, in fetch_trades
  File "/Users/saireddykasthuri/options-monitor/options-flow-monitor-e2e.py", line 97, in fetch_options_trades_polygon
    except (KeyboardInterrupt, SystemExit):
    ^^^^^^^^^^^^^^^^
  File "/Users/saireddykasthuri/options-monitor/venv/lib/python3.13/site-packages/requests/models.py", line 1026, in raise_for_status
    raise HTTPError(http_error_msg, response=self)
requests.exceptions.HTTPError: 404 Client Error: Not Found for url: https://api.polygon.io/v3/trades/options/NBIS?limit=2000&apiKey=yBvjEbOtJIKJghRd76ZFAHPX8VbkeeAq
2025-10-06 21:26:19,603 [INFO] Fetching trades for AAPL
2025-10-06 21:26:19,695 [ERROR] Error processing symbol AAPL: 404 Client Error: Not Found for url: https://api.polygon.io/v3/trades/options/AAPL?limit=2000&apiKey=yBvjEbOtJIKJghRd76ZFAHPX8VbkeeAq
Traceback (most recent call last):
  File "/Users/saireddykasthuri/options-monitor/options-flow-monitor-e2e.py", line 344, in monitor_once
  File "/Users/saireddykasthuri/options-monitor/options-flow-monitor-e2e.py", line 155, in fetch_trades
  File "/Users/saireddykasthuri/options-monitor/options-flow-monitor-e2e.py", line 97, in fetch_options_trades_polygon
    except (KeyboardInterrupt, SystemExit):
    ^^^^^^^^^^^^^^^^
  File "/Users/saireddykasthuri/options-monitor/venv/lib/python3.13/site-packages/requests/models.py", line 1026, in raise_for_status
    raise HTTPError(http_error_msg, response=self)
requests.exceptions.HTTPError: 404 Client Error: Not Found for url: https://api.polygon.io/v3/trades/options/AAPL?limit=2000&apiKey=yBvjEbOtJIKJghRd76ZFAHPX8VbkeeAq
2025-10-06 21:26:19,700 [INFO] Fetching trades for TSLA
2025-10-06 21:26:19,792 [ERROR] Error processing symbol TSLA: 404 Client Error: Not Found for url: https://api.polygon.io/v3/trades/options/TSLA?limit=2000&apiKey=yBvjEbOtJIKJghRd76ZFAHPX8VbkeeAq
Traceback (most recent call last):
  File "/Users/saireddykasthuri/options-monitor/options-flow-monitor-e2e.py", line 344, in monitor_once
  File "/Users/saireddykasthuri/options-monitor/options-flow-monitor-e2e.py", line 155, in fetch_trades
  File "/Users/saireddykasthuri/options-monitor/options-flow-monitor-e2e.py", line 97, in fetch_options_trades_polygon
    except (KeyboardInterrupt, SystemExit):
    ^^^^^^^^^^^^^^^^
  File "/Users/saireddykasthuri/options-monitor/venv/lib/python3.13/site-packages/requests/models.py", line 1026, in raise_for_status
    raise HTTPError(http_error_msg, response=self)
requests.exceptions.HTTPError: 404 Client Error: Not Found for url: https://api.polygon.io/v3/trades/options/TSLA?limit=2000&apiKey=yBvjEbOtJIKJghRd76ZFAHPX8VbkeeAq
2025-10-06 21:26:19,796 [INFO] Job "main.<locals>.<lambda> (trigger: interval[0:15:00], next run at: 2025-10-06 21:41:19 EDT)" executed successfully
2025-10-06 21:41:19,384 [INFO] Running job "main.<locals>.<lambda> (trigger: interval[0:15:00], next run at: 2025-10-06 21:56:19 EDT)" (scheduled at 2025-10-06 21:41:19.370250-04:00)
2025-10-06 21:41:19,387 [INFO] Fetching trades for ORCL
2025-10-06 21:41:19,503 [ERROR] Error processing symbol ORCL: 404 Client Error: Not Found for url: https://api.polygon.io/v3/trades/options/ORCL?limit=2000&apiKey=yBvjEbOtJIKJghRd76ZFAHPX8VbkeeAq
Traceback (most recent call last):
  File "/Users/saireddykasthuri/options-monitor/options-flow-monitor-e2e.py", line 344, in monitor_once
  File "/Users/saireddykasthuri/options-monitor/options-flow-monitor-e2e.py", line 155, in fetch_trades
  File "/Users/saireddykasthuri/options-monitor/options-flow-monitor-e2e.py", line 97, in fetch_options_trades_polygon
    except (KeyboardInterrupt, SystemExit):
    ^^^^^^^^^^^^^^^^
  File "/Users/saireddykasthuri/options-monitor/venv/lib/python3.13/site-packages/requests/models.py", line 1026, in raise_for_status
    raise HTTPError(http_error_msg, response=self)
requests.exceptions.HTTPError: 404 Client Error: Not Found for url: https://api.polygon.io/v3/trades/options/ORCL?limit=2000&apiKey=yBvjEbOtJIKJghRd76ZFAHPX8VbkeeAq
2025-10-06 21:41:19,507 [INFO] Fetching trades for NBIS
2025-10-06 21:41:19,590 [ERROR] Error processing symbol NBIS: 404 Client Error: Not Found for url: https://api.polygon.io/v3/trades/options/NBIS?limit=2000&apiKey=yBvjEbOtJIKJghRd76ZFAHPX8VbkeeAq
Traceback (most recent call last):
  File "/Users/saireddykasthuri/options-monitor/options-flow-monitor-e2e.py", line 344, in monitor_once
  File "/Users/saireddykasthuri/options-monitor/options-flow-monitor-e2e.py", line 155, in fetch_trades
  File "/Users/saireddykasthuri/options-monitor/options-flow-monitor-e2e.py", line 97, in fetch_options_trades_polygon
    except (KeyboardInterrupt, SystemExit):
    ^^^^^^^^^^^^^^^^
  File "/Users/saireddykasthuri/options-monitor/venv/lib/python3.13/site-packages/requests/models.py", line 1026, in raise_for_status
    raise HTTPError(http_error_msg, response=self)
requests.exceptions.HTTPError: 404 Client Error: Not Found for url: https://api.polygon.io/v3/trades/options/NBIS?limit=2000&apiKey=yBvjEbOtJIKJghRd76ZFAHPX8VbkeeAq
2025-10-06 21:41:19,595 [INFO] Fetching trades for AAPL
2025-10-06 21:41:19,678 [ERROR] Error processing symbol AAPL: 404 Client Error: Not Found for url: https://api.polygon.io/v3/trades/options/AAPL?limit=2000&apiKey=yBvjEbOtJIKJghRd76ZFAHPX8VbkeeAq
Traceback (most recent call last):
  File "/Users/saireddykasthuri/options-monitor/options-flow-monitor-e2e.py", line 344, in monitor_once
  File "/Users/saireddykasthuri/options-monitor/options-flow-monitor-e2e.py", line 155, in fetch_trades
  File "/Users/saireddykasthuri/options-monitor/options-flow-monitor-e2e.py", line 97, in fetch_options_trades_polygon
    except (KeyboardInterrupt, SystemExit):
    ^^^^^^^^^^^^^^^^
  File "/Users/saireddykasthuri/options-monitor/venv/lib/python3.13/site-packages/requests/models.py", line 1026, in raise_for_status
    raise HTTPError(http_error_msg, response=self)
requests.exceptions.HTTPError: 404 Client Error: Not Found for url: https://api.polygon.io/v3/trades/options/AAPL?limit=2000&apiKey=yBvjEbOtJIKJghRd76ZFAHPX8VbkeeAq
2025-10-06 21:41:19,684 [INFO] Fetching trades for TSLA
2025-10-06 21:41:19,766 [ERROR] Error processing symbol TSLA: 404 Client Error: Not Found for url: https://api.polygon.io/v3/trades/options/TSLA?limit=2000&apiKey=yBvjEbOtJIKJghRd76ZFAHPX8VbkeeAq
Traceback (most recent call last):
  File "/Users/saireddykasthuri/options-monitor/options-flow-monitor-e2e.py", line 344, in monitor_once
  File "/Users/saireddykasthuri/options-monitor/options-flow-monitor-e2e.py", line 155, in fetch_trades
  File "/Users/saireddykasthuri/options-monitor/options-flow-monitor-e2e.py", line 97, in fetch_options_trades_polygon
    except (KeyboardInterrupt, SystemExit):
    ^^^^^^^^^^^^^^^^
  File "/Users/saireddykasthuri/options-monitor/venv/lib/python3.13/site-packages/requests/models.py", line 1026, in raise_for_status
    raise HTTPError(http_error_msg, response=self)
requests.exceptions.HTTPError: 404 Client Error: Not Found for url: https://api.polygon.io/v3/trades/options/TSLA?limit=2000&apiKey=yBvjEbOtJIKJghRd76ZFAHPX8VbkeeAq
2025-10-06 21:41:19,769 [INFO] Job "main.<locals>.<lambda> (trigger: interval[0:15:00], next run at: 2025-10-06 21:56:19 EDT)" executed successfully
2025-10-06 21:56:19,372 [INFO] Running job "main.<locals>.<lambda> (trigger: interval[0:15:00], next run at: 2025-10-06 22:11:19 EDT)" (scheduled at 2025-10-06 21:56:19.370250-04:00)
2025-10-06 21:56:19,375 [INFO] Fetching trades for ORCL
2025-10-06 21:56:19,494 [ERROR] Error processing symbol ORCL: 404 Client Error: Not Found for url: https://api.polygon.io/v3/trades/options/ORCL?limit=2000&apiKey=yBvjEbOtJIKJghRd76ZFAHPX8VbkeeAq
Traceback (most recent call last):
  File "/Users/saireddykasthuri/options-monitor/options-flow-monitor-e2e.py", line 344, in monitor_once
  File "/Users/saireddykasthuri/options-monitor/options-flow-monitor-e2e.py", line 155, in fetch_trades
  File "/Users/saireddykasthuri/options-monitor/options-flow-monitor-e2e.py", line 97, in fetch_options_trades_polygon
    except (KeyboardInterrupt, SystemExit):
    ^^^^^^^^^^^^^^^^
  File "/Users/saireddykasthuri/options-monitor/venv/lib/python3.13/site-packages/requests/models.py", line 1026, in raise_for_status
    raise HTTPError(http_error_msg, response=self)
requests.exceptions.HTTPError: 404 Client Error: Not Found for url: https://api.polygon.io/v3/trades/options/ORCL?limit=2000&apiKey=yBvjEbOtJIKJghRd76ZFAHPX8VbkeeAq
2025-10-06 21:56:19,499 [INFO] Fetching trades for NBIS
2025-10-06 21:56:19,590 [ERROR] Error processing symbol NBIS: 404 Client Error: Not Found for url: https://api.polygon.io/v3/trades/options/NBIS?limit=2000&apiKey=yBvjEbOtJIKJghRd76ZFAHPX8VbkeeAq
Traceback (most recent call last):
  File "/Users/saireddykasthuri/options-monitor/options-flow-monitor-e2e.py", line 344, in monitor_once
  File "/Users/saireddykasthuri/options-monitor/options-flow-monitor-e2e.py", line 155, in fetch_trades
  File "/Users/saireddykasthuri/options-monitor/options-flow-monitor-e2e.py", line 97, in fetch_options_trades_polygon
    except (KeyboardInterrupt, SystemExit):
    ^^^^^^^^^^^^^^^^
  File "/Users/saireddykasthuri/options-monitor/venv/lib/python3.13/site-packages/requests/models.py", line 1026, in raise_for_status
    raise HTTPError(http_error_msg, response=self)
requests.exceptions.HTTPError: 404 Client Error: Not Found for url: https://api.polygon.io/v3/trades/options/NBIS?limit=2000&apiKey=yBvjEbOtJIKJghRd76ZFAHPX8VbkeeAq
2025-10-06 21:56:19,595 [INFO] Fetching trades for AAPL
2025-10-06 21:56:19,677 [ERROR] Error processing symbol AAPL: 404 Client Error: Not Found for url: https://api.polygon.io/v3/trades/options/AAPL?limit=2000&apiKey=yBvjEbOtJIKJghRd76ZFAHPX8VbkeeAq
Traceback (most recent call last):
  File "/Users/saireddykasthuri/options-monitor/options-flow-monitor-e2e.py", line 344, in monitor_once
  File "/Users/saireddykasthuri/options-monitor/options-flow-monitor-e2e.py", line 155, in fetch_trades
  File "/Users/saireddykasthuri/options-monitor/options-flow-monitor-e2e.py", line 97, in fetch_options_trades_polygon
    except (KeyboardInterrupt, SystemExit):
    ^^^^^^^^^^^^^^^^
  File "/Users/saireddykasthuri/options-monitor/venv/lib/python3.13/site-packages/requests/models.py", line 1026, in raise_for_status
    raise HTTPError(http_error_msg, response=self)
requests.exceptions.HTTPError: 404 Client Error: Not Found for url: https://api.polygon.io/v3/trades/options/AAPL?limit=2000&apiKey=yBvjEbOtJIKJghRd76ZFAHPX8VbkeeAq
2025-10-06 21:56:19,681 [INFO] Fetching trades for TSLA
2025-10-06 21:56:19,773 [ERROR] Error processing symbol TSLA: 404 Client Error: Not Found for url: https://api.polygon.io/v3/trades/options/TSLA?limit=2000&apiKey=yBvjEbOtJIKJghRd76ZFAHPX8VbkeeAq
Traceback (most recent call last):
  File "/Users/saireddykasthuri/options-monitor/options-flow-monitor-e2e.py", line 344, in monitor_once
  File "/Users/saireddykasthuri/options-monitor/options-flow-monitor-e2e.py", line 155, in fetch_trades
  File "/Users/saireddykasthuri/options-monitor/options-flow-monitor-e2e.py", line 97, in fetch_options_trades_polygon
    except (KeyboardInterrupt, SystemExit):
    ^^^^^^^^^^^^^^^^
  File "/Users/saireddykasthuri/options-monitor/venv/lib/python3.13/site-packages/requests/models.py", line 1026, in raise_for_status
    raise HTTPError(http_error_msg, response=self)
requests.exceptions.HTTPError: 404 Client Error: Not Found for url: https://api.polygon.io/v3/trades/options/TSLA?limit=2000&apiKey=yBvjEbOtJIKJghRd76ZFAHPX8VbkeeAq
2025-10-06 21:56:19,777 [INFO] Job "main.<locals>.<lambda> (trigger: interval[0:15:00], next run at: 2025-10-06 22:11:19 EDT)" executed successfully
2025-10-06 22:11:19,377 [INFO] Running job "main.<locals>.<lambda> (trigger: interval[0:15:00], next run at: 2025-10-06 22:26:19 EDT)" (scheduled at 2025-10-06 22:11:19.370250-04:00)
2025-10-06 22:11:19,379 [INFO] Fetching trades for ORCL
2025-10-06 22:11:19,499 [ERROR] Error processing symbol ORCL: 404 Client Error: Not Found for url: https://api.polygon.io/v3/trades/options/ORCL?limit=2000&apiKey=yBvjEbOtJIKJghRd76ZFAHPX8VbkeeAq
Traceback (most recent call last):
  File "/Users/saireddykasthuri/options-monitor/options-flow-monitor-e2e.py", line 344, in monitor_once
  File "/Users/saireddykasthuri/options-monitor/options-flow-monitor-e2e.py", line 155, in fetch_trades
  File "/Users/saireddykasthuri/options-monitor/options-flow-monitor-e2e.py", line 97, in fetch_options_trades_polygon
    except (KeyboardInterrupt, SystemExit):
    ^^^^^^^^^^^^^^^^
  File "/Users/saireddykasthuri/options-monitor/venv/lib/python3.13/site-packages/requests/models.py", line 1026, in raise_for_status
    raise HTTPError(http_error_msg, response=self)
requests.exceptions.HTTPError: 404 Client Error: Not Found for url: https://api.polygon.io/v3/trades/options/ORCL?limit=2000&apiKey=yBvjEbOtJIKJghRd76ZFAHPX8VbkeeAq
2025-10-06 22:11:19,504 [INFO] Fetching trades for NBIS
2025-10-06 22:11:19,597 [ERROR] Error processing symbol NBIS: 404 Client Error: Not Found for url: https://api.polygon.io/v3/trades/options/NBIS?limit=2000&apiKey=yBvjEbOtJIKJghRd76ZFAHPX8VbkeeAq
Traceback (most recent call last):
  File "/Users/saireddykasthuri/options-monitor/options-flow-monitor-e2e.py", line 344, in monitor_once
  File "/Users/saireddykasthuri/options-monitor/options-flow-monitor-e2e.py", line 155, in fetch_trades
  File "/Users/saireddykasthuri/options-monitor/options-flow-monitor-e2e.py", line 97, in fetch_options_trades_polygon
    except (KeyboardInterrupt, SystemExit):
    ^^^^^^^^^^^^^^^^
  File "/Users/saireddykasthuri/options-monitor/venv/lib/python3.13/site-packages/requests/models.py", line 1026, in raise_for_status
    raise HTTPError(http_error_msg, response=self)
requests.exceptions.HTTPError: 404 Client Error: Not Found for url: https://api.polygon.io/v3/trades/options/NBIS?limit=2000&apiKey=yBvjEbOtJIKJghRd76ZFAHPX8VbkeeAq
2025-10-06 22:11:19,601 [INFO] Fetching trades for AAPL
2025-10-06 22:11:19,700 [ERROR] Error processing symbol AAPL: 404 Client Error: Not Found for url: https://api.polygon.io/v3/trades/options/AAPL?limit=2000&apiKey=yBvjEbOtJIKJghRd76ZFAHPX8VbkeeAq
Traceback (most recent call last):
  File "/Users/saireddykasthuri/options-monitor/options-flow-monitor-e2e.py", line 344, in monitor_once
  File "/Users/saireddykasthuri/options-monitor/options-flow-monitor-e2e.py", line 155, in fetch_trades
  File "/Users/saireddykasthuri/options-monitor/options-flow-monitor-e2e.py", line 97, in fetch_options_trades_polygon
    except (KeyboardInterrupt, SystemExit):
    ^^^^^^^^^^^^^^^^
  File "/Users/saireddykasthuri/options-monitor/venv/lib/python3.13/site-packages/requests/models.py", line 1026, in raise_for_status
    raise HTTPError(http_error_msg, response=self)
requests.exceptions.HTTPError: 404 Client Error: Not Found for url: https://api.polygon.io/v3/trades/options/AAPL?limit=2000&apiKey=yBvjEbOtJIKJghRd76ZFAHPX8VbkeeAq
2025-10-06 22:11:19,705 [INFO] Fetching trades for TSLA
2025-10-06 22:11:19,796 [ERROR] Error processing symbol TSLA: 404 Client Error: Not Found for url: https://api.polygon.io/v3/trades/options/TSLA?limit=2000&apiKey=yBvjEbOtJIKJghRd76ZFAHPX8VbkeeAq
Traceback (most recent call last):
  File "/Users/saireddykasthuri/options-monitor/options-flow-monitor-e2e.py", line 344, in monitor_once
  File "/Users/saireddykasthuri/options-monitor/options-flow-monitor-e2e.py", line 155, in fetch_trades
  File "/Users/saireddykasthuri/options-monitor/options-flow-monitor-e2e.py", line 97, in fetch_options_trades_polygon
    except (KeyboardInterrupt, SystemExit):
    ^^^^^^^^^^^^^^^^
  File "/Users/saireddykasthuri/options-monitor/venv/lib/python3.13/site-packages/requests/models.py", line 1026, in raise_for_status
    raise HTTPError(http_error_msg, response=self)
requests.exceptions.HTTPError: 404 Client Error: Not Found for url: https://api.polygon.io/v3/trades/options/TSLA?limit=2000&apiKey=yBvjEbOtJIKJghRd76ZFAHPX8VbkeeAq
2025-10-06 22:11:19,801 [INFO] Job "main.<locals>.<lambda> (trigger: interval[0:15:00], next run at: 2025-10-06 22:26:19 EDT)" executed successfully
2025-10-06 22:26:19,392 [INFO] Running job "main.<locals>.<lambda> (trigger: interval[0:15:00], next run at: 2025-10-06 22:41:19 EDT)" (scheduled at 2025-10-06 22:26:19.370250-04:00)
2025-10-06 22:26:19,393 [INFO] Fetching trades for ORCL
2025-10-06 22:26:19,513 [ERROR] Error processing symbol ORCL: 404 Client Error: Not Found for url: https://api.polygon.io/v3/trades/options/ORCL?limit=2000&apiKey=yBvjEbOtJIKJghRd76ZFAHPX8VbkeeAq
Traceback (most recent call last):
  File "/Users/saireddykasthuri/options-monitor/options-flow-monitor-e2e.py", line 344, in monitor_once
  File "/Users/saireddykasthuri/options-monitor/options-flow-monitor-e2e.py", line 155, in fetch_trades
  File "/Users/saireddykasthuri/options-monitor/options-flow-monitor-e2e.py", line 97, in fetch_options_trades_polygon
    except (KeyboardInterrupt, SystemExit):
    ^^^^^^^^^^^^^^^^
  File "/Users/saireddykasthuri/options-monitor/venv/lib/python3.13/site-packages/requests/models.py", line 1026, in raise_for_status
    raise HTTPError(http_error_msg, response=self)
requests.exceptions.HTTPError: 404 Client Error: Not Found for url: https://api.polygon.io/v3/trades/options/ORCL?limit=2000&apiKey=yBvjEbOtJIKJghRd76ZFAHPX8VbkeeAq
2025-10-06 22:26:19,518 [INFO] Fetching trades for NBIS
2025-10-06 22:26:19,620 [ERROR] Error processing symbol NBIS: 404 Client Error: Not Found for url: https://api.polygon.io/v3/trades/options/NBIS?limit=2000&apiKey=yBvjEbOtJIKJghRd76ZFAHPX8VbkeeAq
Traceback (most recent call last):
  File "/Users/saireddykasthuri/options-monitor/options-flow-monitor-e2e.py", line 344, in monitor_once
  File "/Users/saireddykasthuri/options-monitor/options-flow-monitor-e2e.py", line 155, in fetch_trades
  File "/Users/saireddykasthuri/options-monitor/options-flow-monitor-e2e.py", line 97, in fetch_options_trades_polygon
    except (KeyboardInterrupt, SystemExit):
    ^^^^^^^^^^^^^^^^
  File "/Users/saireddykasthuri/options-monitor/venv/lib/python3.13/site-packages/requests/models.py", line 1026, in raise_for_status
    raise HTTPError(http_error_msg, response=self)
requests.exceptions.HTTPError: 404 Client Error: Not Found for url: https://api.polygon.io/v3/trades/options/NBIS?limit=2000&apiKey=yBvjEbOtJIKJghRd76ZFAHPX8VbkeeAq
2025-10-06 22:26:19,624 [INFO] Fetching trades for AAPL
2025-10-06 22:26:19,711 [ERROR] Error processing symbol AAPL: 404 Client Error: Not Found for url: https://api.polygon.io/v3/trades/options/AAPL?limit=2000&apiKey=yBvjEbOtJIKJghRd76ZFAHPX8VbkeeAq
Traceback (most recent call last):
  File "/Users/saireddykasthuri/options-monitor/options-flow-monitor-e2e.py", line 344, in monitor_once
  File "/Users/saireddykasthuri/options-monitor/options-flow-monitor-e2e.py", line 155, in fetch_trades
  File "/Users/saireddykasthuri/options-monitor/options-flow-monitor-e2e.py", line 97, in fetch_options_trades_polygon
    except (KeyboardInterrupt, SystemExit):
    ^^^^^^^^^^^^^^^^
  File "/Users/saireddykasthuri/options-monitor/venv/lib/python3.13/site-packages/requests/models.py", line 1026, in raise_for_status
    raise HTTPError(http_error_msg, response=self)
requests.exceptions.HTTPError: 404 Client Error: Not Found for url: https://api.polygon.io/v3/trades/options/AAPL?limit=2000&apiKey=yBvjEbOtJIKJghRd76ZFAHPX8VbkeeAq
2025-10-06 22:26:19,716 [INFO] Fetching trades for TSLA
2025-10-06 22:26:19,804 [ERROR] Error processing symbol TSLA: 404 Client Error: Not Found for url: https://api.polygon.io/v3/trades/options/TSLA?limit=2000&apiKey=yBvjEbOtJIKJghRd76ZFAHPX8VbkeeAq
Traceback (most recent call last):
  File "/Users/saireddykasthuri/options-monitor/options-flow-monitor-e2e.py", line 344, in monitor_once
  File "/Users/saireddykasthuri/options-monitor/options-flow-monitor-e2e.py", line 155, in fetch_trades
  File "/Users/saireddykasthuri/options-monitor/options-flow-monitor-e2e.py", line 97, in fetch_options_trades_polygon
    except (KeyboardInterrupt, SystemExit):
    ^^^^^^^^^^^^^^^^
  File "/Users/saireddykasthuri/options-monitor/venv/lib/python3.13/site-packages/requests/models.py", line 1026, in raise_for_status
    raise HTTPError(http_error_msg, response=self)
requests.exceptions.HTTPError: 404 Client Error: Not Found for url: https://api.polygon.io/v3/trades/options/TSLA?limit=2000&apiKey=yBvjEbOtJIKJghRd76ZFAHPX8VbkeeAq
2025-10-06 22:26:19,810 [INFO] Job "main.<locals>.<lambda> (trigger: interval[0:15:00], next run at: 2025-10-06 22:41:19 EDT)" executed successfully
2025-10-06 22:41:19,382 [INFO] Running job "main.<locals>.<lambda> (trigger: interval[0:15:00], next run at: 2025-10-06 22:56:19 EDT)" (scheduled at 2025-10-06 22:41:19.370250-04:00)
2025-10-06 22:41:19,394 [INFO] Fetching trades for ORCL
2025-10-06 22:41:19,553 [ERROR] Error processing symbol ORCL: 404 Client Error: Not Found for url: https://api.polygon.io/v3/trades/options/ORCL?limit=2000&apiKey=yBvjEbOtJIKJghRd76ZFAHPX8VbkeeAq
Traceback (most recent call last):
  File "/Users/saireddykasthuri/options-monitor/options-flow-monitor-e2e.py", line 344, in monitor_once
  File "/Users/saireddykasthuri/options-monitor/options-flow-monitor-e2e.py", line 155, in fetch_trades
  File "/Users/saireddykasthuri/options-monitor/options-flow-monitor-e2e.py", line 97, in fetch_options_trades_polygon
    except (KeyboardInterrupt, SystemExit):
    ^^^^^^^^^^^^^^^^
  File "/Users/saireddykasthuri/options-monitor/venv/lib/python3.13/site-packages/requests/models.py", line 1026, in raise_for_status
    raise HTTPError(http_error_msg, response=self)
requests.exceptions.HTTPError: 404 Client Error: Not Found for url: https://api.polygon.io/v3/trades/options/ORCL?limit=2000&apiKey=yBvjEbOtJIKJghRd76ZFAHPX8VbkeeAq
2025-10-06 22:41:19,558 [INFO] Fetching trades for NBIS
2025-10-06 22:41:19,671 [ERROR] Error processing symbol NBIS: 404 Client Error: Not Found for url: https://api.polygon.io/v3/trades/options/NBIS?limit=2000&apiKey=yBvjEbOtJIKJghRd76ZFAHPX8VbkeeAq
Traceback (most recent call last):
  File "/Users/saireddykasthuri/options-monitor/options-flow-monitor-e2e.py", line 344, in monitor_once
  File "/Users/saireddykasthuri/options-monitor/options-flow-monitor-e2e.py", line 155, in fetch_trades
  File "/Users/saireddykasthuri/options-monitor/options-flow-monitor-e2e.py", line 97, in fetch_options_trades_polygon
    except (KeyboardInterrupt, SystemExit):
    ^^^^^^^^^^^^^^^^
  File "/Users/saireddykasthuri/options-monitor/venv/lib/python3.13/site-packages/requests/models.py", line 1026, in raise_for_status
    raise HTTPError(http_error_msg, response=self)
requests.exceptions.HTTPError: 404 Client Error: Not Found for url: https://api.polygon.io/v3/trades/options/NBIS?limit=2000&apiKey=yBvjEbOtJIKJghRd76ZFAHPX8VbkeeAq
2025-10-06 22:41:19,675 [INFO] Fetching trades for AAPL
2025-10-06 22:41:19,783 [ERROR] Error processing symbol AAPL: 404 Client Error: Not Found for url: https://api.polygon.io/v3/trades/options/AAPL?limit=2000&apiKey=yBvjEbOtJIKJghRd76ZFAHPX8VbkeeAq
Traceback (most recent call last):
  File "/Users/saireddykasthuri/options-monitor/options-flow-monitor-e2e.py", line 344, in monitor_once
  File "/Users/saireddykasthuri/options-monitor/options-flow-monitor-e2e.py", line 155, in fetch_trades
  File "/Users/saireddykasthuri/options-monitor/options-flow-monitor-e2e.py", line 97, in fetch_options_trades_polygon
    except (KeyboardInterrupt, SystemExit):
    ^^^^^^^^^^^^^^^^
  File "/Users/saireddykasthuri/options-monitor/venv/lib/python3.13/site-packages/requests/models.py", line 1026, in raise_for_status
    raise HTTPError(http_error_msg, response=self)
requests.exceptions.HTTPError: 404 Client Error: Not Found for url: https://api.polygon.io/v3/trades/options/AAPL?limit=2000&apiKey=yBvjEbOtJIKJghRd76ZFAHPX8VbkeeAq
2025-10-06 22:41:19,787 [INFO] Fetching trades for TSLA
2025-10-06 22:41:19,923 [ERROR] Error processing symbol TSLA: 404 Client Error: Not Found for url: https://api.polygon.io/v3/trades/options/TSLA?limit=2000&apiKey=yBvjEbOtJIKJghRd76ZFAHPX8VbkeeAq
Traceback (most recent call last):
  File "/Users/saireddykasthuri/options-monitor/options-flow-monitor-e2e.py", line 344, in monitor_once
  File "/Users/saireddykasthuri/options-monitor/options-flow-monitor-e2e.py", line 155, in fetch_trades
  File "/Users/saireddykasthuri/options-monitor/options-flow-monitor-e2e.py", line 97, in fetch_options_trades_polygon
    except (KeyboardInterrupt, SystemExit):
    ^^^^^^^^^^^^^^^^
  File "/Users/saireddykasthuri/options-monitor/venv/lib/python3.13/site-packages/requests/models.py", line 1026, in raise_for_status
    raise HTTPError(http_error_msg, response=self)
requests.exceptions.HTTPError: 404 Client Error: Not Found for url: https://api.polygon.io/v3/trades/options/TSLA?limit=2000&apiKey=yBvjEbOtJIKJghRd76ZFAHPX8VbkeeAq
2025-10-06 22:41:19,934 [INFO] Job "main.<locals>.<lambda> (trigger: interval[0:15:00], next run at: 2025-10-06 22:56:19 EDT)" executed successfully
2025-10-06 22:56:19,374 [INFO] Running job "main.<locals>.<lambda> (trigger: interval[0:15:00], next run at: 2025-10-06 23:11:19 EDT)" (scheduled at 2025-10-06 22:56:19.370250-04:00)
2025-10-06 22:56:19,377 [INFO] Fetching trades for ORCL
2025-10-06 22:56:19,498 [ERROR] Error processing symbol ORCL: 404 Client Error: Not Found for url: https://api.polygon.io/v3/trades/options/ORCL?limit=2000&apiKey=yBvjEbOtJIKJghRd76ZFAHPX8VbkeeAq
Traceback (most recent call last):
  File "/Users/saireddykasthuri/options-monitor/options-flow-monitor-e2e.py", line 344, in monitor_once
  File "/Users/saireddykasthuri/options-monitor/options-flow-monitor-e2e.py", line 155, in fetch_trades
  File "/Users/saireddykasthuri/options-monitor/options-flow-monitor-e2e.py", line 97, in fetch_options_trades_polygon
    except (KeyboardInterrupt, SystemExit):
    ^^^^^^^^^^^^^^^^
  File "/Users/saireddykasthuri/options-monitor/venv/lib/python3.13/site-packages/requests/models.py", line 1026, in raise_for_status
    raise HTTPError(http_error_msg, response=self)
requests.exceptions.HTTPError: 404 Client Error: Not Found for url: https://api.polygon.io/v3/trades/options/ORCL?limit=2000&apiKey=yBvjEbOtJIKJghRd76ZFAHPX8VbkeeAq
2025-10-06 22:56:19,502 [INFO] Fetching trades for NBIS
2025-10-06 22:56:19,580 [ERROR] Error processing symbol NBIS: 404 Client Error: Not Found for url: https://api.polygon.io/v3/trades/options/NBIS?limit=2000&apiKey=yBvjEbOtJIKJghRd76ZFAHPX8VbkeeAq
Traceback (most recent call last):
  File "/Users/saireddykasthuri/options-monitor/options-flow-monitor-e2e.py", line 344, in monitor_once
  File "/Users/saireddykasthuri/options-monitor/options-flow-monitor-e2e.py", line 155, in fetch_trades
  File "/Users/saireddykasthuri/options-monitor/options-flow-monitor-e2e.py", line 97, in fetch_options_trades_polygon
    except (KeyboardInterrupt, SystemExit):
    ^^^^^^^^^^^^^^^^
  File "/Users/saireddykasthuri/options-monitor/venv/lib/python3.13/site-packages/requests/models.py", line 1026, in raise_for_status
    raise HTTPError(http_error_msg, response=self)
requests.exceptions.HTTPError: 404 Client Error: Not Found for url: https://api.polygon.io/v3/trades/options/NBIS?limit=2000&apiKey=yBvjEbOtJIKJghRd76ZFAHPX8VbkeeAq
2025-10-06 22:56:19,585 [INFO] Fetching trades for AAPL
2025-10-06 22:56:19,673 [ERROR] Error processing symbol AAPL: 404 Client Error: Not Found for url: https://api.polygon.io/v3/trades/options/AAPL?limit=2000&apiKey=yBvjEbOtJIKJghRd76ZFAHPX8VbkeeAq
Traceback (most recent call last):
  File "/Users/saireddykasthuri/options-monitor/options-flow-monitor-e2e.py", line 344, in monitor_once
  File "/Users/saireddykasthuri/options-monitor/options-flow-monitor-e2e.py", line 155, in fetch_trades
  File "/Users/saireddykasthuri/options-monitor/options-flow-monitor-e2e.py", line 97, in fetch_options_trades_polygon
    except (KeyboardInterrupt, SystemExit):
    ^^^^^^^^^^^^^^^^
  File "/Users/saireddykasthuri/options-monitor/venv/lib/python3.13/site-packages/requests/models.py", line 1026, in raise_for_status
    raise HTTPError(http_error_msg, response=self)
requests.exceptions.HTTPError: 404 Client Error: Not Found for url: https://api.polygon.io/v3/trades/options/AAPL?limit=2000&apiKey=yBvjEbOtJIKJghRd76ZFAHPX8VbkeeAq
2025-10-06 22:56:19,677 [INFO] Fetching trades for TSLA
2025-10-06 22:56:19,760 [ERROR] Error processing symbol TSLA: 404 Client Error: Not Found for url: https://api.polygon.io/v3/trades/options/TSLA?limit=2000&apiKey=yBvjEbOtJIKJghRd76ZFAHPX8VbkeeAq
Traceback (most recent call last):
  File "/Users/saireddykasthuri/options-monitor/options-flow-monitor-e2e.py", line 344, in monitor_once
  File "/Users/saireddykasthuri/options-monitor/options-flow-monitor-e2e.py", line 155, in fetch_trades
  File "/Users/saireddykasthuri/options-monitor/options-flow-monitor-e2e.py", line 97, in fetch_options_trades_polygon
    except (KeyboardInterrupt, SystemExit):
    ^^^^^^^^^^^^^^^^
  File "/Users/saireddykasthuri/options-monitor/venv/lib/python3.13/site-packages/requests/models.py", line 1026, in raise_for_status
    raise HTTPError(http_error_msg, response=self)
requests.exceptions.HTTPError: 404 Client Error: Not Found for url: https://api.polygon.io/v3/trades/options/TSLA?limit=2000&apiKey=yBvjEbOtJIKJghRd76ZFAHPX8VbkeeAq
2025-10-06 22:56:19,763 [INFO] Job "main.<locals>.<lambda> (trigger: interval[0:15:00], next run at: 2025-10-06 23:11:19 EDT)" executed successfully
2025-10-06 23:11:19,371 [INFO] Running job "main.<locals>.<lambda> (trigger: interval[0:15:00], next run at: 2025-10-06 23:26:19 EDT)" (scheduled at 2025-10-06 23:11:19.370250-04:00)
2025-10-06 23:11:19,375 [INFO] Fetching trades for ORCL
2025-10-06 23:11:19,494 [ERROR] Error processing symbol ORCL: 404 Client Error: Not Found for url: https://api.polygon.io/v3/trades/options/ORCL?limit=2000&apiKey=yBvjEbOtJIKJghRd76ZFAHPX8VbkeeAq
Traceback (most recent call last):
  File "/Users/saireddykasthuri/options-monitor/options-flow-monitor-e2e.py", line 344, in monitor_once
  File "/Users/saireddykasthuri/options-monitor/options-flow-monitor-e2e.py", line 155, in fetch_trades
  File "/Users/saireddykasthuri/options-monitor/options-flow-monitor-e2e.py", line 97, in fetch_options_trades_polygon
    except (KeyboardInterrupt, SystemExit):
    ^^^^^^^^^^^^^^^^
  File "/Users/saireddykasthuri/options-monitor/venv/lib/python3.13/site-packages/requests/models.py", line 1026, in raise_for_status
    raise HTTPError(http_error_msg, response=self)
requests.exceptions.HTTPError: 404 Client Error: Not Found for url: https://api.polygon.io/v3/trades/options/ORCL?limit=2000&apiKey=yBvjEbOtJIKJghRd76ZFAHPX8VbkeeAq
2025-10-06 23:11:19,497 [INFO] Fetching trades for NBIS
2025-10-06 23:11:19,585 [ERROR] Error processing symbol NBIS: 404 Client Error: Not Found for url: https://api.polygon.io/v3/trades/options/NBIS?limit=2000&apiKey=yBvjEbOtJIKJghRd76ZFAHPX8VbkeeAq
Traceback (most recent call last):
  File "/Users/saireddykasthuri/options-monitor/options-flow-monitor-e2e.py", line 344, in monitor_once
  File "/Users/saireddykasthuri/options-monitor/options-flow-monitor-e2e.py", line 155, in fetch_trades
  File "/Users/saireddykasthuri/options-monitor/options-flow-monitor-e2e.py", line 97, in fetch_options_trades_polygon
    except (KeyboardInterrupt, SystemExit):
    ^^^^^^^^^^^^^^^^
  File "/Users/saireddykasthuri/options-monitor/venv/lib/python3.13/site-packages/requests/models.py", line 1026, in raise_for_status
    raise HTTPError(http_error_msg, response=self)
requests.exceptions.HTTPError: 404 Client Error: Not Found for url: https://api.polygon.io/v3/trades/options/NBIS?limit=2000&apiKey=yBvjEbOtJIKJghRd76ZFAHPX8VbkeeAq
2025-10-06 23:11:19,590 [INFO] Fetching trades for AAPL
2025-10-06 23:11:19,681 [ERROR] Error processing symbol AAPL: 404 Client Error: Not Found for url: https://api.polygon.io/v3/trades/options/AAPL?limit=2000&apiKey=yBvjEbOtJIKJghRd76ZFAHPX8VbkeeAq
Traceback (most recent call last):
  File "/Users/saireddykasthuri/options-monitor/options-flow-monitor-e2e.py", line 344, in monitor_once
  File "/Users/saireddykasthuri/options-monitor/options-flow-monitor-e2e.py", line 155, in fetch_trades
  File "/Users/saireddykasthuri/options-monitor/options-flow-monitor-e2e.py", line 97, in fetch_options_trades_polygon
    except (KeyboardInterrupt, SystemExit):
    ^^^^^^^^^^^^^^^^
  File "/Users/saireddykasthuri/options-monitor/venv/lib/python3.13/site-packages/requests/models.py", line 1026, in raise_for_status
    raise HTTPError(http_error_msg, response=self)
requests.exceptions.HTTPError: 404 Client Error: Not Found for url: https://api.polygon.io/v3/trades/options/AAPL?limit=2000&apiKey=yBvjEbOtJIKJghRd76ZFAHPX8VbkeeAq
2025-10-06 23:11:19,686 [INFO] Fetching trades for TSLA
2025-10-06 23:11:19,774 [ERROR] Error processing symbol TSLA: 404 Client Error: Not Found for url: https://api.polygon.io/v3/trades/options/TSLA?limit=2000&apiKey=yBvjEbOtJIKJghRd76ZFAHPX8VbkeeAq
Traceback (most recent call last):
  File "/Users/saireddykasthuri/options-monitor/options-flow-monitor-e2e.py", line 344, in monitor_once
  File "/Users/saireddykasthuri/options-monitor/options-flow-monitor-e2e.py", line 155, in fetch_trades
  File "/Users/saireddykasthuri/options-monitor/options-flow-monitor-e2e.py", line 97, in fetch_options_trades_polygon
    except (KeyboardInterrupt, SystemExit):
    ^^^^^^^^^^^^^^^^
  File "/Users/saireddykasthuri/options-monitor/venv/lib/python3.13/site-packages/requests/models.py", line 1026, in raise_for_status
    raise HTTPError(http_error_msg, response=self)
requests.exceptions.HTTPError: 404 Client Error: Not Found for url: https://api.polygon.io/v3/trades/options/TSLA?limit=2000&apiKey=yBvjEbOtJIKJghRd76ZFAHPX8VbkeeAq
2025-10-06 23:11:19,781 [INFO] Job "main.<locals>.<lambda> (trigger: interval[0:15:00], next run at: 2025-10-06 23:26:19 EDT)" executed successfully
2025-10-06 23:26:19,371 [INFO] Running job "main.<locals>.<lambda> (trigger: interval[0:15:00], next run at: 2025-10-06 23:41:19 EDT)" (scheduled at 2025-10-06 23:26:19.370250-04:00)
2025-10-06 23:26:19,373 [INFO] Fetching trades for ORCL
2025-10-06 23:26:19,481 [ERROR] Error processing symbol ORCL: 404 Client Error: Not Found for url: https://api.polygon.io/v3/trades/options/ORCL?limit=2000&apiKey=yBvjEbOtJIKJghRd76ZFAHPX8VbkeeAq
Traceback (most recent call last):
  File "/Users/saireddykasthuri/options-monitor/options-flow-monitor-e2e.py", line 344, in monitor_once
  File "/Users/saireddykasthuri/options-monitor/options-flow-monitor-e2e.py", line 155, in fetch_trades
  File "/Users/saireddykasthuri/options-monitor/options-flow-monitor-e2e.py", line 97, in fetch_options_trades_polygon
    except (KeyboardInterrupt, SystemExit):
    ^^^^^^^^^^^^^^^^
  File "/Users/saireddykasthuri/options-monitor/venv/lib/python3.13/site-packages/requests/models.py", line 1026, in raise_for_status
    raise HTTPError(http_error_msg, response=self)
requests.exceptions.HTTPError: 404 Client Error: Not Found for url: https://api.polygon.io/v3/trades/options/ORCL?limit=2000&apiKey=yBvjEbOtJIKJghRd76ZFAHPX8VbkeeAq
2025-10-06 23:26:19,486 [INFO] Fetching trades for NBIS
2025-10-06 23:26:19,570 [ERROR] Error processing symbol NBIS: 404 Client Error: Not Found for url: https://api.polygon.io/v3/trades/options/NBIS?limit=2000&apiKey=yBvjEbOtJIKJghRd76ZFAHPX8VbkeeAq
Traceback (most recent call last):
  File "/Users/saireddykasthuri/options-monitor/options-flow-monitor-e2e.py", line 344, in monitor_once
  File "/Users/saireddykasthuri/options-monitor/options-flow-monitor-e2e.py", line 155, in fetch_trades
  File "/Users/saireddykasthuri/options-monitor/options-flow-monitor-e2e.py", line 97, in fetch_options_trades_polygon
    except (KeyboardInterrupt, SystemExit):
    ^^^^^^^^^^^^^^^^
  File "/Users/saireddykasthuri/options-monitor/venv/lib/python3.13/site-packages/requests/models.py", line 1026, in raise_for_status
    raise HTTPError(http_error_msg, response=self)
requests.exceptions.HTTPError: 404 Client Error: Not Found for url: https://api.polygon.io/v3/trades/options/NBIS?limit=2000&apiKey=yBvjEbOtJIKJghRd76ZFAHPX8VbkeeAq
2025-10-06 23:26:19,573 [INFO] Fetching trades for AAPL
2025-10-06 23:26:19,658 [ERROR] Error processing symbol AAPL: 404 Client Error: Not Found for url: https://api.polygon.io/v3/trades/options/AAPL?limit=2000&apiKey=yBvjEbOtJIKJghRd76ZFAHPX8VbkeeAq
Traceback (most recent call last):
  File "/Users/saireddykasthuri/options-monitor/options-flow-monitor-e2e.py", line 344, in monitor_once
  File "/Users/saireddykasthuri/options-monitor/options-flow-monitor-e2e.py", line 155, in fetch_trades
  File "/Users/saireddykasthuri/options-monitor/options-flow-monitor-e2e.py", line 97, in fetch_options_trades_polygon
    except (KeyboardInterrupt, SystemExit):
    ^^^^^^^^^^^^^^^^
  File "/Users/saireddykasthuri/options-monitor/venv/lib/python3.13/site-packages/requests/models.py", line 1026, in raise_for_status
    raise HTTPError(http_error_msg, response=self)
requests.exceptions.HTTPError: 404 Client Error: Not Found for url: https://api.polygon.io/v3/trades/options/AAPL?limit=2000&apiKey=yBvjEbOtJIKJghRd76ZFAHPX8VbkeeAq
2025-10-06 23:26:19,662 [INFO] Fetching trades for TSLA
2025-10-06 23:26:19,755 [ERROR] Error processing symbol TSLA: 404 Client Error: Not Found for url: https://api.polygon.io/v3/trades/options/TSLA?limit=2000&apiKey=yBvjEbOtJIKJghRd76ZFAHPX8VbkeeAq
Traceback (most recent call last):
  File "/Users/saireddykasthuri/options-monitor/options-flow-monitor-e2e.py", line 344, in monitor_once
  File "/Users/saireddykasthuri/options-monitor/options-flow-monitor-e2e.py", line 155, in fetch_trades
  File "/Users/saireddykasthuri/options-monitor/options-flow-monitor-e2e.py", line 97, in fetch_options_trades_polygon
    except (KeyboardInterrupt, SystemExit):
    ^^^^^^^^^^^^^^^^
  File "/Users/saireddykasthuri/options-monitor/venv/lib/python3.13/site-packages/requests/models.py", line 1026, in raise_for_status
    raise HTTPError(http_error_msg, response=self)
requests.exceptions.HTTPError: 404 Client Error: Not Found for url: https://api.polygon.io/v3/trades/options/TSLA?limit=2000&apiKey=yBvjEbOtJIKJghRd76ZFAHPX8VbkeeAq
2025-10-06 23:26:19,759 [INFO] Job "main.<locals>.<lambda> (trigger: interval[0:15:00], next run at: 2025-10-06 23:41:19 EDT)" executed successfully
2025-10-06 23:41:19,371 [INFO] Running job "main.<locals>.<lambda> (trigger: interval[0:15:00], next run at: 2025-10-06 23:56:19 EDT)" (scheduled at 2025-10-06 23:41:19.370250-04:00)
2025-10-06 23:41:19,374 [INFO] Fetching trades for ORCL
2025-10-06 23:41:19,480 [ERROR] Error processing symbol ORCL: 404 Client Error: Not Found for url: https://api.polygon.io/v3/trades/options/ORCL?limit=2000&apiKey=yBvjEbOtJIKJghRd76ZFAHPX8VbkeeAq
Traceback (most recent call last):
  File "/Users/saireddykasthuri/options-monitor/options-flow-monitor-e2e.py", line 344, in monitor_once
  File "/Users/saireddykasthuri/options-monitor/options-flow-monitor-e2e.py", line 155, in fetch_trades
  File "/Users/saireddykasthuri/options-monitor/options-flow-monitor-e2e.py", line 97, in fetch_options_trades_polygon
    except (KeyboardInterrupt, SystemExit):
    ^^^^^^^^^^^^^^^^
  File "/Users/saireddykasthuri/options-monitor/venv/lib/python3.13/site-packages/requests/models.py", line 1026, in raise_for_status
    raise HTTPError(http_error_msg, response=self)
requests.exceptions.HTTPError: 404 Client Error: Not Found for url: https://api.polygon.io/v3/trades/options/ORCL?limit=2000&apiKey=yBvjEbOtJIKJghRd76ZFAHPX8VbkeeAq
2025-10-06 23:41:19,486 [INFO] Fetching trades for NBIS
2025-10-06 23:41:19,573 [ERROR] Error processing symbol NBIS: 404 Client Error: Not Found for url: https://api.polygon.io/v3/trades/options/NBIS?limit=2000&apiKey=yBvjEbOtJIKJghRd76ZFAHPX8VbkeeAq
Traceback (most recent call last):
  File "/Users/saireddykasthuri/options-monitor/options-flow-monitor-e2e.py", line 344, in monitor_once
  File "/Users/saireddykasthuri/options-monitor/options-flow-monitor-e2e.py", line 155, in fetch_trades
  File "/Users/saireddykasthuri/options-monitor/options-flow-monitor-e2e.py", line 97, in fetch_options_trades_polygon
    except (KeyboardInterrupt, SystemExit):
    ^^^^^^^^^^^^^^^^
  File "/Users/saireddykasthuri/options-monitor/venv/lib/python3.13/site-packages/requests/models.py", line 1026, in raise_for_status
    raise HTTPError(http_error_msg, response=self)
requests.exceptions.HTTPError: 404 Client Error: Not Found for url: https://api.polygon.io/v3/trades/options/NBIS?limit=2000&apiKey=yBvjEbOtJIKJghRd76ZFAHPX8VbkeeAq
2025-10-06 23:41:19,578 [INFO] Fetching trades for AAPL
2025-10-06 23:41:19,673 [ERROR] Error processing symbol AAPL: 404 Client Error: Not Found for url: https://api.polygon.io/v3/trades/options/AAPL?limit=2000&apiKey=yBvjEbOtJIKJghRd76ZFAHPX8VbkeeAq
Traceback (most recent call last):
  File "/Users/saireddykasthuri/options-monitor/options-flow-monitor-e2e.py", line 344, in monitor_once
  File "/Users/saireddykasthuri/options-monitor/options-flow-monitor-e2e.py", line 155, in fetch_trades
  File "/Users/saireddykasthuri/options-monitor/options-flow-monitor-e2e.py", line 97, in fetch_options_trades_polygon
    except (KeyboardInterrupt, SystemExit):
    ^^^^^^^^^^^^^^^^
  File "/Users/saireddykasthuri/options-monitor/venv/lib/python3.13/site-packages/requests/models.py", line 1026, in raise_for_status
    raise HTTPError(http_error_msg, response=self)
requests.exceptions.HTTPError: 404 Client Error: Not Found for url: https://api.polygon.io/v3/trades/options/AAPL?limit=2000&apiKey=yBvjEbOtJIKJghRd76ZFAHPX8VbkeeAq
2025-10-06 23:41:19,678 [INFO] Fetching trades for TSLA
2025-10-06 23:41:19,769 [ERROR] Error processing symbol TSLA: 404 Client Error: Not Found for url: https://api.polygon.io/v3/trades/options/TSLA?limit=2000&apiKey=yBvjEbOtJIKJghRd76ZFAHPX8VbkeeAq
Traceback (most recent call last):
  File "/Users/saireddykasthuri/options-monitor/options-flow-monitor-e2e.py", line 344, in monitor_once
  File "/Users/saireddykasthuri/options-monitor/options-flow-monitor-e2e.py", line 155, in fetch_trades
  File "/Users/saireddykasthuri/options-monitor/options-flow-monitor-e2e.py", line 97, in fetch_options_trades_polygon
    except (KeyboardInterrupt, SystemExit):
    ^^^^^^^^^^^^^^^^
  File "/Users/saireddykasthuri/options-monitor/venv/lib/python3.13/site-packages/requests/models.py", line 1026, in raise_for_status
    raise HTTPError(http_error_msg, response=self)
requests.exceptions.HTTPError: 404 Client Error: Not Found for url: https://api.polygon.io/v3/trades/options/TSLA?limit=2000&apiKey=yBvjEbOtJIKJghRd76ZFAHPX8VbkeeAq
2025-10-06 23:41:19,775 [INFO] Job "main.<locals>.<lambda> (trigger: interval[0:15:00], next run at: 2025-10-06 23:56:19 EDT)" executed successfully
2025-10-06 23:56:19,375 [INFO] Running job "main.<locals>.<lambda> (trigger: interval[0:15:00], next run at: 2025-10-07 00:11:19 EDT)" (scheduled at 2025-10-06 23:56:19.370250-04:00)
2025-10-06 23:56:19,378 [INFO] Fetching trades for ORCL
2025-10-06 23:56:19,490 [ERROR] Error processing symbol ORCL: 404 Client Error: Not Found for url: https://api.polygon.io/v3/trades/options/ORCL?limit=2000&apiKey=yBvjEbOtJIKJghRd76ZFAHPX8VbkeeAq
Traceback (most recent call last):
  File "/Users/saireddykasthuri/options-monitor/options-flow-monitor-e2e.py", line 344, in monitor_once
  File "/Users/saireddykasthuri/options-monitor/options-flow-monitor-e2e.py", line 155, in fetch_trades
  File "/Users/saireddykasthuri/options-monitor/options-flow-monitor-e2e.py", line 97, in fetch_options_trades_polygon
    except (KeyboardInterrupt, SystemExit):
    ^^^^^^^^^^^^^^^^
  File "/Users/saireddykasthuri/options-monitor/venv/lib/python3.13/site-packages/requests/models.py", line 1026, in raise_for_status
    raise HTTPError(http_error_msg, response=self)
requests.exceptions.HTTPError: 404 Client Error: Not Found for url: https://api.polygon.io/v3/trades/options/ORCL?limit=2000&apiKey=yBvjEbOtJIKJghRd76ZFAHPX8VbkeeAq
2025-10-06 23:56:19,495 [INFO] Fetching trades for NBIS
2025-10-06 23:56:19,591 [ERROR] Error processing symbol NBIS: 404 Client Error: Not Found for url: https://api.polygon.io/v3/trades/options/NBIS?limit=2000&apiKey=yBvjEbOtJIKJghRd76ZFAHPX8VbkeeAq
Traceback (most recent call last):
  File "/Users/saireddykasthuri/options-monitor/options-flow-monitor-e2e.py", line 344, in monitor_once
  File "/Users/saireddykasthuri/options-monitor/options-flow-monitor-e2e.py", line 155, in fetch_trades
  File "/Users/saireddykasthuri/options-monitor/options-flow-monitor-e2e.py", line 97, in fetch_options_trades_polygon
    except (KeyboardInterrupt, SystemExit):
    ^^^^^^^^^^^^^^^^
  File "/Users/saireddykasthuri/options-monitor/venv/lib/python3.13/site-packages/requests/models.py", line 1026, in raise_for_status
    raise HTTPError(http_error_msg, response=self)
requests.exceptions.HTTPError: 404 Client Error: Not Found for url: https://api.polygon.io/v3/trades/options/NBIS?limit=2000&apiKey=yBvjEbOtJIKJghRd76ZFAHPX8VbkeeAq
2025-10-06 23:56:19,595 [INFO] Fetching trades for AAPL
2025-10-06 23:56:19,691 [ERROR] Error processing symbol AAPL: 404 Client Error: Not Found for url: https://api.polygon.io/v3/trades/options/AAPL?limit=2000&apiKey=yBvjEbOtJIKJghRd76ZFAHPX8VbkeeAq
Traceback (most recent call last):
  File "/Users/saireddykasthuri/options-monitor/options-flow-monitor-e2e.py", line 344, in monitor_once
  File "/Users/saireddykasthuri/options-monitor/options-flow-monitor-e2e.py", line 155, in fetch_trades
  File "/Users/saireddykasthuri/options-monitor/options-flow-monitor-e2e.py", line 97, in fetch_options_trades_polygon
    except (KeyboardInterrupt, SystemExit):
    ^^^^^^^^^^^^^^^^
  File "/Users/saireddykasthuri/options-monitor/venv/lib/python3.13/site-packages/requests/models.py", line 1026, in raise_for_status
    raise HTTPError(http_error_msg, response=self)
requests.exceptions.HTTPError: 404 Client Error: Not Found for url: https://api.polygon.io/v3/trades/options/AAPL?limit=2000&apiKey=yBvjEbOtJIKJghRd76ZFAHPX8VbkeeAq
2025-10-06 23:56:19,695 [INFO] Fetching trades for TSLA
2025-10-06 23:56:19,784 [ERROR] Error processing symbol TSLA: 404 Client Error: Not Found for url: https://api.polygon.io/v3/trades/options/TSLA?limit=2000&apiKey=yBvjEbOtJIKJghRd76ZFAHPX8VbkeeAq
Traceback (most recent call last):
  File "/Users/saireddykasthuri/options-monitor/options-flow-monitor-e2e.py", line 344, in monitor_once
  File "/Users/saireddykasthuri/options-monitor/options-flow-monitor-e2e.py", line 155, in fetch_trades
  File "/Users/saireddykasthuri/options-monitor/options-flow-monitor-e2e.py", line 97, in fetch_options_trades_polygon
    except (KeyboardInterrupt, SystemExit):
    ^^^^^^^^^^^^^^^^
  File "/Users/saireddykasthuri/options-monitor/venv/lib/python3.13/site-packages/requests/models.py", line 1026, in raise_for_status
    raise HTTPError(http_error_msg, response=self)
requests.exceptions.HTTPError: 404 Client Error: Not Found for url: https://api.polygon.io/v3/trades/options/TSLA?limit=2000&apiKey=yBvjEbOtJIKJghRd76ZFAHPX8VbkeeAq
2025-10-06 23:56:19,788 [INFO] Job "main.<locals>.<lambda> (trigger: interval[0:15:00], next run at: 2025-10-07 00:11:19 EDT)" executed successfully
2025-10-07 00:11:19,372 [INFO] Running job "main.<locals>.<lambda> (trigger: interval[0:15:00], next run at: 2025-10-07 00:26:19 EDT)" (scheduled at 2025-10-07 00:11:19.370250-04:00)
2025-10-07 00:11:19,375 [INFO] Fetching trades for ORCL
2025-10-07 00:11:19,489 [ERROR] Error processing symbol ORCL: 404 Client Error: Not Found for url: https://api.polygon.io/v3/trades/options/ORCL?limit=2000&apiKey=yBvjEbOtJIKJghRd76ZFAHPX8VbkeeAq
Traceback (most recent call last):
  File "/Users/saireddykasthuri/options-monitor/options-flow-monitor-e2e.py", line 344, in monitor_once
  File "/Users/saireddykasthuri/options-monitor/options-flow-monitor-e2e.py", line 155, in fetch_trades
  File "/Users/saireddykasthuri/options-monitor/options-flow-monitor-e2e.py", line 97, in fetch_options_trades_polygon
    except (KeyboardInterrupt, SystemExit):
    ^^^^^^^^^^^^^^^^
  File "/Users/saireddykasthuri/options-monitor/venv/lib/python3.13/site-packages/requests/models.py", line 1026, in raise_for_status
    raise HTTPError(http_error_msg, response=self)
requests.exceptions.HTTPError: 404 Client Error: Not Found for url: https://api.polygon.io/v3/trades/options/ORCL?limit=2000&apiKey=yBvjEbOtJIKJghRd76ZFAHPX8VbkeeAq
2025-10-07 00:11:19,495 [INFO] Fetching trades for NBIS
2025-10-07 00:11:19,585 [ERROR] Error processing symbol NBIS: 404 Client Error: Not Found for url: https://api.polygon.io/v3/trades/options/NBIS?limit=2000&apiKey=yBvjEbOtJIKJghRd76ZFAHPX8VbkeeAq
Traceback (most recent call last):
  File "/Users/saireddykasthuri/options-monitor/options-flow-monitor-e2e.py", line 344, in monitor_once
  File "/Users/saireddykasthuri/options-monitor/options-flow-monitor-e2e.py", line 155, in fetch_trades
  File "/Users/saireddykasthuri/options-monitor/options-flow-monitor-e2e.py", line 97, in fetch_options_trades_polygon
    except (KeyboardInterrupt, SystemExit):
    ^^^^^^^^^^^^^^^^
  File "/Users/saireddykasthuri/options-monitor/venv/lib/python3.13/site-packages/requests/models.py", line 1026, in raise_for_status
    raise HTTPError(http_error_msg, response=self)
requests.exceptions.HTTPError: 404 Client Error: Not Found for url: https://api.polygon.io/v3/trades/options/NBIS?limit=2000&apiKey=yBvjEbOtJIKJghRd76ZFAHPX8VbkeeAq
2025-10-07 00:11:19,590 [INFO] Fetching trades for AAPL
2025-10-07 00:11:19,672 [ERROR] Error processing symbol AAPL: 404 Client Error: Not Found for url: https://api.polygon.io/v3/trades/options/AAPL?limit=2000&apiKey=yBvjEbOtJIKJghRd76ZFAHPX8VbkeeAq
Traceback (most recent call last):
  File "/Users/saireddykasthuri/options-monitor/options-flow-monitor-e2e.py", line 344, in monitor_once
  File "/Users/saireddykasthuri/options-monitor/options-flow-monitor-e2e.py", line 155, in fetch_trades
  File "/Users/saireddykasthuri/options-monitor/options-flow-monitor-e2e.py", line 97, in fetch_options_trades_polygon
    except (KeyboardInterrupt, SystemExit):
    ^^^^^^^^^^^^^^^^
  File "/Users/saireddykasthuri/options-monitor/venv/lib/python3.13/site-packages/requests/models.py", line 1026, in raise_for_status
    raise HTTPError(http_error_msg, response=self)
requests.exceptions.HTTPError: 404 Client Error: Not Found for url: https://api.polygon.io/v3/trades/options/AAPL?limit=2000&apiKey=yBvjEbOtJIKJghRd76ZFAHPX8VbkeeAq
2025-10-07 00:11:19,677 [INFO] Fetching trades for TSLA
2025-10-07 00:11:19,764 [ERROR] Error processing symbol TSLA: 404 Client Error: Not Found for url: https://api.polygon.io/v3/trades/options/TSLA?limit=2000&apiKey=yBvjEbOtJIKJghRd76ZFAHPX8VbkeeAq
Traceback (most recent call last):
  File "/Users/saireddykasthuri/options-monitor/options-flow-monitor-e2e.py", line 344, in monitor_once
  File "/Users/saireddykasthuri/options-monitor/options-flow-monitor-e2e.py", line 155, in fetch_trades
  File "/Users/saireddykasthuri/options-monitor/options-flow-monitor-e2e.py", line 97, in fetch_options_trades_polygon
    except (KeyboardInterrupt, SystemExit):
    ^^^^^^^^^^^^^^^^
  File "/Users/saireddykasthuri/options-monitor/venv/lib/python3.13/site-packages/requests/models.py", line 1026, in raise_for_status
    raise HTTPError(http_error_msg, response=self)
requests.exceptions.HTTPError: 404 Client Error: Not Found for url: https://api.polygon.io/v3/trades/options/TSLA?limit=2000&apiKey=yBvjEbOtJIKJghRd76ZFAHPX8VbkeeAq
2025-10-07 00:11:19,768 [INFO] Job "main.<locals>.<lambda> (trigger: interval[0:15:00], next run at: 2025-10-07 00:26:19 EDT)" executed successfully
2025-10-07 00:26:19,401 [INFO] Running job "main.<locals>.<lambda> (trigger: interval[0:15:00], next run at: 2025-10-07 00:41:19 EDT)" (scheduled at 2025-10-07 00:26:19.370250-04:00)
2025-10-07 00:26:19,406 [INFO] Fetching trades for ORCL
2025-10-07 00:26:19,522 [ERROR] Error processing symbol ORCL: 404 Client Error: Not Found for url: https://api.polygon.io/v3/trades/options/ORCL?limit=2000&apiKey=yBvjEbOtJIKJghRd76ZFAHPX8VbkeeAq
Traceback (most recent call last):
  File "/Users/saireddykasthuri/options-monitor/options-flow-monitor-e2e.py", line 344, in monitor_once
  File "/Users/saireddykasthuri/options-monitor/options-flow-monitor-e2e.py", line 155, in fetch_trades
  File "/Users/saireddykasthuri/options-monitor/options-flow-monitor-e2e.py", line 97, in fetch_options_trades_polygon
    except (KeyboardInterrupt, SystemExit):
    ^^^^^^^^^^^^^^^^
  File "/Users/saireddykasthuri/options-monitor/venv/lib/python3.13/site-packages/requests/models.py", line 1026, in raise_for_status
    raise HTTPError(http_error_msg, response=self)
requests.exceptions.HTTPError: 404 Client Error: Not Found for url: https://api.polygon.io/v3/trades/options/ORCL?limit=2000&apiKey=yBvjEbOtJIKJghRd76ZFAHPX8VbkeeAq
2025-10-07 00:26:19,525 [INFO] Fetching trades for NBIS
2025-10-07 00:26:19,613 [ERROR] Error processing symbol NBIS: 404 Client Error: Not Found for url: https://api.polygon.io/v3/trades/options/NBIS?limit=2000&apiKey=yBvjEbOtJIKJghRd76ZFAHPX8VbkeeAq
Traceback (most recent call last):
  File "/Users/saireddykasthuri/options-monitor/options-flow-monitor-e2e.py", line 344, in monitor_once
  File "/Users/saireddykasthuri/options-monitor/options-flow-monitor-e2e.py", line 155, in fetch_trades
  File "/Users/saireddykasthuri/options-monitor/options-flow-monitor-e2e.py", line 97, in fetch_options_trades_polygon
    except (KeyboardInterrupt, SystemExit):
    ^^^^^^^^^^^^^^^^
  File "/Users/saireddykasthuri/options-monitor/venv/lib/python3.13/site-packages/requests/models.py", line 1026, in raise_for_status
    raise HTTPError(http_error_msg, response=self)
requests.exceptions.HTTPError: 404 Client Error: Not Found for url: https://api.polygon.io/v3/trades/options/NBIS?limit=2000&apiKey=yBvjEbOtJIKJghRd76ZFAHPX8VbkeeAq
2025-10-07 00:26:19,618 [INFO] Fetching trades for AAPL
2025-10-07 00:26:19,707 [ERROR] Error processing symbol AAPL: 404 Client Error: Not Found for url: https://api.polygon.io/v3/trades/options/AAPL?limit=2000&apiKey=yBvjEbOtJIKJghRd76ZFAHPX8VbkeeAq
Traceback (most recent call last):
  File "/Users/saireddykasthuri/options-monitor/options-flow-monitor-e2e.py", line 344, in monitor_once
  File "/Users/saireddykasthuri/options-monitor/options-flow-monitor-e2e.py", line 155, in fetch_trades
  File "/Users/saireddykasthuri/options-monitor/options-flow-monitor-e2e.py", line 97, in fetch_options_trades_polygon
    except (KeyboardInterrupt, SystemExit):
    ^^^^^^^^^^^^^^^^
  File "/Users/saireddykasthuri/options-monitor/venv/lib/python3.13/site-packages/requests/models.py", line 1026, in raise_for_status
    raise HTTPError(http_error_msg, response=self)
requests.exceptions.HTTPError: 404 Client Error: Not Found for url: https://api.polygon.io/v3/trades/options/AAPL?limit=2000&apiKey=yBvjEbOtJIKJghRd76ZFAHPX8VbkeeAq
2025-10-07 00:26:19,711 [INFO] Fetching trades for TSLA
2025-10-07 00:26:19,803 [ERROR] Error processing symbol TSLA: 404 Client Error: Not Found for url: https://api.polygon.io/v3/trades/options/TSLA?limit=2000&apiKey=yBvjEbOtJIKJghRd76ZFAHPX8VbkeeAq
Traceback (most recent call last):
  File "/Users/saireddykasthuri/options-monitor/options-flow-monitor-e2e.py", line 344, in monitor_once
  File "/Users/saireddykasthuri/options-monitor/options-flow-monitor-e2e.py", line 155, in fetch_trades
  File "/Users/saireddykasthuri/options-monitor/options-flow-monitor-e2e.py", line 97, in fetch_options_trades_polygon
    except (KeyboardInterrupt, SystemExit):
    ^^^^^^^^^^^^^^^^
  File "/Users/saireddykasthuri/options-monitor/venv/lib/python3.13/site-packages/requests/models.py", line 1026, in raise_for_status
    raise HTTPError(http_error_msg, response=self)
requests.exceptions.HTTPError: 404 Client Error: Not Found for url: https://api.polygon.io/v3/trades/options/TSLA?limit=2000&apiKey=yBvjEbOtJIKJghRd76ZFAHPX8VbkeeAq
2025-10-07 00:26:19,808 [INFO] Job "main.<locals>.<lambda> (trigger: interval[0:15:00], next run at: 2025-10-07 00:41:19 EDT)" executed successfully
2025-10-07 00:41:19,374 [INFO] Running job "main.<locals>.<lambda> (trigger: interval[0:15:00], next run at: 2025-10-07 00:56:19 EDT)" (scheduled at 2025-10-07 00:41:19.370250-04:00)
2025-10-07 00:41:19,378 [INFO] Fetching trades for ORCL
2025-10-07 00:41:19,492 [ERROR] Error processing symbol ORCL: 404 Client Error: Not Found for url: https://api.polygon.io/v3/trades/options/ORCL?limit=2000&apiKey=yBvjEbOtJIKJghRd76ZFAHPX8VbkeeAq
Traceback (most recent call last):
  File "/Users/saireddykasthuri/options-monitor/options-flow-monitor-e2e.py", line 344, in monitor_once
  File "/Users/saireddykasthuri/options-monitor/options-flow-monitor-e2e.py", line 155, in fetch_trades
  File "/Users/saireddykasthuri/options-monitor/options-flow-monitor-e2e.py", line 97, in fetch_options_trades_polygon
    except (KeyboardInterrupt, SystemExit):
    ^^^^^^^^^^^^^^^^
  File "/Users/saireddykasthuri/options-monitor/venv/lib/python3.13/site-packages/requests/models.py", line 1026, in raise_for_status
    raise HTTPError(http_error_msg, response=self)
requests.exceptions.HTTPError: 404 Client Error: Not Found for url: https://api.polygon.io/v3/trades/options/ORCL?limit=2000&apiKey=yBvjEbOtJIKJghRd76ZFAHPX8VbkeeAq
2025-10-07 00:41:19,495 [INFO] Fetching trades for NBIS
2025-10-07 00:41:19,592 [ERROR] Error processing symbol NBIS: 404 Client Error: Not Found for url: https://api.polygon.io/v3/trades/options/NBIS?limit=2000&apiKey=yBvjEbOtJIKJghRd76ZFAHPX8VbkeeAq
Traceback (most recent call last):
  File "/Users/saireddykasthuri/options-monitor/options-flow-monitor-e2e.py", line 344, in monitor_once
  File "/Users/saireddykasthuri/options-monitor/options-flow-monitor-e2e.py", line 155, in fetch_trades
  File "/Users/saireddykasthuri/options-monitor/options-flow-monitor-e2e.py", line 97, in fetch_options_trades_polygon
    except (KeyboardInterrupt, SystemExit):
    ^^^^^^^^^^^^^^^^
  File "/Users/saireddykasthuri/options-monitor/venv/lib/python3.13/site-packages/requests/models.py", line 1026, in raise_for_status
    raise HTTPError(http_error_msg, response=self)
requests.exceptions.HTTPError: 404 Client Error: Not Found for url: https://api.polygon.io/v3/trades/options/NBIS?limit=2000&apiKey=yBvjEbOtJIKJghRd76ZFAHPX8VbkeeAq
2025-10-07 00:41:19,595 [INFO] Fetching trades for AAPL
2025-10-07 00:41:19,680 [ERROR] Error processing symbol AAPL: 404 Client Error: Not Found for url: https://api.polygon.io/v3/trades/options/AAPL?limit=2000&apiKey=yBvjEbOtJIKJghRd76ZFAHPX8VbkeeAq
Traceback (most recent call last):
  File "/Users/saireddykasthuri/options-monitor/options-flow-monitor-e2e.py", line 344, in monitor_once
  File "/Users/saireddykasthuri/options-monitor/options-flow-monitor-e2e.py", line 155, in fetch_trades
  File "/Users/saireddykasthuri/options-monitor/options-flow-monitor-e2e.py", line 97, in fetch_options_trades_polygon
    except (KeyboardInterrupt, SystemExit):
    ^^^^^^^^^^^^^^^^
  File "/Users/saireddykasthuri/options-monitor/venv/lib/python3.13/site-packages/requests/models.py", line 1026, in raise_for_status
    raise HTTPError(http_error_msg, response=self)
requests.exceptions.HTTPError: 404 Client Error: Not Found for url: https://api.polygon.io/v3/trades/options/AAPL?limit=2000&apiKey=yBvjEbOtJIKJghRd76ZFAHPX8VbkeeAq
2025-10-07 00:41:19,685 [INFO] Fetching trades for TSLA
2025-10-07 00:41:19,775 [ERROR] Error processing symbol TSLA: 404 Client Error: Not Found for url: https://api.polygon.io/v3/trades/options/TSLA?limit=2000&apiKey=yBvjEbOtJIKJghRd76ZFAHPX8VbkeeAq
Traceback (most recent call last):
  File "/Users/saireddykasthuri/options-monitor/options-flow-monitor-e2e.py", line 344, in monitor_once
  File "/Users/saireddykasthuri/options-monitor/options-flow-monitor-e2e.py", line 155, in fetch_trades
  File "/Users/saireddykasthuri/options-monitor/options-flow-monitor-e2e.py", line 97, in fetch_options_trades_polygon
    except (KeyboardInterrupt, SystemExit):
    ^^^^^^^^^^^^^^^^
  File "/Users/saireddykasthuri/options-monitor/venv/lib/python3.13/site-packages/requests/models.py", line 1026, in raise_for_status
    raise HTTPError(http_error_msg, response=self)
requests.exceptions.HTTPError: 404 Client Error: Not Found for url: https://api.polygon.io/v3/trades/options/TSLA?limit=2000&apiKey=yBvjEbOtJIKJghRd76ZFAHPX8VbkeeAq
2025-10-07 00:41:19,780 [INFO] Job "main.<locals>.<lambda> (trigger: interval[0:15:00], next run at: 2025-10-07 00:56:19 EDT)" executed successfully
2025-10-07 00:56:19,404 [INFO] Running job "main.<locals>.<lambda> (trigger: interval[0:15:00], next run at: 2025-10-07 01:11:19 EDT)" (scheduled at 2025-10-07 00:56:19.370250-04:00)
2025-10-07 00:56:19,408 [INFO] Fetching trades for ORCL
2025-10-07 00:56:19,525 [ERROR] Error processing symbol ORCL: 404 Client Error: Not Found for url: https://api.polygon.io/v3/trades/options/ORCL?limit=2000&apiKey=yBvjEbOtJIKJghRd76ZFAHPX8VbkeeAq
Traceback (most recent call last):
  File "/Users/saireddykasthuri/options-monitor/options-flow-monitor-e2e.py", line 344, in monitor_once
  File "/Users/saireddykasthuri/options-monitor/options-flow-monitor-e2e.py", line 155, in fetch_trades
  File "/Users/saireddykasthuri/options-monitor/options-flow-monitor-e2e.py", line 97, in fetch_options_trades_polygon
    except (KeyboardInterrupt, SystemExit):
    ^^^^^^^^^^^^^^^^
  File "/Users/saireddykasthuri/options-monitor/venv/lib/python3.13/site-packages/requests/models.py", line 1026, in raise_for_status
    raise HTTPError(http_error_msg, response=self)
requests.exceptions.HTTPError: 404 Client Error: Not Found for url: https://api.polygon.io/v3/trades/options/ORCL?limit=2000&apiKey=yBvjEbOtJIKJghRd76ZFAHPX8VbkeeAq
2025-10-07 00:56:19,530 [INFO] Fetching trades for NBIS
2025-10-07 00:56:19,617 [ERROR] Error processing symbol NBIS: 404 Client Error: Not Found for url: https://api.polygon.io/v3/trades/options/NBIS?limit=2000&apiKey=yBvjEbOtJIKJghRd76ZFAHPX8VbkeeAq
Traceback (most recent call last):
  File "/Users/saireddykasthuri/options-monitor/options-flow-monitor-e2e.py", line 344, in monitor_once
  File "/Users/saireddykasthuri/options-monitor/options-flow-monitor-e2e.py", line 155, in fetch_trades
  File "/Users/saireddykasthuri/options-monitor/options-flow-monitor-e2e.py", line 97, in fetch_options_trades_polygon
    except (KeyboardInterrupt, SystemExit):
    ^^^^^^^^^^^^^^^^
  File "/Users/saireddykasthuri/options-monitor/venv/lib/python3.13/site-packages/requests/models.py", line 1026, in raise_for_status
    raise HTTPError(http_error_msg, response=self)
requests.exceptions.HTTPError: 404 Client Error: Not Found for url: https://api.polygon.io/v3/trades/options/NBIS?limit=2000&apiKey=yBvjEbOtJIKJghRd76ZFAHPX8VbkeeAq
2025-10-07 00:56:19,623 [INFO] Fetching trades for AAPL
2025-10-07 00:56:19,723 [ERROR] Error processing symbol AAPL: 404 Client Error: Not Found for url: https://api.polygon.io/v3/trades/options/AAPL?limit=2000&apiKey=yBvjEbOtJIKJghRd76ZFAHPX8VbkeeAq
Traceback (most recent call last):
  File "/Users/saireddykasthuri/options-monitor/options-flow-monitor-e2e.py", line 344, in monitor_once
  File "/Users/saireddykasthuri/options-monitor/options-flow-monitor-e2e.py", line 155, in fetch_trades
  File "/Users/saireddykasthuri/options-monitor/options-flow-monitor-e2e.py", line 97, in fetch_options_trades_polygon
    except (KeyboardInterrupt, SystemExit):
    ^^^^^^^^^^^^^^^^
  File "/Users/saireddykasthuri/options-monitor/venv/lib/python3.13/site-packages/requests/models.py", line 1026, in raise_for_status
    raise HTTPError(http_error_msg, response=self)
requests.exceptions.HTTPError: 404 Client Error: Not Found for url: https://api.polygon.io/v3/trades/options/AAPL?limit=2000&apiKey=yBvjEbOtJIKJghRd76ZFAHPX8VbkeeAq
2025-10-07 00:56:19,727 [INFO] Fetching trades for TSLA
2025-10-07 00:56:19,877 [ERROR] Error processing symbol TSLA: 404 Client Error: Not Found for url: https://api.polygon.io/v3/trades/options/TSLA?limit=2000&apiKey=yBvjEbOtJIKJghRd76ZFAHPX8VbkeeAq
Traceback (most recent call last):
  File "/Users/saireddykasthuri/options-monitor/options-flow-monitor-e2e.py", line 344, in monitor_once
  File "/Users/saireddykasthuri/options-monitor/options-flow-monitor-e2e.py", line 155, in fetch_trades
  File "/Users/saireddykasthuri/options-monitor/options-flow-monitor-e2e.py", line 97, in fetch_options_trades_polygon
    except (KeyboardInterrupt, SystemExit):
    ^^^^^^^^^^^^^^^^
  File "/Users/saireddykasthuri/options-monitor/venv/lib/python3.13/site-packages/requests/models.py", line 1026, in raise_for_status
    raise HTTPError(http_error_msg, response=self)
requests.exceptions.HTTPError: 404 Client Error: Not Found for url: https://api.polygon.io/v3/trades/options/TSLA?limit=2000&apiKey=yBvjEbOtJIKJghRd76ZFAHPX8VbkeeAq
2025-10-07 00:56:19,884 [INFO] Job "main.<locals>.<lambda> (trigger: interval[0:15:00], next run at: 2025-10-07 01:11:19 EDT)" executed successfully
2025-10-07 01:11:19,378 [INFO] Running job "main.<locals>.<lambda> (trigger: interval[0:15:00], next run at: 2025-10-07 01:26:19 EDT)" (scheduled at 2025-10-07 01:11:19.370250-04:00)
2025-10-07 01:11:19,383 [INFO] Fetching trades for ORCL
2025-10-07 01:11:19,505 [ERROR] Error processing symbol ORCL: 404 Client Error: Not Found for url: https://api.polygon.io/v3/trades/options/ORCL?limit=2000&apiKey=yBvjEbOtJIKJghRd76ZFAHPX8VbkeeAq
Traceback (most recent call last):
  File "/Users/saireddykasthuri/options-monitor/options-flow-monitor-e2e.py", line 344, in monitor_once
  File "/Users/saireddykasthuri/options-monitor/options-flow-monitor-e2e.py", line 155, in fetch_trades
  File "/Users/saireddykasthuri/options-monitor/options-flow-monitor-e2e.py", line 97, in fetch_options_trades_polygon
    except (KeyboardInterrupt, SystemExit):
    ^^^^^^^^^^^^^^^^
  File "/Users/saireddykasthuri/options-monitor/venv/lib/python3.13/site-packages/requests/models.py", line 1026, in raise_for_status
    raise HTTPError(http_error_msg, response=self)
requests.exceptions.HTTPError: 404 Client Error: Not Found for url: https://api.polygon.io/v3/trades/options/ORCL?limit=2000&apiKey=yBvjEbOtJIKJghRd76ZFAHPX8VbkeeAq
2025-10-07 01:11:19,511 [INFO] Fetching trades for NBIS
2025-10-07 01:11:19,594 [ERROR] Error processing symbol NBIS: 404 Client Error: Not Found for url: https://api.polygon.io/v3/trades/options/NBIS?limit=2000&apiKey=yBvjEbOtJIKJghRd76ZFAHPX8VbkeeAq
Traceback (most recent call last):
  File "/Users/saireddykasthuri/options-monitor/options-flow-monitor-e2e.py", line 344, in monitor_once
  File "/Users/saireddykasthuri/options-monitor/options-flow-monitor-e2e.py", line 155, in fetch_trades
  File "/Users/saireddykasthuri/options-monitor/options-flow-monitor-e2e.py", line 97, in fetch_options_trades_polygon
    except (KeyboardInterrupt, SystemExit):
    ^^^^^^^^^^^^^^^^
  File "/Users/saireddykasthuri/options-monitor/venv/lib/python3.13/site-packages/requests/models.py", line 1026, in raise_for_status
    raise HTTPError(http_error_msg, response=self)
requests.exceptions.HTTPError: 404 Client Error: Not Found for url: https://api.polygon.io/v3/trades/options/NBIS?limit=2000&apiKey=yBvjEbOtJIKJghRd76ZFAHPX8VbkeeAq
2025-10-07 01:11:19,598 [INFO] Fetching trades for AAPL
2025-10-07 01:11:19,694 [ERROR] Error processing symbol AAPL: 404 Client Error: Not Found for url: https://api.polygon.io/v3/trades/options/AAPL?limit=2000&apiKey=yBvjEbOtJIKJghRd76ZFAHPX8VbkeeAq
Traceback (most recent call last):
  File "/Users/saireddykasthuri/options-monitor/options-flow-monitor-e2e.py", line 344, in monitor_once
  File "/Users/saireddykasthuri/options-monitor/options-flow-monitor-e2e.py", line 155, in fetch_trades
  File "/Users/saireddykasthuri/options-monitor/options-flow-monitor-e2e.py", line 97, in fetch_options_trades_polygon
    except (KeyboardInterrupt, SystemExit):
    ^^^^^^^^^^^^^^^^
  File "/Users/saireddykasthuri/options-monitor/venv/lib/python3.13/site-packages/requests/models.py", line 1026, in raise_for_status
    raise HTTPError(http_error_msg, response=self)
requests.exceptions.HTTPError: 404 Client Error: Not Found for url: https://api.polygon.io/v3/trades/options/AAPL?limit=2000&apiKey=yBvjEbOtJIKJghRd76ZFAHPX8VbkeeAq
2025-10-07 01:11:19,697 [INFO] Fetching trades for TSLA
2025-10-07 01:11:19,784 [ERROR] Error processing symbol TSLA: 404 Client Error: Not Found for url: https://api.polygon.io/v3/trades/options/TSLA?limit=2000&apiKey=yBvjEbOtJIKJghRd76ZFAHPX8VbkeeAq
Traceback (most recent call last):
  File "/Users/saireddykasthuri/options-monitor/options-flow-monitor-e2e.py", line 344, in monitor_once
  File "/Users/saireddykasthuri/options-monitor/options-flow-monitor-e2e.py", line 155, in fetch_trades
  File "/Users/saireddykasthuri/options-monitor/options-flow-monitor-e2e.py", line 97, in fetch_options_trades_polygon
    except (KeyboardInterrupt, SystemExit):
    ^^^^^^^^^^^^^^^^
  File "/Users/saireddykasthuri/options-monitor/venv/lib/python3.13/site-packages/requests/models.py", line 1026, in raise_for_status
    raise HTTPError(http_error_msg, response=self)
requests.exceptions.HTTPError: 404 Client Error: Not Found for url: https://api.polygon.io/v3/trades/options/TSLA?limit=2000&apiKey=yBvjEbOtJIKJghRd76ZFAHPX8VbkeeAq
2025-10-07 01:11:19,793 [INFO] Job "main.<locals>.<lambda> (trigger: interval[0:15:00], next run at: 2025-10-07 01:26:19 EDT)" executed successfully
2025-10-07 01:34:32,470 [WARNING] Run time of job "main.<locals>.<lambda> (trigger: interval[0:15:00], next run at: 2025-10-07 01:41:19 EDT)" was missed by 0:08:13.100047
2025-10-07 07:00:32,755 [WARNING] Run time of job "main.<locals>.<lambda> (trigger: interval[0:15:00], next run at: 2025-10-07 07:11:19 EDT)" was missed by 0:04:13.384777
2025-10-07 16:09:23,315 [WARNING] Run time of job "main.<locals>.<lambda> (trigger: interval[0:15:00], next run at: 2025-10-07 16:11:19 EDT)" was missed by 0:13:03.944548
2025-10-07 16:23:09,849 [WARNING] Run time of job "main.<locals>.<lambda> (trigger: interval[0:15:00], next run at: 2025-10-07 16:26:19 EDT)" was missed by 0:11:50.479461
2025-10-07 16:26:19,378 [INFO] Running job "main.<locals>.<lambda> (trigger: interval[0:15:00], next run at: 2025-10-07 16:41:19 EDT)" (scheduled at 2025-10-07 16:26:19.370250-04:00)
2025-10-07 16:26:19,381 [INFO] Fetching trades for ORCL
2025-10-07 16:26:19,496 [ERROR] Error processing symbol ORCL: 404 Client Error: Not Found for url: https://api.polygon.io/v3/trades/options/ORCL?limit=2000&apiKey=yBvjEbOtJIKJghRd76ZFAHPX8VbkeeAq
Traceback (most recent call last):
  File "/Users/saireddykasthuri/options-monitor/options-flow-monitor-e2e.py", line 344, in monitor_once
  File "/Users/saireddykasthuri/options-monitor/options-flow-monitor-e2e.py", line 155, in fetch_trades
  File "/Users/saireddykasthuri/options-monitor/options-flow-monitor-e2e.py", line 97, in fetch_options_trades_polygon
    except (KeyboardInterrupt, SystemExit):
    ^^^^^^^^^^^^^^^^
  File "/Users/saireddykasthuri/options-monitor/venv/lib/python3.13/site-packages/requests/models.py", line 1026, in raise_for_status
    raise HTTPError(http_error_msg, response=self)
requests.exceptions.HTTPError: 404 Client Error: Not Found for url: https://api.polygon.io/v3/trades/options/ORCL?limit=2000&apiKey=yBvjEbOtJIKJghRd76ZFAHPX8VbkeeAq
2025-10-07 16:26:19,500 [INFO] Fetching trades for NBIS
2025-10-07 16:26:19,578 [ERROR] Error processing symbol NBIS: 404 Client Error: Not Found for url: https://api.polygon.io/v3/trades/options/NBIS?limit=2000&apiKey=yBvjEbOtJIKJghRd76ZFAHPX8VbkeeAq
Traceback (most recent call last):
  File "/Users/saireddykasthuri/options-monitor/options-flow-monitor-e2e.py", line 344, in monitor_once
  File "/Users/saireddykasthuri/options-monitor/options-flow-monitor-e2e.py", line 155, in fetch_trades
  File "/Users/saireddykasthuri/options-monitor/options-flow-monitor-e2e.py", line 97, in fetch_options_trades_polygon
    except (KeyboardInterrupt, SystemExit):
    ^^^^^^^^^^^^^^^^
  File "/Users/saireddykasthuri/options-monitor/venv/lib/python3.13/site-packages/requests/models.py", line 1026, in raise_for_status
    raise HTTPError(http_error_msg, response=self)
requests.exceptions.HTTPError: 404 Client Error: Not Found for url: https://api.polygon.io/v3/trades/options/NBIS?limit=2000&apiKey=yBvjEbOtJIKJghRd76ZFAHPX8VbkeeAq
2025-10-07 16:26:19,582 [INFO] Fetching trades for AAPL
2025-10-07 16:26:19,664 [ERROR] Error processing symbol AAPL: 404 Client Error: Not Found for url: https://api.polygon.io/v3/trades/options/AAPL?limit=2000&apiKey=yBvjEbOtJIKJghRd76ZFAHPX8VbkeeAq
Traceback (most recent call last):
  File "/Users/saireddykasthuri/options-monitor/options-flow-monitor-e2e.py", line 344, in monitor_once
  File "/Users/saireddykasthuri/options-monitor/options-flow-monitor-e2e.py", line 155, in fetch_trades
  File "/Users/saireddykasthuri/options-monitor/options-flow-monitor-e2e.py", line 97, in fetch_options_trades_polygon
    except (KeyboardInterrupt, SystemExit):
    ^^^^^^^^^^^^^^^^
  File "/Users/saireddykasthuri/options-monitor/venv/lib/python3.13/site-packages/requests/models.py", line 1026, in raise_for_status
    raise HTTPError(http_error_msg, response=self)
requests.exceptions.HTTPError: 404 Client Error: Not Found for url: https://api.polygon.io/v3/trades/options/AAPL?limit=2000&apiKey=yBvjEbOtJIKJghRd76ZFAHPX8VbkeeAq
2025-10-07 16:26:19,667 [INFO] Fetching trades for TSLA
2025-10-07 16:26:19,761 [ERROR] Error processing symbol TSLA: 404 Client Error: Not Found for url: https://api.polygon.io/v3/trades/options/TSLA?limit=2000&apiKey=yBvjEbOtJIKJghRd76ZFAHPX8VbkeeAq
Traceback (most recent call last):
  File "/Users/saireddykasthuri/options-monitor/options-flow-monitor-e2e.py", line 344, in monitor_once
  File "/Users/saireddykasthuri/options-monitor/options-flow-monitor-e2e.py", line 155, in fetch_trades
  File "/Users/saireddykasthuri/options-monitor/options-flow-monitor-e2e.py", line 97, in fetch_options_trades_polygon
    except (KeyboardInterrupt, SystemExit):
    ^^^^^^^^^^^^^^^^
  File "/Users/saireddykasthuri/options-monitor/venv/lib/python3.13/site-packages/requests/models.py", line 1026, in raise_for_status
    raise HTTPError(http_error_msg, response=self)
requests.exceptions.HTTPError: 404 Client Error: Not Found for url: https://api.polygon.io/v3/trades/options/TSLA?limit=2000&apiKey=yBvjEbOtJIKJghRd76ZFAHPX8VbkeeAq
2025-10-07 16:26:19,766 [INFO] Job "main.<locals>.<lambda> (trigger: interval[0:15:00], next run at: 2025-10-07 16:41:19 EDT)" executed successfully
2025-10-07 16:50:44,459 [WARNING] Run time of job "main.<locals>.<lambda> (trigger: interval[0:15:00], next run at: 2025-10-07 16:56:19 EDT)" was missed by 0:09:25.089199
2025-10-07 17:00:43,763 [WARNING] Run time of job "main.<locals>.<lambda> (trigger: interval[0:15:00], next run at: 2025-10-07 17:11:19 EDT)" was missed by 0:04:24.393072
